comment_id,komentar,cluster
17969564636959383,"Maaf nanya agak gak paham min , ini harga untuk pemasangan pdam kan min?",502
17861299593523751,Maw rame nih kdm min,521
18099012427673731,"Min, PDAM Jalan Gresik mati. Gimana ini?",333
18079780751119659,"petugas wilayah ploso timur 3b itu tolong di SP ....udah beberapa kali cara cek airnya itu macam preman ,cara ngetuk pagar ugal2an,bawa kayu pentungan macam preman ,naik pagar tetangga depan saya ,",114
18105870148620168,udah beberapa kali ngirim komplain langsung harusnya udah dipecat itu petugas,877
17891462820349844,"knp PDAM air 3 hati kecil ngalirnya, tlg di benahi",39
18081902578980188,"@pdamsuryasembada kebraon pak, saya jadi susah beraktivitas",432
18061812683528271,Masih berlaku gak min??,695
18084842993508138,Stelah persyaratan lengkap berapa lama proses pemasangan nya,749
18109465444572512,"Karah kenapa mati lagi airnya???jam segini lho gak ada pemberitahuan!!!
Moso harus tayamum",89
18135874240456520,Saya pengajuan tgl 5 sept. Baru keluar rincian tgl 30 sept.itupun kok 1.750.000. blm saya bayar. Batas byr smp 30 oktober. Knp tdk ikut hrg promo? Pdhal agust smp 30 sept ada promo jg,767
17933216441979408,@pdamsuryasembada saya DM ya kak,607
18530769811009655,Rungkur industri airnya mati,352
18026238395754494,"Pdam airnya keruh,bos",560
18074431199147610,Kertjaya 13c kok mengecil pak airnya tidak seperti biasanya...,698
18054056525645464,Karang menjangan susah air boss🙄,630
18077846408281573,Ini kenapa tagihan pdam melonjak drastiss,964
18361333459082896,PDAM wonorejo rungkut kok mati???,356
17854164321556264,"Min pengaduan kok ga digubris ya. CS cuma iya2 aja tp gaada petugas yg dateng? Air mati udah berhari2 krn meterannya bocor, awalnya ga kenapa2, habis diganti meteran malah bermasalah",901
18107030353607416,"Info gangguan air wilayah babat jerawat bawah, pondok Benowo Indah",930
17950743605904407,"Lapor PDAM, gara2 banyu Ket Jumat jam 9 sampe Iki mau jam 1.45 bengiii lagek nyala, ak terpaksa g turu, howo panasss, badan pliket kabehhh, nyala langsung mandi,  isi semua bak air, umbah2 jam 3 subuhhh. Yahmene lagek ape turu bossss",918
18001560917667584,Katanya perbaikan sudah selesai ? Tapi kenapa air gak nyala. Apa sudah menjadi rutinitas PDAM setiap wekeend air gak nyala ‼️,319
18069617438194442,"Ini jl. Juwingan air nya mati, gak ada info, mohon infonya sampai kapan mati?",335
18076846397137002,Info Sampek tgl brp promo nya,712
18084210139801347,"Karah, air mati lagi knp min. Pas nggak punya air",342
17895459735342967,"Ruwet ........wes mbayar gak dipasang-pasang, wes ,meh sebulan",763
18096771460773983,Mau daftar pasang pdam. Gimana daftarnya.,500
18061043894166410,Knp pdam Air belum normal ini sudah satu mingguan ini😢pagi gak nyala😭 Wonorejo Manukan kulon,313
17915692383071622,"Woeee, lidah kulon banyu ne matek sedinoan",791
18098183989747717,@pdamsuryasembada terus ini ga ada perbaikan?mati mulai kemarin malam lohh,324
17862035121513249,"PDAM YANG TERBAIK, KENAPA AIR SAYA SELALU KERUH DAN BAU NYA KAYAK AIR , AIRNYA BAGUS HANYA DI JAM JAM TERTENTU, SAYA SUDAH PENGAJUAN COMPLAIN TAPI PAS DI CEK AIRNYA BERSIH PAS SAYA ISI DI JAM PAGI AJA SEMISAL AIRNYA BAU KERUH,, GIMANA DONG PDAM, , SAYA HARUS MENGADU KE SIAPA DONG..?? PETUGASNYA MUNGKUN SAMPEK BOSEN TIAP HARI KERUMAH...",921
17986070570888366,KEBRAON BANYUNE MATEEK CAAKKK,424
18375907627199811,Paaakkleekk Kebraon airnya matiii,424
18535044238056913,"kok mati lagi pdam kebraon,dan seperti bisa ga ad pemberitahuan",820
18077103407116272,Di karah airny mati ada ap yaaa....aduuuh efek gorong² ini bikin sedih masak dua minggu ini gantian yo air yo wifi moro mati trus😢,134
18121471204519568,"Saya ngajukan dari tanggal 22 September sampai sekarang masih blm ada pemasangan, sudah 19 hari masih blm ada pemasangan",872
18026508884546362,Padahal kata petugas nya waktu saya ngumpulin berkas menginfokan semingguan untuk pemasangan nya,308
18077195474121687,kebraonnn mati airnyaa pakkk :(((,424
17907711219253922,"Pagi ini air daerah karah mati tidak ada pemberitahuan, ada apa ya ini ?",90
18065666348584248,AIR HAMPIR MATI TIAP HARI GIMANA INI MIN,638
18530498074034799,"Air mati lagi di Wisma Pagesangan, tidak ada pemberitahuan tiba"" mati",86
18161801212382874,"Barusan rumah saya didatangi yg mengaku petugas PDAM dengan tujuan mengganti meteran PDAM, saat saya tanya surat tugas beliau tidak bisaenunjukkan, saya sempat foto orange dan kendaraan , setalah tidak bisa menunjukkan surat tugas mereka langsung pergi dengan alasan terlalu rumit bongkarnya",968
18362591113088101,"Simo tambaan tadi barusan mertua didatangi petugas abal"" disuruh ganti meteran.",900
18152952691413527,"@pdamsuryasembada kenapa meteran masih ok walaupun lama, kenapa harus ganti segala?",723
18004085945660097,"@pdamsuryasembada tidak ada petugas yg datang buat cek meteran, nanti selalu yg disalahkan pelanggan 😂",897
18226069282306472,@ericahyadi_ mohon dibantu pak PDAM wilayah kebraon dst air tidak mengalir dari tgl 1/10/2025 jm 8 malam smpe pagi ini dan itu sering terjadi tidak ada kompensasi air tangki,910
18058748864163076,"Wayahe budal Sekolah, Budal Kerjo, malah PDAM mati. Daerah Pondok Maritim, Kel.Balas Klumprik",944
18286851640281675,"Daerah gading karya ben isuk mati banyune, sore yo mati 🙏🏼",652
18093033628696878,Sore sampai malam air mati. Daerah komplek TNI AL JUANDA. Menyusahkan,795
18077801570318775,@pdamsuryasembada belum juga keluar air. Gimana ini,268
18490353283070055,"@pdamsuryasembada komplek TNI AL JUANDA. DARI KEMARIN SORE KAMI TIDAK ADA AIR. MAU SEKOLAH, MAU KE KANTOR.",796
18063043208108655,Air di kebraon hari ini mati lagi tp tidak ada informasi sm sekali petugas @pdamsuryasembada,94
18078713006078567,"Hari ini pagi PDAM di kebraon gang sekolahan mati ... Sejak perbaikan di gang tomat kebraon tiap pagi mati dan debit air mengecil mohon ada perbaikan di wilayah sini. Pokoknya sejak saat itu tekanan air di sini berkurang 50% , tiap pagi mati, antara jam 5 sampai jam 8an.",422
18078720602012955,@pdamsuryasembada tidak keluar min tolong sdh 12 jam mati air tandon sdh menipis,658
18535740295009986,Pak hari ini pdam daera panjang jiwo juga mati,355
18076016777166682,@pdamsuryasembada sudah semua sy menghubungi melalui telpon pukul 07.00 WIB tapi sampai siang ini tidak ada petugas yang datang,898
18079219100089734,"Hari senin tgl 06 okt, baru kemarin, petugas PDAM datang ganti meteran baru..tapi setelah diganti, knp meteran sering gerak, padahal kran air nutup semua. Lokasi kedung baruk/rungkut",902
18323463019209062,@pdamsuryasembada alhamdulilah sudah selesai permasalahannya ada petugas perbaikan pipa bocor dekat lokasi terima kasih banyak,469
18121658413504743,"Selamat pagi PDAM, 3 hari berturut turut PDAM di GAYUNG KEBONSARI DALAM NO.3 PAGI TIDAK KELUAR AIRNYA, NANTI AIR MENGALIR BARU SIANG JAM 10, MOHON INFONYA DAN BANTUAN NYA",53
17884231563260811,"@pdamsuryasembada , selesai jam berapa ya kak, dan untuk berapa hari lagi selesai pekerjaan nya",147
17943856479060701,Jadwal catat mandiri kenapa tanggal berubah terus? Jadi kepikiran kalau mau pergi ke luar kota.,788
18072163400268706,"Hallo Min, kenapa telpon ke no 0800 192 6666 sibuk terus ya min ?",621
17895175011327973,"Di keterangan nya proses cepat, saya ngumpulin berkas dari tgl 22 September smpai sekarang masih blm ada pemasangan 🙏",873
18041621048689717,Sudah saya kirim pesan kemarin🙏,569
18326222950237621,"Setelah daftar online via aplikasi, biasanya untuk lanjut ke tahap verifikasi dan selanjutnya sampai pemasangan butuh waktu berapa lama min?",106
17860324599517904,"last week someone from PDAM visited the house. My wife handled it. NO paper , nothing. Only the information that the appointment to change the ""meter"" has to be scheduled. Meter is not working. And until now - one week later: no information at all. Service? Yeah - please check what this means. This way has nothing to do with service. :-( 
Do you need more info: please request it via messenger.  Thanks.",128
18086632375760465,@pdamsuryasembada sudah min. T20250005555. Mohon bantuannya min 🙏,760
18164638048377719,"Min, daerah jalan gresik mati PDAMnya. Mohon ditindak lanjuti. Gak ada air sama sekali ini.",334
18532948603002360,Hari ini PDAM mati di wilayah perumahan pondok maritim tapi tdk ada pemberitahuan..bangun tidur SDH mati pet....anak2 dan para pekerja sekolah butuh air buat mandi,942
18296679961284208,Min kenapa setiap pagi air mati area wisma lidah kulon,792
18099790504670990,Sampe jam berapa nyalane,836
18349998190167001,Nyala jam brp pak?😭😭,202
17932692531108850,minnn area dupak masigit belum keluar airnya😢 sudah chat minta tangki air belum ada respon,243
17906404137126432,telpon ke call centre knp gda respon blasa yaa mauk pengaduan kerusakan meteran,9
18205951717314311,@vlntnfbran ada kamu wkwkw,482
18378917239146372,ini sudah selesai kah min proyeknya?,522
17990968865855371,Air pdam jl raya sambikerep kenapa mati lagi ini ?,337
17953277274033546,"@pdamsuryasembada seharusnya ada pemberitahuan dahulu jadi bisa antisipasi , jangan sampai lupa tidak ada pemberitahuan",797
17991195893712608,@pdamsuryasembada makasih infonya min,64
18210096895309802,Keren bgt instalasi ipam ngagel 🔥🔥🔥,508
18107162173547672,Kerenn banget pengolahan IPAM Ngagel 🔥👏,510
18070666100253276,"dang deng dong, ipam ngagel 2 keren banget dong ❤️",509
18080936497863471,🥰🥰 terbaik!,592
18203645662315017,@pdamsuryasembada sama2 Perumda Air Minum terhits 😍🫶,961
18092379643884867,maju terus melayani👏❤️,594
17861019693529163,KERENNN🔥🤩,506
17963197374002782,Selamat Hari Sumpah Pemuda 😍🔥,513
18366762799156940,Bangga jadi pemuda indonesia 🔥,514
17938686824961461,selamat hari sumpah pemudaaa🔥,513
18067788677605832,"born to be proud, raised as Indonesian🇮🇩🔥",743
18093000367865121,Mengalir bersama semangat muda 🔥,212
18046793774400761,selamat hari sumpah pemuda!! 🔥🇮🇩,513
18157196929401640,Selamat hari sumpah pemudaaa 🔥👏,513
18131030701473408,bangga jadi pemuda Indonesia🔥🙌,514
18061814993166888,selamat hari sumpah pemuda 😍🔥,513
17974310363790603,Sumpah Pemuda adalah cermin keberanian anak bangsa untuk bersatu di tengah perbedaan 🔥🙌,976
18085643869754636,Rumah daerah Ptc surabaya barat airnya keruh mulu dari kemaren,771
17860978827515541,🔥🔥nice,523
18072683698998169,Min jambangan air selalu mati. Hari sabtu sampai jam11 siang ini belum nyala loh...bayar iki min,856
18294934450281822,Kak jambangan airnya blm nyala. Katanya cm 2 jam,223
18132343240479224,"Medayu airnya mati, apa ada perbaikan?",323
18555061897032648,"Min, Sambikerep kenapa mati airnya?gada pemberitahuan jg",83
18166358185372823,mati cakkkk banyuku ket isuk adus tayamum sambikerep,477
17922400410174813,Iki kapan air ISO metu neh Nang Sambikerep min budal kerjo gaiso adus banyu gak metu blas,807
17864172762493182,Medokan ayu mati lagi,246
18061784171182976,Area medayu airnya mati,720
18084511372769903,@pdamsuryasembada nyala lagi kapan ya? Kok gak ada pemberitahuan biasanya di status pdam ada pemberitahuan,193
18093973288829602,Tolong dibantu. Pipa saluran air jd bocor sehabis kegiatan warga bersih2 got. Berhari2 lapor dr hari rabu ga ditangani,892
17874666309429453,"Sampai kapan ya Medokan ayu masih mati. Tolong segera di tindak lanjuti, dm ig, chat wa, call center slow respon semua..",11
18199005178318252,"Min ya ampun,medayu utara masa seminggu sekali mati air lagi..Minggu lalu mati,sekarang gini lagi 😢😢Mana ngga ada pemberitahuan lagi 😭😭😭Kaya gini tu ngga ada kompensasi ta min 😭😭😭cape bgt min,tiap ada proyek box culvert mesti mati airnya 😭😭😭",655
17991290132894786,@lindapriskilar kak blm nyala ya airnya? YaaAllaah aku sampe ga tdr nungguin air nyala dr semalam,843
17885073327392015,"@ollaaqmryh iya kak,nyala tengah malam tp cuma di bawah aja,ngga sampai naik ke lantai 2..kebetulan rumahku 2 lantai kak..tempat kakak jg blm keluar ya?",192
18110749267597316,@lindapriskilar aku ga nyala samsek yaaAllaah.. Kakak medayu mana?,203
18343579852206896,"@ollaaqmryh gang 30 kak,belakang sndiri,kebagian airnya belakangan wkwkwk",627
18028878647534652,@lindapriskilar masih mati ya kak?,638
18010630835802244,@ollaaqmryh barusan keluar dikit2 kak tp mati lagi 😢,271
18079239392013881,@pdamsuryasembada semoga cpt selesai ya min😢❤️,623
18086789101745719,@pdamsuryasembada sudah kalo sudah ditanggapin ga mgkin sampai komen ke instagram. Makasih,704
18047212448392517,@pdamsuryasembada sudah pak kemarin tengah MALAM pak jam 00.30. terima kaish,524
18056538404285781,Baru tau sejarah hari listrik😍👏 terimakasih penjelasanya pdam,495
18087953227746125,Sampai saat ini jam 14.55 masih belum menyala jg,836
18047398238389863,"Semoga malam ini mengalir lagi airnya,",205
17877218940329415,@pdamsuryasembada bangil belum min masih metong,639
17901236970297122,Sudah jam segini belum nyala pak 😢,202
17949209007047375,@pdamsuryasembada barusan nyala pak aliran masih kecil. Tidak apa apa yg pntg nyala. Terima kasih pak. Semoga tim perbaikan pipa sehat sll dan di beri keselamatan,121
17983861988864150,Pelayanan Prima Wujud Kerja Nyata 🔥🔥🔥,152
17944979430061961,"Kak Min lapor, warga Gayungsari Barat banyak yg mengeluh air pdam mati/kecil. sepertinya ada pipa yg rusak akibat galian box culvert di perempatan traffic light Gayungsari Barat dalam 2 hari ini. makasih min.",890
17844090240599844,Sehat selalu bapak dan ibu petugas PAM Surya Sembada. Semoga di lancarkan slalu pekerjaannya 🙏🏻😇,957
17872879377364631,"@pdamsuryasembada kak min, kata pihak kontraktor galian box culvert, benar ada pipa rusak di perempatan traffic light jl. gayungsari barat. mohon dibantu, warga sudah banyak yg mengeluh kak min 🙏",891
17898433587317384,Pejuang Air Petugas PAM Surya Sembada Kota Surabaya Kalian Benar2 Luar Biasa.,958
17935726437093405,@pdamsuryasembada siap. matur nuwun sanget atas respon dan bantuan kak min & tim perbaikan/terkait 🙏,754
18089295844820062,Min air di gayungan ada masalah kah ? Kok kecil ya,485
18077869847124904,"sepertinya hari ini sudah tidak ada warga yg mengeluh air pdam-nya mati. berarti, kerusakan telah tertangani. terima kasih banyak @pdamsuryasembada 🙏",316
18093258154849069,Gercep 🙌,625
18513956917069508,terima kasih banyak atas respon & bantuan cepat dari @pdamsuryasembada 🙏,755
17873585526434951,Apa Kebraon ada masalah? Kok air tidak keluar sama sekali. Biasanya jam 17.00an air masih keluar walaupun sangat kecil.,420
18541313479054572,Apakah daerah rungkut mapan kena dampaknya kah?,691
17928731238131195,Mohon fast responnya,626
18190412611334804,Kak bulak rukem timur gak keluar airnya,631
18032521214729731,Terimakasih PDAM,215
18099848635661761,Bulak Rukem timur kena ga min?,632
18032002814518818,"Good, lebih awal ngabarin biar orng2 prepare jgn ky yg sebelumnya. 🙌",779
18116885392477166,"Dukuh setro, Gading dan Lebak berdampak njih Pak",770
18081000821023814,Tambak rejo ga kena ya min?,681
18062721818147428,Semampir aws 4 kecamatan Sukolilo apa jga kena dampaknya mengingat bersebelahan sama Kedung Baruk hanya di batasi kali Brantas,112
18082762603972691,Bulak kenjeran terdampak nggk min,692
18083755499047237,mene onok seng gak duwe banyu @virmameisaroh @yesinovita @andreepras 🤣🤣🤣,483
18111285220567880,@yudaferrymahendra masih ada rumah sapphire kan yak ? ☺️🤭,187
17933950655979362,"@yesinovita rumah sapphire kykny gak ada org, coba ke benowo deh me😌",777
18008273567643650,@virmameisaroh siangnya ke benowo mlmnya ke sapphire biar adil🤭,233
17899914801163078,Bulak banteng kira kira terdampak juga ndak ya?,693
18297878044250848,Kalikepiting apa berdampak min?,689
18080747195042230,Dalam sebulan Iki wes 2x gangguan daerah tambak wedi,728
18072636398248245,@pdamsuryasembada tapi tiap jam 17:00-21:00 mati airnya sudah berbulan-bulan ini,580
18119367652519223,Mantapp baru ngerti saiki 😂😂,48
17858284158537728,"Tambak wedi sampe jam piro min, iki sek mati banyune 😅",374
18046139330672896,Pak bulak rukem mati timur airnya gak keluar,631
17945442285056965,@pdamsuryasembada ok mksih infonya 🙏 pak,64
18120255157525636,"SUKA BANGET MATIIN AIR GA DIINFO,KEBRAON LAGI KEBRAON LAGI. HADEUH",95
18080783024065712,@bitsab34 kyk td ada bongkaran di Madina luhur bu,488
18071164436605837,"@ella_nurlailiyah ya minimal mah diinfo lah bu,inimah engga",65
17974957766939116,Ini hari ini daerah simo gunung dr siang kok mati airnyaaa,668
18110308408519244,Kok hari² mati terus. Kasihan yg usaha laundry kalo air sering mati,364
18051521189326961,Selamat hari dokter😍🔥,567
18092606179875213,selamat hari dokter nasional✨,568
18053381717648304,Yang lidah kulon kapan kira-kira estimasi pekerjaan nya min?,793
18161746819385279,"Maaf mau tyk kok di jln raya bungkal Sambikerep airnya tiba""mati ya tdk info kok tiba""mati",338
17945085525059383,@pdamsuryasembada lossssss ae jarno,525
17930371791076636,Gangguan teruuussss,588
18101576482568448,PBI lagi. Gatel-gatel,398
18045815681690913,Lahh besok mati lagii😢😢Rejosari Benowo sekarang sering mati y,633
18093041326862850,"Knp juga debit air d rumahku sejak pemasangan box culvert jd puelan banget klitir"",,padahal depan rumah sdh selesai dan jg sdh d aspal tp keluare air e bikin jengkel",140
18061288298403247,"Ya Allah, Minggu kmrn udah mati Lo padahal, Jumat ini juga 😢😢👏👏👏",656
18108315190514919,Mati maneh... rajin sekalii mematikan air ini. Mbok ya sekai² air di gratiskan 2 bulan ae gag usah suwi²,357
18032502233514090,Tumaaaaaannn😂,518
18533592880040947,Sememi ojok  mati  min😂,664
18536838547038494,Gpp ta min mosok setiap Minggu onok PDAM mati ngomong.e 1hari engkok sampe 3dino lak GK metu jiaaan kebacuuut PBI Iki onok ae salah banyu.e larang mati mati terus,326
18080430763829882,Ini dampaknya sampai ke Sememi ga min,440
18421992787106188,"Sememi terdampak atau ngga,tolong infonya pls",441
18080656510844944,Palm sememi terdampak ga min? Kok hobine mematikan air ae min min. 😢,442
18101080582724183,"Daerah jl. Kauman baru gg 2 masak tiap hari sabtu/minggu sering mati dan air juga keluarnya kecil.. Sudah lapor di call center katanya ada petugas akan meriksa tapi tidak datang"" Pak pada hari minggu pagi.. Mohon untuk perhatiannya pak.. @pdamsuryasembada  trima kasih 🙏",894
17850994404571952,"Minta tolong untuk respon PDAM yg cepat, warga tidak punya air 2 hari. Laporan 5 kali, blm ada petugas PDAM yang kerumah",947
17959082567859301,Makasih min udah diinfo terlebih dahulu,64
18105042478625061,pbi mbendino minn lak iki,737
18104760721552699,sememi mati neh ?,664
18057357041633756,"Hobi matiin air, kompensasi air gratis 1 bulan😂😂😂😂",358
18182077831349859,Griya citra asri termasuk tdk.. Mudah mudahan tdk terdampak...,511
17880017337410868,"Sekalian saja,gak usah ada pdam,drpd pasang pdam makan angin",503
17922478806176525,Seminggu sekali yoo😂,302
18089446903917494,Info daerah mana yg jarang airnya mati? Tak pindah sekalian cari kontrakan 😂😂,76
18062648279528380,Kapan nyalanya ini?,202
18045784253404575,"Sek wingi loh mati saiki mati maneh  nemen  nemen,,,tak adus banyu peceren ae",478
18053329196311708,"Hidupp PDAM , hiduppppp !!!👏",216
18027715229536855,"Air PDAM jambangan mati min. Jambangan dan sekitarnya dikepung pengerjaan galian gorong"". Sampai kapan air normal meresahkan pelanggan. Bayar juga mahal ini",6
18056491253256954,mati terus...,638
17945926539059272,"Karah mati terus dr subuh
Kapan myalaaa",849
18154014199410387,Horeee.....mati lagi airmya...ancen joss tenan @pdamsuryasembada,669
18082074553955089,Sememi ga terdampak ya,438
18083215774950491,Llo kendung kena lagi😢😂😂😂,713
18163643482378928,Kerjo gk mesisan b2,148
18075138893178120,apakah kandangan terkena dampaknyaa minnn??,736
18093997669768597,Ntar debit airnya balikin normal ya min @pdamsuryasembada jangan dikecilin lagi,263
18531040096038725,@pdamsuryasembada klo sudah tau ada pipa PDAM y jangan dkeruk min. Klo bayar.e telat kena denda. Tp air sering mati,938
18094593022648112,Hobi banget matiin air ya min...2 hari sekali...bikin jadwalnya sekalian untuk sebulan🥲🥲🥲,389
18131380753464261,wih ngeri!,526
17991482150847788,😍😍😍😍Keren😍😍😍😍,506
18087677362906424,Hbddd pak wowo😍,527
17955204410882236,"Min, tolong cek DM",496
18066312293368191,mohon dibantu cek dm kak @pdamsuryasembada,758
18047080961657307,Maaf maksud nya bagaimana? Ini akhirnya pipa PDAM yg pecah ya?,965
18070359068214645,"Lah terus opo iku, Gak jelas",694
18078709234845318,Kalau memang bukan pipa PDAM kenapa di posting? Biar pihak wewenang saja yg menganalisa dan memberi info,971
18057779882200182,Tapi logika lek pipa Pertamina gak mungkin juga nng Jero sungai lagian kan sungai kan pasti opo mengerikan terus 😢 opo Iyo iku,781
18062376551129462,lapindo,565
17890869627224749,Trus ini apaan yg nyembur??,520
18066337295363764,Sepertinya retakan kerak bumi yg mengakibatkan munculnya gas ke permukaan,787
18030126947718950,info pipa PGN bocor...,68
17961192495003708,"Berdasarkan pencarian di Google dengan kata kunci ""Daerah bekas tambang minyak di Surabaya zaman Belanda"", Gunung Anyar termasuk salah satu daerah yang dimaksud. Adapun daerah Kutisari pernah ada semburan pada 2019 (https://www.suarasurabaya.net/kelanakota/2019/pengamat-semburan-di-kutisari-bekas-pengeboran-minyak/). Kemungkinan hal serupa terjadi kali ini, tetapi ini perlu penyelidikan lebih lanjut dari instansi terkait. Semoga investigasi bisa dilakukan segera.",985
18105466465617891,@iezmha_cemun katanya PGN bukan juga koq kak,683
17877187929422314,"Kenapa Air PDAM di wilayah Surabaya utara akhir akhir ini airnya keruh dan bau, ohon untuk ditindaklanjuti. Terima kasih",912
17983454774912531,"@pdamsuryasembada nah betul ini, tolong sudah hampir seminggu ini air nya keruh",303
18064347650621481,@pdamsuryasembada semoga tidak ada yang membahayakan 🤲🤲🤲,604
18064144109103687,Deket banget sama rumahku nih,188
18026970101741892,"Keingat Lapindo 😮,, Surabaya akan kah menjadi 😢",566
18066826565060951,Sekarang apakah masih menyembur Min?,520
18047998718668880,Jikalau ada kebutuhan pipa hdpe atau aksesoris Hdpe bisa langsung hubungi saya via WhatsApp ya pak 🙏🏻 081260410057,291
18061204286453843,@pdamsuryasembada jam brpa ya pak? Krna smpe skrng ini msih blum nyala,202
17962191959995324,"Keterlaluan sih min, jangan bohong ih. Capek udah di bohongjn terus. Kok mimin jg gitu ya? Airnya mana tooloooooooonnngggg @pdamsuryasembada",739
17855674134545706,"Masa orang suruh puasa nahan gk pake air. Astagfirullah,  ini bayar loh . Gak ikhlas ya bayar air mahal² tapi kayak gini miiiinnnnnn",281
18060896552154719,"pak @ericahyadi_ tolong di tindak lanjuti PDAM area PBI mati sudah berhari2.. sebulan sudah beberapa kali perbaikan dan banyak merugikan masyarakat,, air kebutuhan utama tp kok mati2 terus.. tidak semua warga punya tandon dan tidak semua warga punya sumur,, ini matinya berhari2 belum selesai juga.. tolong ditindaklanjuti @ericahyadi_ @cakj1 @pdamsuryasembada_..",365
18529828558060600,@pdamsuryasembada berapa lama min? Jam segini kesempatan ngisi tandon tapi gaada air yang ngalir 😇🤗,239
18532465153006187,@pdamsuryasembada iya terimakasih.. semoga besok tidak mati dan kecil lg airnya. krn bak kamar mandi saya alias jeding ku banyue wes ngoret meh entek,177
18025584503559980,Responnya kalau udah nyala nanti ups,218
18096002401761678,"@pdamsuryasembada Halah ak telp 4 x jawaban sama terusss dilaporkan ke pihak terkait, ini di kerjakan apa enggak sebenernya??? D telp 4 x jawaban template. Pak Ery @ericahyadi_ tolong Pak warga PBI air g keluar dari jam 9 malam, khususnya yg g pake Sanyo sama sekali g keluar Pak, setetes pun g keluar. Sebenernya sudah 1 bulanan, tapi malam jam 7 - 5 subuh masih nyala. Hari ini kebacutttt dr kemaren malam sampe detik ini g keluar. Tolong Pak Ery @ericahyadi_ 🙏🙏",359
18082682375086749,heh gurung metu banyumu iki ndek sememi tamansari .mosok kekeringan fakk,276
18130346608477396,Ini kapan nyala airnya sattt..,202
18089877040912356,"Warga yang tinggal di Kedinding Tengah Baru XI juga mengalami hal yang tidak menyenangkan. Dulu air pdam selalu keluar kapan pun saat dibutuhkan. Kemudian tidak keluar saat siang hari saja. Akhir-akhir ini malah hanya keluar malam hari saja. Contoh pagi ini (Minggu, 19 Oktober 2025), saat awal mencuci pakaian air keluar normal. Di tengah kegiatan mencuci belum selesai, tiba² air tidak mengalir. Padahal, air pdam di rumah disedot dengan pompa air. Tetangga dan saya sudah rutin melakukan pengaduan. Petugas datang, ditangani namun setelah itu tak ada perubahan. Bayar bulanan rutin tapi pelayanan mengecewakan.",314
18088490732501422,Info Sememi sudah keluar belum ya soalnya skrg lg ngungsi,273
18065037599095787,Info sememi sdh keluar blm ya soalnya skrg lg ngungsi,273
18535071661040999,Sekarang sdh nyala belum ya? Soalnya masih ngungsi,207
18535357255010166,Sememi sdh nyala blm skrg?,449
18024957263564499,@refyrahma udh kluar smlam,269
18087053696494370,"Kak, sememi sdh nyala blm?",449
18093960055838509,Info dong skrg sudah nyala apa belum ya,447
18321792469209511,Info dong skrg sdh nyala atau blm ya,447
18048269132662269,Info dong sememi sdh nyala blm skrg,448
18101820334651782,@refyrahma sudah normal kak,519
18090253588683553,Info dong sememi sdh keluar blm ya,274
17928605685108123,Gaoleh masak ta iki cak,528
17989903430715333,"@riadisugeng petugasnya gak punya solusi. Jawaban template biasanya menyalahkan sambungan pipa di rumah lah, tersumbat lah. Padahal logikanya kalo tersumbat kan berarti airnya ga keluar samsek. Lha ini airnya keluar cuma malem tok  biasanya, gak logis",115
18032749931719931,"@rickychen_as up up, ayo di eval pdam nya ini @ericahyadi_ @cakj1",962
17951044163905651,@refyrahma udahh kk,529
18426848032107315,@refyrahma sdh nyala mba,202
17960794388995877,min ini yakin min pbi masih mati airnya? keroken min,400
17884966725388075,"@pdamsuryasembada tdi pagi keluar tapi debit air SANGAAATT KECIL, sekarang sudah mati lagi. Toloooonglah min mosok debit air semakin kecil kasian warga yg ga pnya tandon air & sanyo. Usahakan debit air PDAM di buka lbih besar lgi",260
18143005684427072,@pdamsuryasembada area PBI,397
18079524815092528,"Min? Lagi? 🙂 Di tempat yang sama, 2x dalam sebulan? 🙂",581
17897909658317753,@natnu.tt Podo mati lagii,638
18204142522314006,@refyrahma sdh dr td malam cuma sampe siang td msh kecil keluarnya.,256
18313769131173744,@pdamsuryasembada nyala sih.. tp kecil dan ditempat kran yg rendah. tidak bisa mengalir jika di kran kamar mandi,174
18083476291947750,"min area pbi masi belom nyala airnya seharian, gimana ini min? kapan normalisasi airnya bagian pbi? janjinya 8 jam pengerjaan!!",182
18100564960658082,"@pdamsuryasembada terus jam brp nyala nya? Baru brp bulan lalu perbaikan skrng perbaikan lagi, iya kalau stok air kalau gak  ada gmn?",51
17961877184995544,@pdamsuryasembada free ga min apa bayar inii,761
18101134873652637,@dprd_surabaya @ericahyadi_ kerjo kerjo,147
18084795065480968,Ayo min kapan nyala airnya diwilayah sumberrejo pakal,234
18048385793364804,Kapan ini nyalanya min,202
17950087488020175,PBI belum keluar airnya min. Katanya pengerjaan 8 jam. Ini sudah 24 jam air tidak keluar.,394
17857781859537412,"Astagfirullah, halooo min apa ada kabar airnya? Airnya apakah sudah mengalir? Estimasi ±8 jam tidak akurat ya?? Gabisa berkata² lagii.. 😢",241
17891756754349490,"@pdamsuryasembada haloo min, apakah sudah ada pergerakan airnya mengalir? Kamar mandi sampe kering tandus kayak tanah yg gk pernah kena air hehehhe😂",178
18157895437389425,Manukan tgl 18 okt jam 20.54 mati lagi...gimana ini,351
18082911478989171,"@wii1i telp PDAM ya jawaban g jelasss, sampe telp 3 x pancettt ae, pake nanya apa d rumah ibu aja yg kendala air, pdahal ya sak komplek, d Ig ya wes rame laporan, pura2 gtw atau gmn. Nemeeeeen e seharian g nyala blasssss",933
18031948481739625,"Isuk sampe bengi g nyala2. Bulan ini nemeeeen air nyalane bengi tok jam 7 an - 5 pagi. Ehhh hari ini tambah nemen e kebangetan mulai isuk sampe jam segini g nyala blasss, setetes pun gdaa, kran drtd bukaaaa, ak sampe g Isa masak, g mandi, g korah2, g bersih2",369
18159892837353823,"Min area GBI/PBI iki sedinoan bleng ga nyala, isuk sampe bengi kran ku gametu banyu blas. Sabtu sabtu maleh gaisok lapo lapo.",183
18062117855568222,@diska_kristiani yow wes ngeneh iki kerjaan e bumd sama bumn jarang ada beres. Apalagi kalau wes monopoli. Sak karep e dewe kalau kerja,154
17885064999402670,@pdamsuryasembada gitu ngakunya tadi jam 10 pagi pengerjaan sudah selesai. Saya jam 1 lewat masih dikerjakan. Dan sampai sekarang belum ada normalisasi.,489
18059434946567841,"kon iku denda semangat giliran banyu mati lemot, kendung grong onk sebulan dibenakno kok yo wes benakno maneh",133
17866792941398427,@pdamsuryasembada molor lagi min2 tolong lah malam iniharus nyala atau tagihannya gak tak bayar,238
18066491411344482,@pdamsuryasembada belum nyala ya,202
18046679147659719,Pondok benowo indah kapan keluar air nya,923
17949885048020865,@pdamsuryasembada halo min ini apa masih mati ya kok daerah sememi masih blm bisa,665
17944723953057642,Bangeteeeeennnn sek drumg nyalaa,582
18081162812098276,Sampai sore ini belum nyala airnya,836
17891089599356321,Air daerah benowo belum nyala gimana ini @pdamsuryasembada,231
18062579717610388,@pdamsuryasembada tapi kok masih belum ngalir,202
17960209488006562,Terpantau sampe set 5 sore di PBI belum nyala min airnya 😢,839
17896036806300518,Sampai sore ini masih blm ngalir pakal benowo,229
18360377662091236,@embeecks.eblast gak tau ados ae komen cak 😂,613
18361828162084856,Selamat sore bapak ngadimin @pdamsuryasembada yg terhormat sampe sore hari ini air di wilayah surabaya barat sekitaran sememi sampe pondok benowo indah masih belum mengalir.,931
18332697331227287,Kapan mengalirnya... katanya estimasi 8 jam...ini udah lebih lho...lain kali kalo kasih info jangan mepet waktunya,58
18091230886678165,"Ini seharian tidak bisa melakukan aktivitas MCK bapak. Mohon di follow up untuk pengerjaannya supaya tidak berlarut terlalu lama, kasihan yg rumahnya tidak memakai tandon, jikapun ada pasti juga habis kalo seharian.",882
17897878590322144,"Kapan nyala ini, ya ampun",208
17890832244224938,"Air nya belom nyala, yaapa see minn",738
17910115047237882,"TOLONG LAHH MINN, INI GIMANA SEMEMI AIRNYA GA NYALA SAMA SEKALI, UDAH KEHABISAN AIR",227
18101725618628982,Min ko mati lagi ya,638
17927710530127565,"Jahat banget @pdamsuryasembada katanya estimasi 8 jam, katanya sudah selesai dafi td pagi. Kok sampe sekarang ga nyala. Ga diajarin ta kalo bohong itu dosa. Direksi ne gak pengen evaluasi ta, cek kebacute",242
18306721303223073,Sememi sore ini mati lagi,664
17989218935894796,Sore Min. Skrg Sabtu 18 Okt 2025 jam 17.18.. Permisi apakah pengerjaannya blm selesai? Air msh langka sekali di lingkungan saya Sememi Baru. Minta tlg di maksimalkan agar lancar kembali seperti sblumnya.. Makasih,157
18362604748088284,Tadi siang udah nyala tapi kecil bangett. Ehhh sekarang malah mati lagi 😢 maksudnya gimana sih min 😢😢😢,38
18056002532532597,"He min, klakahrejo kok mati maneh ? Niat benakno ta gak jane ?",320
17875635129428657,8 jam tp sampai sekarang juga masih trouble hehehehe,708
17846878884586699,Apa masih perbaikan ya karena sama sekali dirumah airny g keluar,381
18019895210781179,"sampe sekarang sememi masih mati, tolongg dongg",666
18095960395704998,Ini kenapa masak setiap sabtu/minggu PDAM selalu mati daerah kauman baru pak.. Mohon untuk segera ditindak lanjuti.. Meteran tetap jalan tapi air mati.. Trima kasih,895
18024083456758223,@34_abadi sama pak daerah kauman baru juga gitu hampir setiap minggu begini trus 😢,306
18287959090281257,MATI LAGI AIRNYA SEMEMI BARU @pdamsuryasembada,667
18140638405431392,Mati lagi yA air di sememii,664
18083686868510740,"Gimana min air belum keluar sama sekali sampe jam sekarang detik ini. Payah pdam , warga susah",266
18021659186788401,"@nophanophek betul kak mosok kudu mantau teross rekrek, ate masak mantau ate ados yo mantau ngunu a😭",530
18076118249469566,kok matinya malah hari ini ya sabtu-18-10-25 ? area pondok benowo indah kampung buran,928
18067660928340665,GANGUAN TERUS AE JANCOK,588
18153528769404096,Ini kok air kok belom jalan,531
18056943944539453,@pdamsuryasembada aliran darimana? sampai sekarang masih blm nyala woy,836
18081287846054881,"Min air sememi mati maneh loh, tak pikir siang keluar e kecil nti sore bakalan normal lah kok malah mati maneh min , wes umbahan ku mumpuk min , nek mati e sampek besok yo kebangeten min 😢",638
18550675864039281,"Min...awakmu ngomong perbaikan sdh selesai, nyatane banyu nang nggonku durung metu bablas sak tetes, padahal kran tak bukak mulai isuk aku budhal kerjo, sampek saiki aku muleh kerjo bak ku ijek kosong oblong²...",883
18153087826405521,Min banyue sek durung nyala ta..aku Sampek ngungsi nak omah e wongtuoku maneh 😂@pdamsuryasembada_,191
18072931006954507,Min...koen nek butuh kerja bakti warga gawe mbenakno pipo ngomongo. Kurang akeh ta pegawaimu kok banyu sampek saiki durung mili??? @pdamsuryasembada,156
18101522434711384,"Daaaaaaannnn.... kenyataan d lapangan air belum metuuuu, stok banyu wes menipissssssss miiinnn. Ngunui garai tagihan malah entek wakeehh taalaaaahh😢",280
17974426250947266,@pdamsuryasembada sdh aku kirim di dm min,608
17859678114530623,@agung_lintank oalah... Aku baru tau kalo sampe kebarat pak tak kira mungkin mentok benowo,817
18062054927535417,@pdamsuryasembada wah bohong si admin.. padahal dilapangan masih proses,740
17947195533063458,"@pdamsuryasembada halo haloo cak neng pak bu... Infonya yaopo iki jare tgl 17tok (+-) 8jam, iki wes tgl 18 wes jam yahene kok gak onok banyu. Nobar kecut kabeh iki bos...",69
18100129621644382,@pdamsuryasembada min membuang angin iki ngentut ngono ta? Dari pagi dorong adus min ngadimin... Korahan dan kumbahan numpuk awak lebus nobar pliket kabeh.,283
18115761232476985,@embeecks.eblast adus banyu logo ae komen ae.. 😂😂😂😂,702
18298211047284078,"Sememi  skg kok langganan sih min, belum sebulan lapor skg mati lg  didaerah saya sememi. 😢😢😢",390
18117044941474212,Kapan nyala airnya pak sampek sekarang kok belum keluar ya,837
18049398128651726,Kok tempat saya belum nyala ya pak. Katanya perbaikan sdh selesai?,585
18096599587814485,Saya daerah sememi,439
18368720515154143,Sidorejo pakal airnya belum nyala nihhh min. Gimana ?? Sudah Wa jg gk ada tanggapan,7
18147178654425214,Wah parah sebelum perbaikan air saja uda kecil sekali dan susah keluarnya di rumah warga,265
18108340861583322,Air mulai jam 4 subuh sampe sekarang gak ada keluar sama sekali payah,267
18203794714314761,"Parah pdam skrg . Air hanya jam tertentu saja keluar nya , itu pun kecil debit air nya",254
18096744649688481,@pdamsuryasembada msh blm nyala loh min:(,202
17884119642390693,@pdamsuryasembada pagi ini air belum mengalir 😢,202
18401783569193222,@pdamsuryasembada udahh min barusan nyala,204
18488906542077696,sememi masihh mati airnya😭😭,664
18099706891724251,@pdamsuryasembada oke min terima kasih infonya,66
18000988205819664,"@lee_chamoomilee bener Bu,saya paham banget kekesalannya ibu.td pagi juga saya telp ke call center,saya blg infonya kan tgl 15 perbaikannya kok bs smpe tgl 17.jawabannya saya harus rajin² cek instagram pdam biar ada info 😂😂 hahahaha",934
18104806975714690,"Min.. Jarene perbaikan e wes mari, tapi ng omahku di Jl sidorejo pakal banyu ne sampek saiiki  jam 10.33 sek mati😢",823
18106716601607625,"opo iki pbi gak nyala, tambah gak tak bayar iki banyumu",402
18092945926831675,@pdamsuryasembada mana ada belum nyalah kauman,486
18073794311162439,"ini gimana min ya Allah dr tgl 15 nank gak nyala blas ki pie min , air sumber khidupan min msok kon beli galon trus buat mandi bab dll tyus yg klga nya byak kyak saya kek opo min byak anak kecil dan balita jga yg sangat"" btuh air sewaktu"" 😢",13
18531470236058381,Omahku bandarejo wes seminggu banyu metu e cuilikkk bahkan gag kadang gag metu blasss. Sumpah kebacut suwi² pdam,977
18025046813751192,11.28 sememi baru belum nyala. Hampir 15jam hadehhhh,450
17882062287401565,Sampai skrg belum nyala ya,836
18120405424509478,Piye min.. Kok durung nyala ae banyu ne di sidorejo pakal.. Call  center WA di chat tapi masih diproses ae.. Stok banyu ku wes menipis iki😢... Tolong direspon min..,8
17965353650982792,Di dreaming land pondok Benowo indah tidak nyala apakah masih perbaikan???,929
18331132384234584,PBI kok sebagian ad yg nyala sebagian mati? Masih belum lancarkah airinya?,406
17944201061935722,Kandangan blm nyalaaaa!!! Mau sampe kapaaan yaaallaaaaah yarobiiiiiii,838
17921984472167955,masih blm nyala min smpe skrg @pdamsuryasembada,202
18368887291155112,"Selamat siang @pdamsuryasembada hingga saat ini air di wilayah PBI belum ada yang keluar, saya sudah kecut bapak belum mandi weteng mules sisan. Mohon untuk di followup bapak biar pada mandi orang2. Trimakasih.",284
17988629564724221,Wes nyalah ta?,202
18099870763725974,Sudah normal apa belum,519
18097626493670886,"@pdamsuryasembada PBI sampai sekarang belum nyala minta tolong penanganan nya,gak nduwe banyu blas min",840
18069746699037494,@pdamsuryasembada seng cedek daerah bandarejo bgian ats.ae drung metu min...iki normalisasi btuh berapa jam min...tlng min iki sak no bayi ne...min.,245
17937715655962585,Daerah bandarsari blm nyala. Sempat nyala dpt stgh baskom airnya butek😢,46
18395034541193841,Aduuuuh wes howoe panas tambah banyu mati 😢,457
18059127251613996,Panase ngene kq terus olehe dandani... Menyala 🔥🔥🔥,221
17870659788374659,@pdamsuryasembada Kok belum nyala sampai sekarang ya? Area Sememi,445
18102729007722711,@pdamsuryasembada masih belum keluar airnya di PBI,395
17888114631364570,"Area sememi kok belum nyala ya airnya,, gmna ini",446
18291553744257061,"@lee_chamoomilee bner infonya mepet bgt,, dan skrng khabisan air blum nyala2",59
17983718606866144,"@pdamsuryasembada tlong responnyaa,,area sememi blum nyala ini airnyaaa",220
18111144346564253,"@shasa.cong iyaa kak, saya juga di sememi belum nyala 😢",449
17957415663005698,@pdamsuryasembada Sampai jam sore ini di rmh saya tdk ngalir sama sekali,185
18062032847138824,"@wii1i iya kak, barusan aku lewat depan kendung kaya masi diperbaiki gt, apanya yg udah selesai😒",716
18129507613468797,"@yolandaayurotania nggih leres, sebelumnya debit airnya lumayan besar tapi akhir2 ini kecil lagi 🥲",262
18053051951317283,@wildanrobih belum keluar airnya @pdamsuryasembada,268
18296266057254511,"Sampai detik ini,area Pondok Benowo Indah air belum keluar setetes pun",924
18152249533407561,"Absen min sememi belum keluar air , dr pagi blm mandi ini",277
18097531753665869,Waduh airnya mati lg 😞😞,638
18071625608250212,Bukannya kemarin habis perbaikan kok bocor lagi min 😢parah,472
17984409890912125,Pas d bungkal sering mati. Pindah kandangan kena juga wkwkkwk serah ahh,391
17928350625127665,"setiap Pagi dari kemarin belum selesai"" sampai sekarang di PBI? Mati TOTAL meskipun pakai sanyo tetap aja. Kenapa harus pagi woy..pagi aktivitas nya banyak @pdamsuryasembada KENAPA HARUS PAGI???? 😡😡😡😡😡🤬🤬",810
17902197129145231,"kapan nyala airnya min, kita ada hajatan malah susah cari air",195
17863147800492849,Tiwas keturon aku wisan gk nads banyu min😂😂,615
18018790949600936,Wingi twas nampung gg mati saiki matii maneh tak kiro gg matii maneh tibake mati jan jan nyorokno tok,423
17902114149145463,Skrg jadi sering mati air .. heran deeehhh .. tlg segera diselesaikan,296
17922050709166141,"pakkk segera selesaikan tolong , udah hawa panas pak air kurang kita mepet air sudah😢",463
17851819092529345,Nantik selesai 2 hari lagi info terjadi bocor lagi kedalaman 900m karna box petric klepret. Selesai estimasi 5 jam terus bocor lagi daerah beji dengan kedalaman 1000m 😂😂😂😂,103
18096612256689076,"Woooyyy.!!!! Kerja itu terjadwal gitu lohh.!!! Info dadakan banyu mati, woro2 nang status IG, mbo kiro kene ikki dulinan IG teros tah??? Ndeloki IGmu teros????",532
17922723840155362,Mau sampe jmbrp gusti allaaaah,709
18107112148524233,"Pak panas panas ngene banyu mati, yaopo ngene iki",459
17849067111578041,@pdamsuryasembada yakin? Awas kalau molor. Ini dari janji 8 jam sudah molor jauh,628
18051996818329249,"Sakjane sakdurunge onok perbaikan iku di delok sek warga.e onok sing duwe hajat ta gak? Di data lek perlu gak angger ae wayahe wong turu di pateni banyune...wes2 tambah mrene onoooook ae sing di bongkar pasang, wes koyok roblox iku lo ngerti gak?",482
18056491877542341,@pdamsuryasembada wes mari ta? Kene panas2 malah di potan pateni ae...,679
17916530898195412,teman2 yg di sememi apakah airnya sdh nyala?,451
18315476437170936,"@pdamsuryasembada hawa sdah panas, air mati pula. Semoga tdk sering lagi 😢",458
18298780672270587,"Hemtalah, lek dendo ae langsung gercep 🔥 lek mbenakno pipo bolak balek 🙏🏻🙏🏻🙏🏻 tulung lek ndandakno seng bener. Ojok bolak balik, karena air itu kebutuhan vital min 😢",879
18095790592702113,@pdamsuryasembada pbi blm nyala min,831
18086940310939456,"min, bandarejo sememi airnya masih mati dari tadi pagi min. kapan selesai perbaikannyaa",443
18167866231370099,Sememi masih mati min,664
18096515071771909,"MINNNNN, bandarejo sememi airnyaaa masih matii daritadi pagiii min. kapan nyalahnya iniii",444
18485794660076468,@mega55639 sulit,563
18169940827365525,"Sebulan ini kok gangguan terus daerah sini. Pipa bocor 3 kali, pemadaman rumah pompa 1 kali.",125
18028898591725446,"Hallo min, ini kayaknya dari dulu alasan perbaikan pipa 450mm yang bocor terus. Ini bagaimana min? Bener-bener mengecewakan. Selalu pas weekend, dan selalu menginformasikan pas kejadian.",129
18059463020394480,"Pak benowo tempatku kalau nyala cuma siang smaa malam, ditambah perbaikan lagi yek opoo",232
18296456557267226,@mega55639 kalau tulisannya 8 jam itu mohon diartikan 48 jam. Dasar memang kalau punya pemerintah ga bisa kerja bener.,869
18093301732692079,@pdamsuryasembada mati total PBI dari jam 7 malam.,403
18294754240268562,bayar telat dendo tpi lek mati serentak minta maaff,935
18022622252762728,@mochyusufghanii lek mati iku bayare ojk dendo,936
18142005292442672,seng duwe gawe bingung karepe dewe. ngene iki kudune tagihan banyu didiskon 80% ae ben g merugikan warga 😂,870
17919660822178610,Lealaaa mati sampai sekarang belum hidup mau ne Apa sih PDAM ini,852
18095303860769755,"Klakah Rejo ikut mati, matiin terusss, perbaikan terusss. Info malam pas jam istirahat, bangun-bangun air sudah mati total, ga semua rumah punya tandon air. Nyusahin banget sihh🔥",638
18321841948242314,@nyomudkecil_ laiyaa kalo ngomong guampang yaa kak menampung. Menampung apaa air hujan ta ? Wong ya lagi musim kemarau gini. Lagi pula minta kiriman pasokan air pun kudu banyak warga juga yang mau gak segampang itu Hadehhhh PDAM oh PDAM kalo soal tarif naik dan denda telat no 1,941
18069522929258520,"Waktue wong prei kerjo , kumpul kabeh nang omah , banyu mati, 😂 anjaaayyy lah 😢",385
18093081451639997,Yamene sek matii aee arep budal kerjo moso ga aduss min😢,805
18059682566534439,Efek turu ket sore saiki  gak  nduwe  banyu  min 😂,616
17922480759036209,"Habis diperbaiki dulu, sekarang lagi, kenapa sih kok giiituuuuu ajaaaa, tolonglah kalau udah selesai diperbaiki, ya udah cukup, jangan malah diperbaiki dan timbul masalah lagi.... Malesin deh jadinya",584
17990672396854350,Maneh ? Jane latah ta pie ?,533
18081701696018479,@pdamsuryasembada kandangan belakang pandansari kenapa ikut kena dampaknya min padahal ada rumah pompa kandangan dan padahal itu buat supply mobil tangki air gratis 😢,110
17924636547153461,Griya Citra asri kenapa PDAM nya ikut mati sih min pagi ini ? Whyyy??,512
18086970448929584,Sampe jm brpa ini,708
18393544828192039,"@ericahyadi_ Kita sebagai warga udah bayar PDAM tepat waktu, kalau kejadian sering seperti ini apa tidak mendapatkan ganti? Apalagi infonya sangat mendadak seperti ini Pak",104
18067068470591508,Libur krja..niat mau nyuci...ehh mati airnya,670
17918450778191250,"Info updatenya min,. Estimasi ±8 jam? Ini sudah lebih dari 8 jam. Ini kota bukan pelosok yg kesusahan air. Apalagi ini bayar bukan GRATIS.",105
18210253855308488,Dibaleni maneeeh...,534
18096485221780749,@pdamsuryasembada gak mati maneh...gak netes blas...adus nang masjid Iki min karo ngajak bayi ne😔😔🙏🏻,170
18531648382036116,@pdamsuryasembada estimasi menyala jam brp ?,206
17921626011174291,"@pdamsuryasembada dirumah ada anak kecil 2 org, tdk sempat nandon air krn pengumumannya mendadak, dan sy g sll liat IG nya pdam.",978
17857071183539767,owalah mati maneh.. kok yo pas wayah e onok pesenan pisan 😢😢😢😢,327
17932713792097558,"PBI sampe jam berapa mati , yang kerja suruh cepet",409
18082266889947062,"Mota mati ae anjirrrr, wayahe wong budal kerjo pisan !!!!",144
18054431387295326,@pdamsuryasembada lha jawaban sama kayak komen di bawah kurang 1jam lagi,703
17905530804127871,"Min kalau ngasih pengumuman jgn waktu jam tidur , kalau memang rencana ada perbaikan kasi pengumuman siang nya biar bisa nampung air dulu, kalau kyk gini apa yg bisa di tampung, banyu iler ta min 🤦‍♀️",130
18097536520740694,Terjadi lagi 😢😢pantesan air pagi ini TDK keluar😢😢😢,268
18390181432127812,"Bapak/Ibu PDAM yang terhormat mohon setelah perbaikan selesai debit air di besarkan sperti dulu karena setelah beberapa kali mati karena perbaikan airnya jadi tidak keluar sekalinya keluar itu kecil sekali, pak bu bayangkan di posisi kita yang tidak punya tandon itu mengganggu aktifas rumah tangga sehari",886
18078783910844632,Gangguan tuweros,588
18140487769444500,@pdamsuryasembada kalau seperti ini terus pembayarannya harusnya dpt diskon lho😢,762
18405326566142980,Kulino seh 😢,518
17968795040811454,Call center dan WA dr pagi sampe malem tidak bisa dihubungi .. bagaimana ini? Katanya 24 jam.. 24jam kok sibuk terus tidak ada yg balas,10
17981898395913773,Ya allah sg wingi ae durung mili lakok ketambahan mane ...diperpanjang ta iki critane 😭,742
17878854249303428,@pdamsuryasembada menampung opo sg ditampung pak ...yg gangguan kemarin ae belum nyala loh lakok ini ada gangguan lgi disuruh nampung ?? Nampung anginkah ??? 😭😩,586
17994454325839623,"Bayar e pasti ,air sulit",564
18418455037115563,Bandarejo apa terdampak ya,690
18057080207220675,"Mota matiii ae.... kerjo sekaligus ngunu loooo, merugikan warga ngene iki. Tagihan larang banyu mota matii ae",330
18131049832424325,Mati maneh min😢,638
18062380628384456,@pdamsuryasembada suda wa.. tolong di  cek,610
18058069628220687,pbi selaluu,396
18063036524382581,Tiap weekend kaya gini 🥹,570
18071314541260953,"YaAllah Sememi maneh sememi maneh.. seng wingi ae saiki sek milie icir"" diperpanjang maneh",452
18083193733810885,Manukan air mati lagi mulai 7.30 pagi 17 okt...sampai malam  ini gak nyala...,349
18533168980001582,@pdamsuryasembada Manukan dekat SMA 11,347
18211528144308766,Lagi dan lagi ini PDAM mati mati aja... Hmmmmmmmmmm,354
18021802145775525,"Perasaan kapan hari itu sudah perbaikan yg disini, skrg masih perbaikan lagi... Heran deh...",297
18043222661441711,"Infonya kok mepet ya? Semalam saya sudah tidur. Bangun bangun lah harusnya petang masih nyala air lah kok ke kamar mandi airnya gk keluar. Langsung pikiran saya buat cek ig nya pdam. Ternyata bener ada perbaikan lagi. Tagihan air Saya bulan ini saja 262 rb.  Kalo ditambah 5 bulan kebelakang bisa di total jadi 1 juta 600 rb an. Itu air saja loh ya. Tapi dgn kondisi air yg tidak nyala 24 jam, sering mati apalagi perbaikan yg berulang seperti ini. Seperti kapan lalu mati sampe beberapa hari. Gak semua rumah punya tandon air, dan sumur juga. Kalo cuma mengandalkan air dari pdam tapi kalo seperti ini ya sulit. Perbaikan 1 bulan saja lebih dari 1 kali. Ini namanya merugikan . Tolong kenapa kok sering bocor² terus pipanya.  Kalo tagihan murah sih oke oke aja. Pemakaian sama tagihan gk sepadan .",332
18111573226563563,@pdamsuryasembada kabar terbaru pemasangan valve di babat jerawat ?,782
18043792862440960,Orang pada tidur... Bikin pengumuman sambil mematikan air... Hebattt... 👏,801
17915657106084473,"Estimasi sampai jam brp, bangun tidur mau mandi GK bisa",813
18141546187436163,"Min tolong min,medokan ayu utara ya ampun min airnya ga keluar2,mana panas banget cuacanya 😢😢😢",249
18042986795443147,jm berapa airnya hidup pak?!! mau aktivitas menggunakan air gk bisaa,226
18111852538563539,@pdamsuryasembada iya sudah nyala tpi aliran air kembali kecil tidak seperti sebelumya yg di perbaiki kemaren,35
18128613352468137,@pdamsuryasembada smp kpn min perbaikannya? ditunggu update nya ya 😢😢,49
18115212586546702,Daerah kandangan rejo koq aienya mati min?,682
18072444830007217,Medayu utara mulai sore kemarin mati airnya tolong donk dibenerin,722
17863020237434614,"@nurivaivana kak, lihat story ya",571
17950553493021335,@ollaaqmryh oh iya apa blm dibenerin ya mb? Ya Allah gak ada air lho.,601
17987620139907792,Air di rumah saya kok tdk nyala iya...,186
18109785286597941,"sambikerep ga nyala dari pagi, gmn solusinya?",224
17950696523908602,Untuk daerah pradah air mati sampai kapan? Karena mulai kemarin sore air tidak keluar sampai skrg,370
18389295235192752,@stuylei iya betul dr pagi smpe skrg ..mau jualan jd gak bisa,572
18093799411869665,"Sambikerep kapan nyala ini airnya ? Dari pagi sampai sekarang, mau mandi, nyuci, buang air kesulitan lho ini",172
18104879998529290,"sambikerep woyyyy,tak pangan loh yo pipo.mu nek gawe goro""",150
18045360437424298,belet ngising ket mau,573
17962710738004258,"nek ws ngrti aduan sambikerep dukuh kapsan mati yo kon iku kudu gercep marakno armadamu to wokk,aku gk ndue banyu ket isuk,RT.ku ndomblong gk ngreken",109
18054113996649581,"Penyakit.e daerah sambikerep air.e pelan teruss sering mati, dan gak ada perubahan dari pihak PDAM",317
18407291227143431,@stuylei dukuh kapasan dr pagi sampe sekarang belum nyala juga,845
18122168122458989,Ayoo pak wes kentek.an banyu Kabeh Iki dukuh kapasan Ket isuk Sampek Saiki gak nyala banyune,846
17916480939074760,Kutisari dari kemarin siang PDAM ga nyala?,217
18040224206686957,@pdamsuryasembada Alhamdulillah air sudah keluar 🙌,268
18362447146095384,@pdamsuryasembada saya kutisari juga....banyak rumah yg mati oak o,382
18023395376774099,@anis_roziqi mati pak pdam nya,354
18081309104107558,@pdamsuryasembada siang ini baru menyala dan kondisi air masih kotor.,50
18393436234133842,Sumurwelut mati jg airnya,640
17989861100853961,"Sumur welut, lalarsantri kok juga mati jam 5 tadi. Gak ada info sebelum nya ya?",98
17963819511002437,"Air Umbulan mbok ya  di alirkan ke warga, jgn perumahan mewah tok.....",237
18071192612464295,"Bayar pdam telat dendae joss, laporan dari pagi pdam mati 1 kampung sampai malam belum ada respon",939
17903242779273244,"Tambak mayor barat gang 1a, warga sudah kehabisan air dari jam 6 sampai skrang blm ada respon dari pdam sudah laporan pihak rt dan warga yg lain",949
18055449719280760,081259954242 (tambak mayor barat gang 1a) depan gudang jawa indah tanjungsari,868
17908465860253257,"Gimna min, menjelang 2 hari air di rumah"" sudah habis. Blm ada tindakan apapun",490
17972987054951095,"Bersama Santri, Membangun Negeri ❤️",629
17962846910995281,Selamat hari santri 🙌😍,517
18075976922136723,Terima kasih Perumdam Surya Sembada,963
17857410507479712,Selamat Hari Santri 🫱🫲✨️,517
18179675422342361,Kapan selesainya ? Pantesan air keci sekalii 😢,261
18044049353408842,Ini beritanya latepost apa salah tanggal? Sekarang kan tanggal 21.,765
18414631048118659,"kalijaran air nya ko gapernah ngalir yaa, tapi bayarnya tetap",663
17861293176509993,sudah menghubungi CS terkait kalijaran airnya tidak mengalir ko sudah 2 hari tidak ada respon yaa?,289
17879914440409641,TOLONG MINN BELOM MANDI SEMINGGU,305
18044004086438400,@panti.remaja iya mas bener kok matian trus ya min kalijaran,661
18085841378495214,"kalijaran 2 minggu airnya sulit mengalir,sudah menghubungi cs,wa,dm, dan x tapi kurang gercep,tolong respon cepatnya!",290
18103022236720108,HADUH PDAM,215
18038699942494648,"kak untuk kalijaran sambikrep airnya tidak mengalir, mohon bantuannya",752
18083782124298984,"min air e kalijaran cilik pol, kate ados uangel",479
18538180381004794,KALIJARAN MIN TOLONG TOLONG,662
18061473716416876,Njalok tolong min gareng kabeh wes an @mister.aloy,535
18053351183634918,@kakakumoro_ @cakj1 minta tolong ga ada air di kalijaran sambikerep,487
17915249463206736,"Karah mati lagi,..,. Ya Allah wayahe adus budal kerjo+sekolah loh😢😢😢😢",806
17872754652442653,"kak daerah jambangan mati lg airnya. kok gaada pemberitahuan ya? saranmu suruh nampung, lah kl gaada pemberitahuan mau nampung pake apaaaass duh",800
17989335674892895,"Halo kak, ini kenapa ya setiap pagi dan malam gada air, kalau sudah semingguan seperti ini kak, tolong bantuannya🙏🏻",757
17896533456337538,Tempurejo banyune mati gak onok banyu blas minn gak ados ikki . Mati yho gak ngomong estimasi tgl 15 Saiki wes tanggal piro,804
17953896917892323,@pdamsuryasembada @kakakumoro_  wa en iku ka pegel aku,611
18064863815524460,Minta tolong wilayah bronggalan itu kalo keluar da waktunya pagi 5 s.d 9. Malam 18.00 s.d 22.00 ini terjadi sudah bertahun tahun saya mohon solusinya. Saya tiap laporan pas petugas kesini air sdh mengalir. Jadi gak jadi ngecek. Minta tolong pdam surabaya perhatikan daerah yg airnya lancar ada waktunya. Terima kasih,896
17862428742434977,"Pagi min, min ini menanggal air mati kenapa ya kok ga ada info? Masa air mati uda kaya puasa daud 😪",99
18028304177738031,woooyyy kapan nyala...,202
18101050447725823,Jl juwingan Juga terdampak kah min dr td airnya gak keluar 🙌,336
18045341198690467,Juwingan masih lama kah min?,724
17850490845575013,"Selamat pagi min, air didaerah Krembangan tidak keluar. Kenapa tidak ada info sebelumnya",81
18083831159310919,Daerah Krembangan dan sekitarnya air mati,82
18076259513169482,"Krembangan dkk tiba2 mati, waktunya sekolah & kerja jadi ada yg ga mandi min.. susah ta min ngasih info dulu... Minimal qta bs prepare sblmnya",21
18125326402500394,Mati lagi hari ini 😢,638
17983809845750402,Lha ini daerah krembangan dari semalem mati ngga ada pemberitahuan,79
18066874919086411,"@pdamsuryasembada iya pak td saya sdh japri pihak lapangan langsung, capek pak. Btw itu box culvert kapan selesainya? Mohon dibantu difollow up ke pak @ericahyadi_  agar cepet selesai. Kalo pas diare gini puyeng air tiap hari mati. Omset UMKM juga terdampak lho pak. Pelanggan merasa dirugikan krn kami bayar tagihan PDAM tp tdk yg kita dpt ga maksinal.",983
18082281839075846,"PLN padam, air knp lah jd kd mengalir jua. Apa hubunganya lah...kebangetan eh",361
18100404565648834,Krembangan air mati sampai jam brp min?,371
18094374628839483,Katanya estimasi -+8jam mati dari jam 9malam sampek skrg belom nyalaaahh tolong dong punya bayiiiiii iniiii,841
18037614770704669,ya allah pak sekrng uda jam berpa air blm nyala😭 tolong lah pak ini satu blok pak gk ada air gk ada yg di minta tolongn 😢,834
17925431682119556,"SEMEMI BARU MATI LAGI @pdamsuryasembada ... Dulu gak diperbaiki air malah lancar, 2 kali perbaikan ginian malah air gak lancar...",34
18085614379939280,"@pdamsuryasembada kok mati lagi wilayah sememi jaya baru, katanya sudah selesai yg perbaikannya di leher L kendung, kenapa harus seperti ini",22
18081691168981506,Tolong sampai sekarang air masih belum nyala di pbi blok belakang,833
18100898524653489,Pak di bulak airnya mati kah,641
17851177413534143,Smpi sekarang sememi belum keluar air nya,275
17902575438272898,@pdamsuryasembada beneran min di pondok Benowo indah seharian ini PDAM GK keluar sama sekali coba di cek lagi sudah bener atau belum yg di betulin di sememi kemarin karna dari pagi saya coba nyalakan air GK keluar sama sekali sayaa 3hari GK mandi sama sekali karna sakit sekalinnya sudah sembuh malah krisis air pondok Benowo indah kebacooot,932
18181149328344178,@pdamsuryasembada sedang proses kapan di kirimnya min yg di butuhkan bukan janji aja tapi air😢,748
18155985076392597,@pdamsuryasembada GK wes min malah iso2 loro maneh aku min gara2 angkat2 banyu,574
18107199100592632,@pdamsuryasembada iya pak airnya nyala sedikit. Ini sampai kapan ya pak,836
18090271324846663,@pdamsuryasembada belum keluar,268
17946633701919012,@pdamsuryasembada pbi blok AA dan BB blm nyala min,832
17991380579851188,"@murdaningrumnining sering bgt ky gt y kan, informasi hr rabu mati, malah kamis nya yg mati, qt udh kadung nampung air di ember2 tp matinya besoknya, air di ember udh kadung kotor jd sia2 ga kepake",671
17874708111429162,"Gr2 air mati seharian, pedagang UMKM sampe terpaksa libur dagang, krn qt jualan jg butuh air 😢 sedangkan tagihan cicilan tetap berjalan😢",15
18099661042712384,"Kapan hidup ni daerah Sememi seharian ga pup, mandi, dekil pula",173
17993620163848691,Haloo min mau tanya kalo air keluarnya cuma malam aja apa bisa diperbaiki ya?  Kapan hari ada petugas yg mengganti meteran katanya bisa normal lagi setelah diganti. Tp ttep aja air kluarnya jam 11/12 malam,131
18058285598551771,"@pdamsuryasembada PBI... Smlm udh nyala knp skrg mati lg? Ini knp sih air dimatiin g ad pemberitahuan gini.. Sya pnya bayi loh, sya jualan UMKM jg.. Terhambat bgt klo wilayah SBY barat sini PDAM sering mati, nanti klo tagihan air ga dibayar malah asal matiin jg dr pusat.. Haduuhh",638
18074969312179829,@___icechocolate55 skrg mati lg mbk PBI 😢,401
17969871641957604,"@cynthia_larasati15 bener bgt ini komen nya😂 dlu ga jarang bgt ya perbaikan2 gni, skrg sering perbaikan sering mati jg, tp tagihan tetap berjalan no ganggu gugat wayae bayar kudu bayar 😆",287
18434966470103850,"Min wilayah bulak banteng gak nyala darii kemarin, ini laundry pada numpuk, masih belum nyala pagi ini, andalan omset kami weekend min, ini kapan nyalanya",914
18081571979009111,"Melekan ngenteni banyu bendino, piye iki. Air daerah PBI mati",405
18066882236601907,@pdamsuryasembada ini mati lagi? Kemarin malam juga air kecil ga mau naik ke tandon,659
17945594334048119,"Benowo bagian barat pucuk gak metu blasss, Sampek kapan Iki min adminn?",858
17844051369586919,@sandyirwansyah hanya keluar malam saja jam 10 ke atas. Tadi pagi jam 5 sudah mati lagi sampe sekarang. Pondok Benowo Indah Blok QQ No. 3,927
18060080771449861,"WOY AIR SURABAYA BARAT SEMEMI KOK TIBA2 MATI, MAU MANDI PAKAI APA INI",453
18084609674502353,min pbi dr jam 5 mati smpk sekrng kok blm nyala😭punya anak min air adalh kehidupan min😭,407
17980379939761261,"Surabaya utara, wilayah Lebak air nya mati minn... Nyalain Sanyo dari jam 10 pagi smpe skrg hampir 1 jam air tak kunjung keluar""",913
17977406720922278,@shinazugawa_sanemii_ apa ada perbaikan ya?,325
18050710814334534,"@pdamsuryasembada boleh min saya tunggu sekarang pbi blok u, blok AA, blok BB",536
18321264739245118,@pdamsuryasembada mohon dikirimkan tangki air bersih,750
18116854258471856,@murdaningrumnining saya sudh kirim dm min nomernya mohon min sudh darurat 😢,751
18075559181154242,"Daerah mleto manyar sabrangan kok mati airnya... Nyala sehari matinya lbh dr 3 hari, pake pompa air sama aja... Gk keluar",638
18080993987044623,Daerh pbi min air mati tolong min uda krisis air 🙏,404
17897202357320301,Keputih ga keluar air,270
18075210022906054,"min ayo min air sumpah susah gk ada air min 😢lain kali bikin pengumuman itu yg tepat dan jgn dadakn min, harus sesuai min klau mati hari rabu ya mati rabu jgn matinya kamis😢",642
18120676510459940,okey makasih infonya,64
17876124075330412,Tapi ini udah tidak nyala loh :”),638
18062674712612967,Sido mati ta banyu e iki?,638
17896101699184851,😢😢😢😢aduh min.. Aer mati lagii.. Gak mandi lagi loh berangkat kantor... Semoga cepat nyala ya min... Aamiin😢😢,874
18097090093680309,kok gina gini aja min ya Allah 30 menit apanya min sdah dri kmren mati nya,643
17946178769922857,Kok akhir” ini airnya sering mati😂,638
18080109704035366,Gayungsari barat X air nya mati.. Kapan bisa nyala?,201
17919113340187582,"@pdamsuryasembada untuk daerah Pakal akhir akhir ini sering mati kak, apalagi dijam 5-7 pagi dan 4-6 sore sama sekali tidak keluar airnya",675
17845040340576688,@pdamsuryasembada lokasi di kendung,714
18505327441071721,"Ini TAMBAK WEDI BARU GG 5 Tiap hari gak nyala terus gmna ??? Susah mau aktivitas, sampai harus mandi pakai air galon karna gak keluar sama sekali airnya",158
18068864735029278,"iki daftar pdam , pasange ancen suwi ta ?",501
17892193410355194,Area Medokan ayu mati juga min?,247
17884972158385903,Medayu skrg mati ya? Ada perbaikan ta min?,323
18099193378662565,Untuk wilayah sekitar mulyosari air skg masih mati,28
17998570148823766,@pdamsuryasembada nyala nya kapan?,202
18310043755219349,"Kalo bayar telat, kena denda.. Kalo pdam seenaknya mati murup, cuma minta maaf😂😂",937
18097321420737563,Apa sudah selesai pengerjaan nya?,147
18145989211425716,Sekitar tempurejo bisa hidup kapan ini airnya? Apakah masih lama? Sudah tlfn call center tp gak bisa,168
17960036456850699,@pdamsuryasembada tp air blm hidup sampai sekarang,836
18017912510788275,Rungkut terkena juga,734
18172966633367071,MEDAYU UTARA SEJAK SIANG GAK ADA AIR,717
17880364578404699,@pdamsuryasembada mhn maaf kira2 sampai kapan y min?,705
18309899017221342,"Dharmawangsa kok masih keluar kecil ini gimana, dari kemarin malem mati baru keluar kecil sampe malam ini",250
17846992053583419,Daerah menganti udah dua hari gak nyala info nyala kapan min,847
18047081363663624,bulak banteng belum hidup dari pagi sampai sekarang😢,829
18375608689194232,Wilayah jelidro sambikerep airnya mati lg dr kmrn mlalam sampai malam ini belum nyala min solusinya bagaimana ya?,842
18082397059779552,"Barat kok sering men gangguan air, aslinya dr kmarin tgl 13 sdh puelan aliran airnya",240
18524959555013664,"@budiwiratmo bener seharian mari nyala, kl nyala juga kecil ga bisa masuk bak kamar mandi. Tolong bantu @pdamsuryasembada area gayungsari dong.",905
17872257216442238,@rosa_berduri mati* nyala,213
17983353572871525,"warga mojo bener2 sampai jam 11 malam air baru keluar itupun pelan bgt, biasanya jam 9-10 air udh nyala deres.. dari kemarin2 air susah bgt nyalanya... ini ada apa min?",162
18066966368593351,"Daerah kedungasem kedungbaruk juga mati dari sore sampai sekarang jam 11 belum nyala
Perkiraan kapan nyalanya min?",857
17844786240591650,"@budiwiratmo daerah Wisma Pagesangan juga, menyusahkan sekali. Malam ini juga mati lagi airnya, telpon call center juga tidak bisa, luar biasa",165
18044847524400141,"Jam segini wilayah Pakal Surabaya sudah mati air nya, katanya jam 9.30 baru gangguan, ini udah terdampak parah dah @pdamsuryasembada",30
18018414050786250,@pdamsuryasembada menganti kepatihan min gak nyala nyala,848
18527973118057790,@pdamsuryasembada udah dari senin pagi tapi malam nyala ternyata selasa mati lagi sampek sekarang belom hidup,855
18065414309599351,"@pdamsuryasembada Terimakasih banyak, tolong proyek box culvert di beri peringatan, sudah hampir 3 minggu membuat air sering mati dan itu sangat meyebalkan",137
17976286481938034,"@pdamsuryasembada belum ada perubahan. Air mengalirnya lebih kecil dari kemarin. Please tolong dibantu hari ini ya min, hari ini air sama sekali ga bisa masuk kamar mandi sama dapur. 😭",906
18105183514538130,@pdamsuryasembada saya wa ke no hotline PDAM tapi lupa no pelanggannya🥴 mohon dibantu. Upahmu besar di Surga😍,973
18090846922862190,kok gina gini lagi min sdah air nya nyalanya gak lancar tapi mota mati trus dr kmren mati sampai skrg,853
17863372719496715,Air PDAM keruh,560
18068141885353392,ini perak emg lagi mati airnya?,644
18067095173361551,"@pdamsuryasembada maaf kak, ternyata sudah nyala. 🙏🏻",202
17919669387186892,"@pdamsuryasembada malam ini dicek sama petugas, warga lain juga lapor pak. Semoga segera ditindaklanjuti masalahnya. Makasih min. Udah gercep",876
18525576262014458,"@pdamsuryasembada min, siang tadi ada info pipa bocor depan rumah gayungsari barat x no.25 akibat galian box culvert.",123
18328448539237328,"@pdamsuryasembada belum lancar min. rumah2 warga sini sama, masih kecilll sekali airnya. mungkin gara2 pipa bocor di depan rumah jl gayungsari barat x no.25 itu masih bocor min 🙏",124
17955234837006175,Kenapa tagihan saya jadi melonjok drastis yaa??? Biasanya kurang dari 100 kenapa skrng mahal sekalii... Air pdam rumah tangga pemakaian sampai 97m3,179
17871828093443141,"@pdamsuryasembada saat ini air pdam di area kami ini sudah cukup lancar dan jernih, walaupun belum seperti saat normal. 
tapi warga kami sudah sangat senang dan terbantu.
terima kasih banyak buat semua kawan2 pdam yang sudah berjuang membantu & mengatasi keluhan warga.
semangat 🔥",893
17896486197322250,hari ini daerah bulak banteng seharian gak hidup min 😢,366
18070013420247819,Beneran 30 menit kah? Atau seharian lagi kayak september kemarin min? Waduh ruwet nek gitu min😢,784
17909299632238845,"aduh pdam, gayungsari barat area sekitar resto kampoeng steak, tiap hari mati nyala airnya. nyala pun cuma beberapa jam, ehh mati lagi. dan, kalau nyala, ada aja 1-2 rumah yang tetap mati (tidak kebagian air?) dan saat ini kebingungan tampungan airnya sudah mau habis. tolong dibantu, pdam. 🙏",214
18073848437276018,@budiwiratmo bener bgt kak. Gayungsari sekitarnya masih mati ini. Nyala cm bbrp jam itupun debitnya kecil terus mati lagi,45
18038776109701462,Wil klampis ngasem airnya mengecil....apakah ada perbaikan dr pagi dampai sekarang. Trmksh,955
17982955676865171,"Coba di wolak walik min, matenge ben roto🔥🔥🔥",590
17983280486860713,panas banget memang min 😢🔥,460
17989378952723453,rill panas poll,462
18069932849251475,Panas e bisa buat dadar telur 🔥🔥,464
18092306587895686,Butuh kipas jalan🙏🏻🙏🏻🙏🏻🙏🏻,747
17857224591537461,Min area medayu mati air nya,720
17994289589698389,sby panass🔥,461
18043435148448303,Rasa ne kyk nang nduwur e kompor listrik min,492
18099760198733755,"Panas potato potato, tetap on fireee 🔥🔥🔥🔥",222
18074917912933532,"kipas angin berasa nyemburin api, saking panasnya",466
17955426186008872,"Gak terimo🌡️ 35º min, rasane clekit clekit 🌡️38º 🥵",694
18101582818649224,"sampe"" kipas angin rasa hair dryer🔥",711
18408497797140866,dadi opo maringene bundaran waru,575
17970089798951480,Semangat mimin proyek nya 🔥,620
17928149043136484,Halo min dftar pasang baru via wa kok ga ada respo  lagi ya? Apa harus lewat aplikasi CIS saja?,107
18102018916631342,"@pdamsuryasembada maaf kira kira sampai jam berapa ini.. saya sejak siang sudah tidak ada air tidak bisa apa apa, belum mandi tidak bisa buang air dsb",814
18335474182224284,"Awak rasane garing, kalah iwak teri 🥴",780
17912344542232711,malang dingin min🥶,576
18016980293609477,@pdamsuryasembada perkiraan sampai jam brp ini min.. kudu nangis iki,706
18096541594759603,Min @pdamsuryasembada  daerah jelidro mati 2 hari min,645
17944202396932399,Panase ndunyo dirasakno bareng ... panase ati sopo sing duwe....hehehe....semangat sehat tukang ledeng....❤️❤️❤️🔥🔥,119
18080306669515668,Pak...Manukan Adi dekat SMA 11 air mati,348
17965079834961644,"Mulai hari Senin 13 okt pagi mati trus siang nyala, hari Rabu sama gitu jg sekarang jum' at mati lagi jam 07.30 pagi...sampai skrng blm nyala...sampek mandi aja susah",159
18097777702707913,"Iki sek panas e ndunyo , gak sepiro😢",699
18074291417144314,Proyek  box culvert di pagesangan msh terdampak atau tdk ya? Ngga ada pengumuman tp disini air pagesangan mati,138
18041920280680843,Ini sampai kapan ya? Bhaskara gak keluar air sama sekali,372
17976826916928439,"Pagi admin, air di daerah mleto sukolilo tidak keluar sama sekali dari shubuh sampai sekarang hampir 5 jam😣",859
17967622880967069,"halo min. izin tanya. kalo di suatu area, pipa besarnya rusak kena galian box culvert, sudah diperbaiki. hampir semua rumah sudah lancar airnya. tapi ada 1-2 rumah yg tetap mati airnya. gimana ya min? makasih min 🙏",141
18114460711478041,"@pdamsuryasembada kebetulan saya pengurus kampung (rt) yg sedang membantu warga yg mengalami kasus seperti di atas. stop kran sudah posisi terbuka, air tetap tidak keluar. apakah ybs sebaiknya mengajukan keluhan/pengaduan via wa pdam?",922
18308500633247551,@pdamsuryasembada siap. saya akan infokan pada warga tsb. sementara terima kasih infonya ya min 🙏,67
18054985211282917,"Min admin saya tlfn call canter sibuk"" trus pdam bagaimaana, siurabaya panas air 2 hari ngak nyala (daerah tambak mayor barat a1), telat bayat denda gk aturan tpi komplain lama respon",920
18097569337672906,Aduuhhh mandi kantor lagi,595
18052465070308375,Semoga cepat selesai sebelum pagi 🤲,623
18065500334595464,katanya jam 9 kok udah mati 😢,638
17862698457487256,ayo min semoga pengerjaannya tidak molor lagi,142
18148058632410844,Rumah sya ciliwung kok mati ya pak airnya dri sore smp skrng,384
17950444647032425,Bendino kok gangguan ae. Pegel ngerasakne banyu,589
18083790242489831,Menanggal ada apa lagi ya admin? Kok airnya mengecil saat ini mati.,379
17866208286468142,@pdamsuryasembada Klakahrejo lor,577
17874442215430645,halooo paaak @pdamsuryasembada samapi skg pukul 05.00 sumberejo benowo belum menyalaaaaaaa 😢😢,230
18042833300446518,"@pdamsuryasembada Ya Allah saya air udah mati dari pagi kok. Kemarin udh mati 2 hari ,masih lagi. Infonya telat pulang.",74
18092227981835401,Alhamdlullah pak 05.29 air menyala walaupun kecil terima kasih,36
18119639563513075,Min @pdamsuryasembada  tolong cek inbox 🙏🏻,498
18083933678301673,@pdamsuryasembada tidak keluar dari jam 4an subuh.. ini ada apa ya Pak Bu? Tidak ada pemberitahuan nyaa ... Setiap hari kok ada ajaa masalahnya,92
18533814481043614,"@pdamsuryasembada iya tidak keluar airnya pak dsri jam 3 mulai mati, tadi pagi jam 4 subuuh saya tu liat ada pekerjaam bego lg gali2 situ tp kok diurug lagi. Padahal kemarin kan area situ sdh ditutup kok digali lgi tutup lg.  Apa ada kebocoran lagi? Mohon pengecekannya krm kan ga ada info sama sekali. PDAM mati saya mau kejar produksi kesulitan",380
18061588463387987,Air di daerah Wisma Pagesangan juga kecil sekali. Ada apa yaa ?,827
18070568336226565,"@rii.roo iya benar air selalu ada masalah sejak tgl 29 September sampai sekarang di  daerah wisma Pagesangan, sering mati.",825
18115589101540368,@shafaardini Menyusahkan sekali 😭,537
17927313288136719,"Min, sampai siang ini rumah saya di PBI belum keluar airnya min 😢",190
18290652031258052,Kok sampai sekarang airnya belum nyala ya,836
18371750665146465,"@pdamsuryasembada Kendung pak, belakang RS BDH",715
18536712346014938,"@shafaardini  sdh sejak lama malah kalo proyeknya pemkot dari pak @ericahyadi_  selalu aja area sini sering sekali bocor kena bego dulu yg sebrang pas per 3 an alfamart sebelum 2025 kan jg gt dan kerjakannya lamaa pekerja2nya. Beda dgn area lain bisa sat set dan lebih ati2,  shg jarang sekali ada kebocoran pipa di hampir setiap titik. Mohon pak pak @ericahyadi_  kapan ini selesainya? Warga banyak dirugikan, ga ditutup2 usaha pun omset. Parah banget.",981
17927960823112997,@pdamsuryasembada apakah sdh ditangani? Estimasi selesai jam brp?,515
18539995765056841,"@pdamsuryasembada terpantau malam ini sudah nyala min, semoga lancar sampai seterusnya, amiiiiinn",835
18044679563678526,Tolong air mati di sememi sdh 2 hari katanya 8 jam.... Tgl 15 sampai 17 mlm blm nyala,854
17873211210432556,Update wilayah sememi kandangan rejo air mati min,23
18068500907593579,"Mohon info pengerjaan nya apa masih lama? Karena daerah bhaskara  air nya sampai sekarang mati, tidak keluar sama sekali",126
18095296804774192,"Selamat malam saya mau infokan aliran air di rumah Renny mati akibat pipa PDAM buntu dampak pengerjaan box culvert.. mulyosari,, sudah laporan dari hari rabu malam sampai jumat ini belum ada respon dari petugas PDAM dan belum di betulkan hanya janji janji nanti ada petugas yang menghubungi,, SEHARUSNYA CONTOH PLN yang mengedepankan pelanggan dengan ONE DAY SERVICE bukan janji janji terus tapi tidak di betulkan!!! Jalan bhaskara 4 no 10 segera di perbaiki jangan janji terus",538
18116598301542608,"Bismillah betulan besok di kerjakan karena sudah mati 3 hari,, bisa menghubungi di no hp 081130700551 semoga tidak janji lagi😔",4
18068767055522583,Hobi banget matiin air...seminggu udah 3x...kemarin yg dikerjain apa ya...kok tiap hari info matiin air😡😡,310
18055501181278922,Sattt yg kemarin aja airnya kecil sekarang malah ada perbaikan lagi..sattt,952
18109090639589698,Arepe meso kenek pasal,735
17928934794111518,@pdamsuryasembada percuma wa...slow respon,612
18080936696045443,"Kok jadi terus terus an ya Pak???? Mati air berhari hari ,nyala brp jam ,abis itu mati lagi ada perbaikan lagi .",329
17904058992273842,PBI lagi. Ancen muatane ANCUK,399
17986968905903469,@pdamsuryasembada asuw baru kemarin tengah malam air nyala di PBI. Hari ini mati lagi. Uasuw karepe opo iki COK.,408
17988652625894992,@rudipriyanto1983 wes ra urus mas. Pesohi ae. Aku kemaren sek sopan ngomong e. Dino iki ora sudi. Jen DANCOK TENAN @pdamsuryasembada,785
18023313257572057,"@pdamsuryasembada kendung itu di bulan lalu itu sudah dibongkar, kok bulan iki bocor maneh. Bulan lalu yang dikerjain apap Cok?",470
17944346787062422,"Tolong @pdamsuryasembada dicarikan solusi nya. Jangan seperti diulang² terus. Saya tahu gak ada yg mau pipa bocor apalagi pihak pdam sendiri. Tapi alangkah baiknya cari solusi nya supaya gk sering bocor, atau kalo pun bocor bisa diperbaiki dgn waktu cepat tanpa menghambat aktifitas warga yg membutuhkan air. Karena air pdam ini warga bayar bukan bantuan gratis. Apalagi tagihan air jg tidak murah.  Kalo sudah tahu sering bocor pipanya,harusnya cari solusi pemerintah. Saya harus tag siapa supaya ada yg peduli pemerintahnya. Ini masalah bukan masalah kecil yg di ulang² terus, kalopun masalah kecil jg gk bagus kalo diulang² tanpa ada perubahan dan perbaikan.",956
18044535842430195,"@lee_chamoomilee dan jawaban balasan jgn template.  Mohon maaf dan masih dlm perbaikan, bantuan air tangki gratis.  Kalo pun di bantu, pertanyaan nya yg gk punya tandon terus air bantuan bisa di simpan dimana? Kalo cuma isi bak kamar mandi saja ya bukan solusi juga. Tolong berpikir cari solusi nya",756
18061337336177252,Tandon belum ke isi udah mati lagi,660
17962835666995878,@embeecks.eblast woalah yooo maneh gak ados maneh.... 🤣 cok segawon,614
18073316339179405,@lee_chamoomilee setuju,539
18054187661646420,"Ya Allah min, minta tolong banget min di usahain lebih cepat dari perkiraan waktu aku ga menuntut min tapi ya apa ya min aku kemarin di PBI itu air udah ku abiskan sengaja tidak aku isi supaya apa supaya pas aku balik dari perak ke pbi air itu bening soalnya kemarin abis perbaikan juga dan nyala tapi airnya butek super butek nah tujuan ku habisin tandon supaya Minggu pas aku balik PBI aku nyalain air airnya bening lah kok Minggu malah ada perbaikan lagi toh min min, Iyo lek perbaikan nyala-air bersih/jernih Iki ga, perbaikan-nyala-butek-cuilik maneh debit air e innalilahi ya Allah min min, minta tolong banget usahain selesai sbeleum perkiraan waktuu",285
17926539825016616,Tiap minggu dibuat emosi sama perkara mati air🔥 sedih bgt,311
18077433008119417,@pdamsuryasembada mau Kate nyiram taman gak isok,700
18065123771613332,@embeecks.eblast demo.en ae mbeck,540
18142481044428021,"Gara2 mati kemarin airnya butek knp ya? Sampe kapan bening sebntar butek lagi.. baju dicuci malah makin kotor, gatau tdi pagi ternyata msih butek, skrg ya masih butek, hbis mati kualitas menurun😢",646
18414042058115910,tidack ada update lagi ini? Besok senin yakalai mandi dikantor~~~,480
18053740190307091,"Sekedar mengingatkan, Motto PDAM Surabaya adalah ""Kami melayani lebih baik"".

Seminggu ada 3x gangguan di lokasi yg jaraknya berdekatan, kenapa tidak dikerjakan bersamaan sehingga tidak menganggu pelanggan.",979
18097938328673153,"Hello PDAM, di Pondok Benowo Indah sampai skrg lho pak, air mati total...",925
17862409167434458,@pdamsuryasembada pondok Benowo sampai sekarang masih mati lho pak,926
17909151072252417,"tolong ya min daritadi blm tdr karna harus nandon air, mana debit air yang keluar sekecil itu",255
18152305795407958,Min belum menyala air dirumahku 😢. Bingung yg mau mandi sama sholat apalagi lumayan jauh dari masjid,171
17925347616118951,Asemrowo/tanjungsari 2 hari ini air ga nyala 😢,225
18093003979838820,"@pdamsuryasembada ng omahku griya surabaya asri gorong sek mati iki ape umbah umbah seragame bojoku yo mikir gaonok banyu disanyo banyune butek 3dino di pateni banyune, awak dewe iki bayar paklek duduk subsidi",887
17863633329484500,@wildanrobih sumberrejo mbak😢,541
18406438246187097,"@pdamsuryasembada min PBI jam 6-7 pagi kok susah keluar airnya? 

Apa harus dipompa pakai sanyo ya?",811
17888473542242292,Ini daerah jojoran apakah mati ya airnya?,647
17857336176540242,Sekarang wilayah Krembangan tidak keluar airnya. Dan tidak ada pemberitahuan sebelumnya. Bagaimana ini min,80
18071762354223611,"@pdamsuryasembada sudah terima kasih, air juga makin deras dan lancar. Bravo PDAM Surabaya",773
18085876171941866,"ngene ngene ae ki sdah tgl 19 dr tgl 15 ra nyala ki yaopo uang habis cuma buat beli air galon kmaren di tarik tagihan air nk tagihan air ae gak bsa telat , skali telat kena denda tp air gak pernah nyala wes kterlaluan nk kayak gini😡",14
18066076976597369,"Dari tgl 17 ada perbaikan aja aliran air wilayah sumberejo debet air mengecil sampe isi kamar mandi aja susah, hari ini perbaikan lagi..sampe kapan aliran air bisa normal kembali?",907
18044805302426225,Rekor... Ckckckckckcck,542
17947067339919401,Nemen😢😢😢😢wes2 @pdamsuryasembada,583
18106635658612280,@aaaudiye_lyv mbk ya pbi ta,396
18114156874557036,Terusno wes terusno....patenono terus banyune...mengko lak solusine mobil tangki air...bongkaren wae instalasi pipone...wes ra usah nggawe pdam sisa...mbalek jaman bahula maneh ae cok....,117
18317601676171794,PDAM gateli bolak balik mati tok ae su blok,387
18075925172232613,"Titenoni yo, wes sak ulan iki mulai tgl 18 sept sampek saiki 19 okt, banyune bolak balek mbok pateni, nek ngalir pun debit e cilik, mari ngunu nggawe alasan opo maneh kanggo mateni banyu...nggateli tenan...",903
17921027448176676,"ya allah pak knapa harus terus menerusss , sklian biar ga bolak balik . maslahnya d rumah ini ada lansia yg g bisa kalau air terus mati . sebulan coba deh brpa kali mati mati mati . kok heran jadinya",638
17846485923567446,Msok wes 2minggu lek lek an ngenteni banyu metu gaes.... Lek gak jm 2bengi y g metu.. Trs kiro2 sampai 1bln ta iki aq g turu ngenteni banyu... Giliran byr telat kene dendo.. Bantu bendino g metu2.. Gawe Sanyo 1bln y legrek gaes listrik e... Iy lek listrik subsidi listrik mandiri gaes alias byr sendiri... Sekalinya metu banyune ky got ireng akeh letek e...y opo gaesss,494
18045691826394840,"Tiap Minggu Lo perasaan gangguan air, pipa bocor terus Lo, heran bget",299
18108327730606781,"Ya Allah jane merek pipa dengan kualitas opo yo seng di pakai @pdamsuryasembada iki 🤦🏼‍♀️ kok sitik2 bocor, air mati, woilah bayar tetep malah makin mahal bolak balik mati, terus nek minggu2 mati umbah2 seragam e yak opo cak, kok nganti ngelus dodo aq karo @pdamsuryasembada iki, dipikir air tanki solusi yg tepat, pikiren iku kudu kolektif RT nek mesen dewe banyu sak tanki iki di wadah i opo seng gak duwe tandon coba pikiren sek @pdamsuryasembada wes bener ta solusimu iki",362
18062946374408002,Apalagi yg nggak pakai pompa....,578
17987792903730874,kompensasi yo g ono.. piye pak @cakj1,603
18011648909630713,Kok bolak balik gangguan heran banget,298
17921693718170606,Minta tolong penjelasannya knp pipa bocor bisa barengan seperti ini,473
17879110011306728,"pak aq punya anak 2 kcil"" saiki lagi pup gak ono air pak beli galon gak ada krn di ge tandon orangnya sdri pak ya Allah pak"" trus kon nyeboki ge opo pak 😢 shalat z btuh wudhu pak trus ra tau ados awak pliket kabeh mok kon tayamun",889
18270033898304273,"aq ki ngontrak pak ra ono tandon air 😢😢 mati kok ra kiro"" sampek pe sminggu",860
18057316529206665,"Ada kebocoran selalu air mati, yg membutuhkan air bagaimana ?",321
18530058091027729,@pdamsuryasembada bisa dong pak untuk diadakan keliling air bantuan di daerah dreaming land,491
18064316867096422,"Gak isok berkata"" aq wissan reg mbuh aturren trus awurren 😭🔥",579
17892983565347528,Koo podo protes bayu mati . Terus lek bocor2 gk digenakno ngono ta rek . Astagfirullah,393
17878918797471246,Ya Allah Di rmh saya blom sampek keluar air nya sdh mau mati lg ... tagihan air makin mahal tp tak bisa pernah lancar dpt air nya,180
18061006343174769,"anakku lg diare pak, soro nemen ngene iki lek banyune mota mati ae, kemarin sdh seharian, malam bru nyala 😢 terpaksa malam2 saya nyuci , mandi keramas, untung sby lg panas2e pak 🔥",919
18094685425760310,"Haduuuuhhhhhhh🔥🔥🔥🔥 wes panase ngene pdam gangguan sisan. Menyala suroboyo🔥🔥 mateng""",455
17980390046763203,Ya ampun payah sekali sih pelayanan mu pdam,966
17988856316854792,Air sudah keluar kecil kok malah perbaikan2 terus,257
18182946001337675,Perbaikan kok ga langsung . Kok bertahap . Kasihan warga terdampak jadi korban,878
18287950642285298,@aaaudiye_lyv telat bayar kena denda . Air kecil keluarnya ... ditambah air galon 😢,252
17987909219887794,Lagi??? Gangguan kok isok berturut turut jumat sabtu minggu. Wayah e wong tandang gawe malah gak metu blas. 🤦‍♀️,312
17893837077205474,"Ya Allah, mari kendung saiki pakal. Wes wes.. ra tepak blas",701
17921120778179263,sebulan dah kesekian kalinya dan tetep dong byrnya spt normal pdhl dah brp hari gak lancar ....,764
18528449050024559,"Pbi loo belum lancar air e, mosok tiap hari begadang nunggu air keluar krna debit air kecil. Skrg bocooorr maneh bocooorr maneh kapan bener e seh pdam iki.... wayahe tagihan byuuuuuuhh regoe meluberr pdahal banyune gatau meluber 😢",884
17922800031035511,Gangguan kok trus,588
18071212877244066,ASTAGANAGA,543
17990015903720910,"Baru nyala pagi tadi , skrg lagiiii. Trs kasih infonya 1 jam sebelum di matiin lagi , giliran telat bayar aja dendanya astagfirullah 👏👏",55
17893657164202140,Besok mana lagi pak yg rusak??? Mau Seminggu loh ini,304
18086326927745359,"pbi lagi yg kmren aja masalah kendung belom nyala airnya sampai skrng, skrg ada tambahan lagi di veteran",196
18096602341705394,Yang Utara kok ga dimasukan?,719
18017847752606252,jambangan baru selatan dan sekitarnya air tidak mengalir  sore ini 17.00,31
18079916492054130,Karah mati lagi,340
17868154935459351,Waktu pagi buat masak mati pulang kerja mati ga mengalir airnya,410
18415978927117025,Karah matiiiu,340
18182987920340730,"Karah nggak keluar blas, ada yg tau knp?",343
18075828974134051,Assalamualaikum min mau tanya daerah Bibis karah apa ada perbaikan kah terimakasih 🙏🏻 dari tadi siang airnya kecil😢,954
18529537843005991,"Halo mana lagi yang perbaikan ini ? Kemarin perbaikan sekarang perbaikan juga kah ? Infonya dong kemarin waktu pagi mau berangkat kerja mati, sekarang pulang kerja mati. Ga mengalir. Masak beli air galon isi ulang terus 😢",146
17865899172469331,Rumah saya gubeng klingsingan kok mati juga airnya. Tolong dong pak masak begini,386
18082340062818359,"@pdamsuryasembada minta tolong, lain kali jika ada perbaikan lagi di infokan melalui RT atau RW tempat yang terdampak.. karena gak semua orang punya sosmed IG",113
18164527225337200,"Dhrmawangsa mati ini airnya, sampe kpn bisa normal lg.? *kok gk ada pmberitahuan yah sblumnya.?",798
18029753186729962,@pdamsuryasembada iya benar tlong informasi perbaikan disampaikan ke RT dan RW setempat.,56
17881577814402706,"@pdamsuryasembada pada saat mati, kran saya on. Akhirnya saya tau udah ngalir , saat pertama airnya keruh. Tapi sekarang sudah normal, terimakasih PDAM",47
17970889253954278,TANGGAPAN YG RESPON AI.....,219
17967314147970347,"Min kenapa air dirumahku daerah benowo tiap pagi diatas jam 5 airnya kecil bahkan mati, br bs nyala yg banter lagi kl malam-subhh. Di dm ga dbls2",160
17928757523997871,"@mayaprmtsr benerrrr sudah semingguan ini Ya Allah.... seminggu ngangsu min, peyok tangan ngangkati galon.",309
18093207787809121,@pdamsuryasembada rejosari benowo,634
18103608232715878,@pdamsuryasembada yaAllah sedihnya,544
18061080293618177,"@pdamsuryasembada masalahnya rumah yg dikampung kok lancar airnya, rumah² yg pinggir jalan raya mati air.",339
17921836869158875,"@pdamsuryasembada ini gimana min kelanjutannya? Aku sdh telfon call center dr subuh smpe jam sgini blm nyala lo, area Benowo Sawah. Nghambat weh tiap hari kaya gini br nyala kl jam 9 malam keatas.",169
18372449857144038,@mayaprmtsr lah podo di daerah rumah dari pagi sampe sore kecil ga bisa naek ke lantai 2 mlm jam 10an pun baru banter sampe subuh jam 5 kudu siap air dulu sama siang jam 11-jam 1an lumayan banter jadi bisa isi dulu setelah itu balik kecil lagi,161
18058547756532612,"Min dari subuh sampai skg air ga nyala blas, ini disuruh aktivitas jam brp? Kok parah bgt. Udah telf 3x pegawai ga datang2 di follow up follow up terus",163
18370697101148878,AIR DIRUMAH MATI TERUS TIAP SUBUH-MALAM,653
18158613493383504,@bellaaristas telfon call center 3x dr subuh pun sampai skg blm ada petugas datang. 😭😭😭😭 untung bukan mermaid,164
18065671646369208,@pdamsuryasembada air didaerah karah 162 sering mati,340
17975610110781788,"Daerah karah min airnya mati dari semalam, gk ada pemberitahuan kah knp airnya mati ?",91
18073622617923021,Tolong  @pdamsuryasembada  tolong ini sudah jam 00.10 tidak nyala sama sekali pengaduan suruh lewat dm gak di gubris lewat wa juga engga gak .,294
18050038781638915,Min...kawasan bratang dari pagi tadi air nya kecilll bnaget,26
18059597351621035,"@pdamsuryasembada Bratang gede pak,ini sudah agak besar tapi  dibanding hari biasa nya belum normal",732
17893089996202382,Min kenapa daerah balongsari airnya mati dari pagi smpai skrang?,648
18057835082406255,Semoga dimudahkan dan dilancarkan pekerjaan rehab dan koneksi pipanya....sehat sehat selalu tukang ledeng....💪💪💪,120
17973461270792070,Mau sampai kapan air mati-mati?,368
18094357786781464,Hampir tiap hari mati min 😢,638
17909411664249423,Gara² box culvert 🤬,135
18310968955216306,ya Allah mota mati ae miiiin 😡😡😡😡,638
17911406034090219,Jam segini air udah ga bisa naek lantai 2 tiap hari kayak ni min ampun dah daerah pakuwon indah surabaya barat,866
17848472142547361,yaAllah min ini mati lg??? di saat orang2 mau kerja malah mati. mau sampe kapan se gini terus kok sukanya mempersulit urusan orang,861
17925537186137891,Again? Wow amazing ...,545
18084178508313253,Area Bratang dan Ngagel airnya mati kenapa ya?,27
17918880945050810,Banyu keruh di Wonosari besar...,562
18109474390580885,"@annishafs sampai sekarang Masih mati, luar biasa memang",368
17910596379233939,Aduh alamak galon lagi dung,558
17921799201038069,@pdamsuryasembada estimasi kapan nyala? Tolong bisa dipercepat,199
18072523742181941,@pdamsuryasembada percuma mnt air tangki gratis ngga dikirim.. bisa ga tanpa kita minta sudah disediakan dan disalurkan ke daerah yg terdampak?,111
18094438834756963,Kok gak ada update informasi pengerjan ya ? Mau nyala jam berapa ini,77
17974613108929313,Untuk pengerjaan yg wisma pagesangan kurang berapa meter min?,828
17861685324439937,"Untuk pengerjaan pergeseran pipa ini, masih kurang berapa meter min? Kira2 sampai jam berapa?",153
17883461400390094,"kok gak ada update info pengerjaan di daerah karah ya? ini air nya mati, nyala jam berapa ini😢",78
18481087444072778,"air hanya ngalir di depan saja..hadeee, dari tadi siang",202
18375995680146726,HAMPIR TIAP HARI AIR MATI DARI JAM 6 PAGI SAMPAI 4 SORE .,368
17899051386166643,"aduh pdam, gayungsari barat area sekitar resto kampoeng steak saat ini ada yg bingung tampungan air di rumahnya sudah mau habis. tiap hari mati nyala airnya. nyala pun cuma beberapa jam, ehh mati lagi. dan, kalau nyala, ada aja 1-2 rumah yang tetap mati (tidak kebagian air?). tolong bantu kami, pdam.",194
17990298218712642,@pdamsuryasembada siap. terima kasih banyak buat kawan2 pdam yg sudah peduli & berjuang menyelesaikan keluhan kami. semangat 🔥,959
17880895089399562,"MBAYAR GAOLEH TELAT, BANYU MATI BOLAK BALIK",388
18070740701189818,Woi jangan asal matiin air tanpa pemberitahuan. Air Kebraon mati... Asem sudah berulang kali kyk gini terus,821
18087963550907572,"@pdamsuryasembada WES GAUSAH APLIKASI² SENG RUWET, ADUAN MASYARAKAT MELALUI SOSMED WES PODO AE",295
17862989448482433,"koyo'e lagi nggarap ndek cidek warteg, cuma yoo INFOEN REEKK @pdamsuryasembada",149
18130987258463276,Kebraon air mati. Beberapa hari ini air juga kluar kecill sekali,421
17861322561438672,PakleeekkKEBRAON AIRNYA MATI,424
18135368695404769,"@bakulgedangsusu Nang Kemlaten sawah, mbongkar got ketok'ane. Nang warteg ngarungi lempung tok.",118
18114768124553262,@pdamsuryasembada Kebraon pada sore hari ini air padam. Kapan selesai dan normalisasi?,425
18507026641068173,"@fajaradisulaksonosemm suwon infone ndan, admin'e ilang dalan'e",741
18040672262478349,CEK DM MINNN,497
18389317912130030,"Kebraon air matiiii pakkkkk 
Bbrp hari mengalir kecillll,,tdk semua punya tandon pak .. Mana skrg makin mahal aja pak tagihan nya tp PELAYANAN MIRISSSSSSSSSSSSSSSSS",181
18056303039445764,"TOLONG DONG, TELAT AJA KENA DENDA, TP KALIAN TELAT INFO AJA ENGGA ADA TANGGUNG JAWABNYA,INI GIMANA KEBRAON 3 HARIAN AIR SUSAH, NAIK AJA TERUS BIAYANYA ,TOLONG DONG DI NOTICE INI YG PADA KOMEN² JANGAN DIEM AJA!!",880
17928790337996896,Karang empat kok airnya gak nyala sama sekali  ya ?,649
18068106086202271,"Bukannya ga menghargai yg kerja di lapangan, tapi masa sehari aja aliran air lancar, hari ini mampet lagi... Daerah gayungan.. Ada apa lagi kali ini??? Ini masih pagi looo... Ga ada info update??? Tolong donk ini mengganggu aktifitas.",881
18099024001635993,"Ini kalau tagihan air tetap tinggi padahal air sering mati, aneh sih ya...",672
18030146195519327,"Halo mimin,daerah Gayungan airnya mati. Kok g ada pemberitahuan?",85
18099519805647243,Ya Allah mati lagi airnya. Sebenernya kalian kerjanya gimanasiiiiii,145
18006871649645351,karah ada perbaikan atau ada yg bocor min? kok airnya pagi ini tiba tiba mati @pdamsuryasembada,322
18052868846300282,@pdamsuryasembada ya masa terus2an kak? Kemarin udah bagus nyala eh skrg mati lg tanpa pemberitahuan. Semua kerjaan jadi terhambat,411
17853487548503590,Air di jambangan mati. Bisa ga sih klo ada proyek kyk gini gak mengganggu konsumen. Bayar loh kita inu,132
18057699893540939,@pdamsuryasembada terus kapan ini nyalanya? hampir seminggu loh ya gangguan air terus. giliran kapor lewat WA eh baru dateng 3 hari kemudian kan kasep,286
17917733367054912,"@pdamsuryasembada mau nampung sebanyak apa kak? nampung pake apa? sebanyak2nya nampung ga cukup jg kak. kl dari jam 07.30 udah selesai dan normalisasi aliran ke pelanggan, tp sampe saat ini airnya masih mati",587
17882156790400178,"@pdamsuryasembada sudah dua minggu berjalan air mati terus setiap malam, kadang sampai siang  di  daerah Wisma Pagesangan,dampak proyek box culvert. Ke depannya masa terus saja begini ?, proyek box culvert harusnya hati"" dalam bekerja",139
18068174525202887,@rmayangd betullll bikin proyek kok nyusanin masyrakat hrusnya dapat refund sih atau gratis bayar pdam sebagai kompensasi. Masa iya seharian airnya mati debit terlalu kecil.,885
18086536030898151,"@pdamsuryasembada  sudah lwt wa  juga dm ,tolong juga untuk air nyalanya jangan malem""  dulu  jam 10 malam sudah nyala ,sekarang jam setengah 1 baru nyala ,saya penampung airnya gak banyak  cuma 400 liter jadi setiap hari isi",202
18124323667501010,"@pdamsuryasembada selamat pagi, ini udah nyala tp plis bgt bgt jgn mati lagi",213
18129394021484955,Ngene iki proyek negaea korupsi ga tanggap blas mota mati ae,363
18086578483911272,@pdamsuryasembada GAJADI NYALA. ini mati lagi hhhhhhhhhhh,213
17982143681866074,Semangat semangattt🤩🇮🇩,546
18103828015531988,"Kebraon airnya kok ngalirnya jd pelan/kecil terus akhir2 ini, biasanya kenceng 🧍‍♀️",44
18073910156336933,Daerah Tambak pring asem rowo air nya kecil malah ga keluar hari ini. Knp ya?,264
18295257121248892,@pdamsuryasembada iya betul airnya kecil sekali apalagi klo pagi alirannya sekecil rambut 🥹,37
18154547455398836,kebraon airnya mati lho,424
17982872330911161,"Kebraon ada perbaikan atau ada yg bocor min @pdamsuryasembada ? Kok ini airnya tiba2 mati. Dari pagi kecil sekali mengalirnya, ini jam 15.43 bener2 mati ga mengalir sama sekali. Mohon infonya min.",18
18106434265597470,pak klo mau matiin air itu ya mbok konfirmasi dl ini Kebraon kok tiba tiba mati tanpa ada pemberitahuan,818
17886252255373146,"Pak kebraon mesti kok mati , mati nya mesti waktu orng aktivitas",435
17869919010373398,sudah 3 hari ini tiap sore kebraon airnya mati lo min😩,424
18076852664160884,KEBRAON PERBAIKAN NANDI MANEH !!!,431
18112855645557053,Ssemoga pekerjaannya lancar dan segera bisa selesai tepat waktu. 🙌,143
17881333722394448,Sampe jam brp pak selese nya?,708
18023139206778849,Semangat Cak David dan Tim!! sehat selalu 💪🤲,618
17893433403344177,Semoga lancar dan cepat selesai,624
18092316175840261,Airnya kok keruh ya @pdamsuryasembada,561
17924286165118540,Semangat mas david dan tim semoga diberikan kelancaran dan kemudahan ❤️❤️❤️,775
18082918315960351,@pdamsuryasembada bambe dukuh menanggal keruh,768
17884726518263690,Pak untuk lokasi Tanjungan Sumput kok belum lancar airnya.,774
18028393421533708,Kok wilayah jambangan mati ya airnya??,24
17921838267038445,"apa berimbas ke debit air jambangan baru selatan, gak ngalir sama sekali di kran depan",33
18094389820773200,"Karah belum normal ini, karah karah. Airnya tidak mengaliirrrrr",341
18079236805856697,"Giliran komen positif2 ditanggapi, kalo komen tanya air mati smpe kapan ngga ditanggapi.. kita cm butuh djawab ngga sih biar tau estimasi,entah itu tepat ati ngga urusan nanti.",108
17998822373828425,Apakah bisa diinfo yg terdampak mana saja ya? @pdamsuryasembada,60
18108595108601437,"Karah mati aernyaaa
Kapan bisa nyala heeii",851
18067354025459807,Halo sampe kapan ga mengalir ini ?,836
18108051346600737,@pdamsuryasembada kapan karah ngalir pak habis air,228
18079738319287228,"@pdamsuryasembada perbaikan mati, nanti normalisasinya seharian lagi debit kecil bgt jdi gbsa ngalir dengan baik. Kmrn di wisma pagesangan skrg karah. Gitu aja terus min. Tolong dong lebih diperhatikan.",904
18005489432801047,"@pdamsuryasembada pagi ini air tidak sampai ke dapur, selalu di pagi hari, baru normal pas siang jam 1",733
18075439331173889,Jawatimurkuu🔥😍,557
18059834591180119,Serunyooo😍,547
17949627357041313,Kerenn bangett 🙌🔥,506
18093208594794248,ayah selalu support kamu fachry @fachryandd 🙌🔥,548
17870155098374124,wahh baru tauu 😍,549
18536028607018050,Om bangga banget sama kamu le @fachryandd 🔥🥹,550
17870348604446846,Menarik nih buat warga sby 😁,235
18117494119521795,Keren min kontenmu edukatif 👏🔥,504
18404759497184378,Kok di Wilayah jambangan - ketintang madya airnya mati pak?,25
18104563417626520,Percuma lapor PDAM air keruh dan bau got berbulan bulan tidak diatasi bayar tagihan telat langsung d denda,940
18425716723101554,"Air daerah karah mati lagi min, mohon info",72
18057481463541227,Ayo min di jawab kapan ini mengalirnya ga mandi ini pulang kerja 🥴🥴 menyebalkan,175
18107769505595911,"Ayo dijawab donk...ini air mati smpe kapan?? Daerah karah,jambangan??",360
17888382996362701,besok pagi uda bisa belum pak daerag ketintang karah??,197
18075526649276187,@pdamsuryasembada iyaaa matinya sampe kapan? Seminggu kemaren udah mati lo,657
18095070526772666,@pdamsuryasembada pipa bocor bolak balik emang ga belajar dr kesalahan kah?,475
17924631516148419,@pdamsuryasembada terus tanggung jawab kalian apa kepada pelanggan yg terdampak?,730
18031863869727951,"@pdamsuryasembada terimakasih min semoga sehat selalu bapak2 pekerja, usul aja sih min mungkin bisa dikasih peta pipa pdam yg melintasi area galian biar hati2 jg bapak2 yg gali 👍",5
17912450472226474,"sudah sebulan, tiap pagi jam 5 sd. 1 siang, air tidak sampai dapur, trus aktifitas dapur kapan?kualitas air hanya bisa dipakai mandi dan cuci piring. - jambangan baru selatan dan sekitarnya",3
17901478368276199,"hari ini aliran tidak sampai ke belakang, masa tiap hari seperti ini, cuci piringnya gmn? dapur iso kemproh lek gak ndang dicandak, kualitas air berminyak",1
18080108141088165,keren banget pdam🔥😍,507
18081741437517024,"Min, dari minggu kmrn tiap pagi air mati. Hari ini dari pagi sampe sekarang gak ngalir². Tetangga kanan kiri air nya juga mati min. Lokasi rejosari selatan SMPN 14 surabaya. Korahan piringku numpuk min 😓",638
17966207417817612,"@pdamsuryasembada walah min wes seminggu. Lha sampe kapan ngene min. Kampung mburi air e lancar, omah pinggir embong mati. Karepe pie. Seminggu ngangsu gempor tangan ngangkati galon. Ngene suk mbayare tetep akeh. Dzolim iku jeneng e min",888
17957721629863764,min bulak banteng baru daripagi airnya gak nyala sampe skrg 😭😭😭😭,367
18322542661211713,Kenapa daerah karah mati lagi airnya pagi ini ya min ? Kemarin udh nyala sekarang mati lagi 😢,850
17962970156997174,Info NOMER YANG BISA DI HUNGI HOE,61
18391559050133491,Ngasih nomer yg bales AI semua,622
18095980885738612,@pdamsuryasembada duh kak kemaren katanya udah selesai trs skrg msh di perbaiki. mau sampe kapan se mati terus itu hhhhhh,368
18083255798492288,"Koreksi Min, 5 Oktober itu bukan Senin, tp hari Ahad/Minggu 👏",307
17901655152275068,PDAM tolong bantu saya air di rumah mati 🙏,383
17880851727401986,Knp info nya mendadak sekali..minimal h-1 donk,62
18080366018001416,"mendadak pemberitahuannya., dari pagi udah nggk keluar airnya min,.",272
18067183481052654,halo min daerah karah di surabaya selatan kok air nya mati ya kenapa,346
17875962738423553,Min sampai kapan ini ?,708
18081982591796424,"Kebraon, mati ya min..?",424
17844267516576705,@pdamsuryasembada sdh nyala min,202
18108124951582587,Ini daerah bulak sampai jam brp ya ? 🙏🏻,710
18022737818569088,selasa pagi ini blm jg ada air,484
18106705897596952,@pdamsuryasembada area bulak setro,686
18079963490316083,@pdamsuryasembada tadi sdh nyala airnya skrg kok mampet lagi ??! 🙏🏻,209
18082365190947876,@pdamsuryasembada sdh nyala lagi... terima kasih 🙏🏻,202
18099805687634485,@pdamsuryasembada sudah selesai tapi siang gak ngalir juga min..,638
18063421238108112,"Min...bulak belum normal, air belum mengalir 😢",830
18025454690549144,bulak setro kok belum nyala ya min,687
17860274151505699,Bulak kali tinjang air belum keluar.. Udah hampir 24jam,688
18082881271783730,gmn ini tanggung jawabnya bapak/ibu yg terhormat .. sudah lebih dari 12 jam,731
18055958123530901,Dari semalam mati dilanjut siang ini.. Hebat,413
18359163874086453,"@pdamsuryasembada lah iyaa kok bisa bocor.. 09.30 selesai jam 11  air bocor setinggi itu, dan baru di respon jam 13.00",474
18114800164527262,@rii.roo bu ini kayaknya krn protek goronh2nya pak @ericahyadi_  yg mbuh pekerjanya area menanggal muesti ga beres. Krn tak iteni setiap ada proyek galiane eri mesti bocor kayak mereka ga paham di situbada karingan pipa apa aja dgn jarak brp2nya 😪,982
18041617403444048,@pdamsuryasembada lagian masang gorong² nak kunu cek opo ga ga lak banjir e sak dukur e omh,499
18051593990303572,@pdamsuryasembada Ndang uripno pak waduh gak mari² ae,696
18118936522521022,Bermanfaat bget😍👏,551
17914237143209814,"Keren, edukatif buat pelanggan nih min 👏👏👏",505
18082491505800700,Sore kak Air pdam Daerah Taman Pondok Indah kok Mati air nya gak ada informasi nya kak kenapa ya kak ?,318
18036870005498571,Ini di benowo air gk nyala mohon infonya,73
17978941163761161,Udh nyala kak brsan kak,204
18074971157515725,KEMLATEN / KEBRAON MATI DARI PAGI... HALOOOO @pdamsuryasembada @ericahyadi_ @cakj1,426
18082126291784217,@pdamsuryasembada udah nyala kak makasih banyak kak,202
17920846605169999,"Halo min, ini air ga nyala lagi ya di daerah Benowo. Kira-kira sampai berapa lama lagi sampai nyala? Mohon informasinya.",127
17950319961013183,KEBRAON MATEK TEROOOSSS GAONOK INFO,93
18142862914428036,Gayungsari mati lagi kenapa Min?,650
18089444701893914,"Wisma Pagesangan Dan sekitarnya mati lagii, mulai tadi malam jam 10an. Sampai sekarang tidak keluar air sama sekali !!",826
18051390293646382,Allahu akbar 😭😭😭,552
17895138411336250,Masih ga keluar daerah gayungan.. Ini gimana mandi orang rumah 😢,778
18093691831744476,jambangan sampe skrg mati pet ga keluar air. ini gimana ya,375
18069349862212784,"Tolong ga keluar sampe sekarang, tolong donk bagian Humas/PR jikalau ada perbaikan sosialisasinya ga hanya di sosial media krn ga smua follow insta PDAM, kalau bs sosialisasinya di tmpt terdampak dan jg ksi solusi dan ga smua pny water tank. Sy komen krn sy feel sorry sm tetangga yg harus jalan ke tmpt Sy angkut air pdhl org tua. Makasi mohon bekerja lebih bijak.",984
18080439937826365,@pdamsuryasembada di depan warung sayur masih bocor pak,471
18055936697230646,Perbaikan di menanggal depan toko plastik itu apakah sdh ada tukang perbaikannya ya? Kok airnya mancur dari pipa tp gada yg benerin? Nunggu smpe jam brp ini yg daerah menanggal,122
18071794217469494,Bagaimana ini sampai saat ini daerah menanggal tidak keluar sama sekali.. tolong dong kerjasamnyaa,378
17917830045188264,Kasihan orang2 apalagi anak2 dan lansia2 yg dirumah butuh air buat kebutuhannya! Tolonglah daerah yg menanggal segera diperbaiki! 🔥🔥,974
17928565191124566,"Pagi ini gayungkebonsari dalam juga mati lagi. Sudah 3 hari berturut turut, mohon bantuannya",753
18114079621548816,Edyan. Dari selasa malam sampe pagi ini kacau semua urusan permandian dan urusan rumah..,815
17869414644450030,Ya allah beli galon lagi,559
18096497758684040,@pdamsuryasembada Masih belum keluar airnya?,268
18025344767550029,"Astaga min, ini kebraon kenapa mati lagi dari kemarin gak ada pengumumannya juga! kita bayar gak pernah telat tp jarang mandi, mota mati ae minnnn",803
17880905208401670,@pdamsuryasembada ok makasih ya. Semoga ga da gini2 lagi. Repot semua.. Makasih buat Tim yg di lapangan,776
18066676178353099,Jambangan air mati dan berpasir gak layak pakai. Gimana ini min,454
17872455399353322,@pdamsuryasembada Tenane kok msh blm ngalir air nya??,210
17868935430452702,"min, kenapa tiap pagi dari hari selasa air mati ya? gangguan seperti ini sampai kapan? di jalan gayung kebonsari manunggal.",824
18126720097483846,"Air di gayungsari barat masih kotor dan keruh , sampai kapan ini min",772
17848087251548294,@pdamsuryasembada jambangan belum kak,553
18206666308308721,"@pdamsuryasembada kurang tau min, saya lagi dikantor. ntar sore coba saya pastikan lagi.",596
17996716523687402,@pdamsuryasembada menanggal,376
17842415274596123,"@pdamsuryasembada stop krannya sudah posisi terbuka, tetangga jg blm keluar",279
18060605519577861,Info daerah Benowo air mati lagi ya min?,636
17886897918363257,"air terpantau mati lagi, tolong update kondisi & share info ya kalo air mati. biar aware dan bisa siapin air.",54
18019466276593037,"HALLO, MATI LAGI NIH DAERAH MENANGGAL!!!",377
18078719816008406,@pdamsuryasembada ini kenapa sekarang mati lagi? Tidak ada pemberitahuan,84
18093267730796154,Min hari ini apa mati lagi airnya daerah bambe dukuh menanggal,769
17881076877283213,kebraon 3 hari air mati,424
18090005449847937,"Air setiap malam mati, ketika telpon call center selalu tidak bisa. Bagaimana ini @pdamsuryasembada @suarasurabayamedia  @ericahyadi_ .",166
18122853265447150,Ini karah air mati miin,340
18081021974093471,Sampe kapan to kaya gini ??? Mau nyuci baju aja tunggu jam 10malam dulu,844
18299682337264894,@pdamsuryasembada tgl 18.10.2025 magrib tadi udah habis . Keluar air lagi jam stgh10 nanti 😮😮😮,766
18339609775205450,"Setiap hari mati hmm, luar biasa",638
17890004484223345,"Pak @ericahyadi_ , gara"" proyek box culvert ini pak, menyusahkan warga @suarasurabayamedia  @pdamsuryasembada",136
17873259144431297,"Matinya udah dari hari selasa dini hari, bukan selasa jam 21.30",685
18103902898717240,Bukannya tadi dinyatakan selesai ?,684
18042601292446761,@cahayaningrum nanti malam mati lagi mbak 🥺 @pdamsuryasembada,638
18094389442815037,"@dyahnaw lha ya mbak...akal2an di kasih flyer gangguan baru, aslinya ya dari dini hari tadi, sekarang nyala cuma bisa di depan doank itupun sebesar 1 lidi, para lansia yang tdk punya tandon kan kasian banget, masak iya disuruh angkut2",917
17922364818027730,min kebraon kenapa lagi?..kok mati tiba2,424
18095070934738336,Haduh Kebraon lagi,430
18100130407571453,kebraon kenapa mati tiba2 min,424
18141980698426563,Kebraon dari siang mati  sampai skrg nih. Apa ada gangguan ??,419
18079793084292330,"@cahayaningrum bener banget mbak, kasian. Kita mau aktifitas juga terganggu. Menyebalkan sekali",729
18114072646555276,"Kebraon air mengecil, apa lagi ada perbaikan juga?",953
17892701499205937,Ini disuruh tayamum ta,597
18071814410335719,@cahayaningrum tadi siang saya lewat sudah bocor air pdam nya kemudian antisipasi nandon air langsung sblm pemberitahuan ini,970
17862956385479949,Min suara jalan lebih kenceng drpd narasumber 😓😓😓😓😓😓,744
18074958218164632,Min daerah jlidro Sambikerep dr semalam air tdk nyala karena ada pengerjaan bpx culvert sampai kapan ya min tdk nyalanya?,155
18069436214212764,iki balas klumprik lapo mati maneh..?? pancet ae mateni banyu gak onok infonsak durunge..!! @pdamsuryasembada 🔥🔥🔥,70
18072168449246006,Panjang jiwo masih mati,651
17932261709982247,Veteran mati gak dapat air sama sekali,673
18012858053619704,Memang terbaik @pdamsuryasembada hari selalu menuju pelayanan terbaik,593
18311512645222688,"@pdamsuryasembada  jln veteran, gang 5/d, no 03 kabupaten Gresik",864
18071726915333650,Semenjak gg tomat di perbaiki ... grya kbraon tgh sekarang air nya mengecil,862
18070670942265482,Kebraon mati ta iki boskuuuuuuuuuuuu gasido ngeseng ikiiii heeeee,424
18051158900320511,Yang saya heran apa PDAM tidak punya maps digital untuk di berikan ke PU sebelum mengerjakan agar mengurangi kesalahan galian,972
18083613670768777,@cabeutifull 😢 the real urgent yg bs dirasakan,598
18107747506600953,lidah kulon jek mati pdam pam ledenge e @ericahyadi_  @seputar_surabaya_e100,789
17892325752342534,@izulkarn41n kaet isuk soboh matek,654
18090053407868529,Semangat buat teman teman SATGAS jangan mengeluh dengan pekerjaan,960
18085400239914199,Daerah pakuwon indah surabaya barat airnya ga waras2 kecil terus ga pagi ga siang ga sore sama aj?,867
17904149298126597,Benowo pagi ini kok gk keluar lagi airnya min ?,635
18424262404104656,@bellaaristas apalagi kalau jam segini pagi siang sore kecil mulu air nya ga bisa naik ke lain 2 pak @pdamsuryasembada,258
18092742997774693,@bellaaristas lantai 2,554
18140785558429371,@pdamsuryasembada iyaa terima kasih mimin. Sehat sehat buat tim,619
18149932837404080,@pdamsuryasembada pakal amd,678
17925412005132596,@pdamsuryasembada sudah dm ga dibls,605
18075918635514534,@pdamsuryasembada sudah nyala min,202
18089393737874289,"@berrinarina ga usah berharap kompensasi, mbak. Bumd dan bumn selama ga punya saingan bisnis ya gini ini😂😂 karepe dewe",871
17917244226189309,@pdamsuryasembada banyumu terpantau gorong munggahbnang daerah sumberan.. klakuanmu ubahen.. sak durunge mateni banyu gae perbaikan jaringanmu.. info'en disek.. uwong² iki gak nganggur.. isuk ate nyambut gawe banyu mati.. fungsine uwong² ngefollow akunmu iku pengen ngerti informasi gak klarifikasi.. iki ta bukti sloganmu #gerakcepat .. opo'ne seng cepat..?? seng kudune informasi malah dadi klarifikasi.. #ancengoblok 🔥🔥🔥🔥🔥,75
17904281787124997,@pdamsuryasembada pakkk kebraon masih mati airnya 😢,424
18037606286686240,Normalisasi itu berapa jam ya? Ini sudah 2 jam masih kecil sekali airnya.,259
17924304645017308,"halo min, saya dapat info katanya akan ada kenaikan tarif bulan ini. apakah benar dan urgensinya apa ya naik tarif di saat ekonomi seperti ini? @pdamsuryasembada",101
18075084341140594,@pdamsuryasembada sudah saya dm datany ya min,609
18077370332279451,@pdamsuryasembada tapi di rumah saya airnya belum kluar min,189
17900784351143580,Min apakah ada perbaikan krn dr td pagi air di daerah klampis ngasem gang masjid keluarmya sedikit,950
18357325777081522,@pdamsuryasembada sudah siang gini. Tak kunjung keluar air ya. Gmn nihhhhh. Tagihan naek trus. Pelayanan malah turun hadehh,278
18285382528279195,@pdamsuryasembada baik terima kasih pagi sudah nyala dan bisa aktifitas lagi,200
18204962860310597,"Min omaku daerah hr muhammad. Lek mari onok kebocoran trus wes mari diperbaiki ngunu banyune mili terus isuk awan bengi mantap lah.... tp marungunu ga suwe, isuk jam 7 wes ga nyala kran dapur, ngenteni awan jam 1 baru isok mili nak dapur lek ga disanyo ga bakal iso mili. Ngunuku tanda onok kebocoran ta minnnnn",476
18322318507300816,@pdamsuryasembada min tagihan air saya perbulan biasanya 30-60 perbulan tp sejak d ganti meteran yang baru kok jadi kena 230 an,726
17883980952264450,@pdamsuryasembada 083849323582 .mohon bantuannya pak,759
17912609883207665,Balas klumprik air matii todak nyala2,71
17932334174983922,Kebraon mati dari semalam  ini. Ngk ada info gangguan dan respon apa yah ???,100
18041345093443696,MAKSUD- E OPO Kebraon AIR MATI 😤😤😤😤,427
17994486335827109,Woyyy Kebraon mati ya opoo Iki sampe yamene,416
18015478406607082,He kebraon moro moro mati piye? Wayahe wong makaryo ape adus raiso,808
18075086693035952,Mati sampe pondok maritim oiii (karang kumplrik timur),945
18042638264405984,KEBRAON WOOIIII,430
18129987796474066,Kebraon air mati blm nyalah sampai skrg,417
18078029141021669,"Daerah Kebraon Surabaya air mati sejak tadi malam sampai hari ini dan tanpa informasi. Kami bayar nggak pernah terlambat, harusnya ada kompensasi buat warga.",16
18059312303382629,@pdamsuryasembada Untuk pemasangan pipa di Kebraon Gang Tomat selesai dan normalisasi pada pukul berapa?,863
18153452539401446,Yang tidak terdampak kok bisa ikut mati airnya min. Seperti daerah kebraon dan sekitarnya,436
17934977273964446,"Turu ta Min, kok gak onok respon?",617
17985071084857125,pakis gunung sawahan udah 6 hari air cuma nyala dijam 11 malam - 4 pagi min 😢 mana pas hari pertama gak ada info lagii. ini sampai kapan ya min air nyal cuman 6 jam sehari 😢,184
18075151742119439,"@pdamsuryasembada oke min thx infonya. Lain kali jangan mendadak gini min, seenggaknya ada info sebelum pemadaman biar kami nandon air terlebih dahulu",102
18085773610916740,Min PBI surabaya barat belum menyala 🙏,236
17983526720907542,Pakal air mati lagi,675
18404896411184483,PAKAL MATI MANEH MIN 😢,675
18103353526623102,Sekarang Kebraon air mati min @pdamsuryasembada,424
18045843821368056,"Kebraonnn saat ini air matiii,,tarif air meningkat tp air sering kecillllll 
Solusinyaaa apa ini",437
18065532356056998,kebraon mendadak mati pet piye min?,429
18523869067040882,"Saya tlp call center katanya belum ada pemberitahuan air mati , ini dri kmrin mati terus di pakal benowo 😢😢😢",167
18528790816023746,air pdam di pakal mati lagi min @pdamsuryasembada,676
17996679524824221,"Benowo mati airnya, miiiin!!!!",635
18102875548619760,@pdamsuryasembada kenapa air di kebraon mlm ini mati??,424
18018159404593517,"@ranie.albani. Lha iya. Ga ada info gangguan tiba2 mati pet. Klo pas ada info biasanya malah ga bnr2 mati. Dan ini udah berulang2 begitu. Sering bgt ga ada info tiba2 mati, kdg sampe luamaa. Bsk pdhl hari kerja/hr sekolah. Malem waktunya food prep buat bsk pagi, air malah mati. Gimana PDAM ini, pelayanannya dr dulu ga jg membaik",328
18286121458274924,@novi_e_mulyanti iyaaa benerrrr kak..mana tagihan makin lama makin mahalllllllllll tp pelayanan zeroooooooo,725
17981245181909253,Kebraon kok mati juga ya,424
17949654392897955,"Kebraon tbtb ikutan mati airnya bjir, nyala air kapan?",42
17923949637115845,Kok mati air kebraon?,424
17869152036446633,Kebraon mati gaonok info2 blas rekkkkk,93
17845032774567485,"Knp ga ad info tiba2 air pdam mati di kebraon,segera benerin bsk pagi waktunya anka sklh da krj",19
18028311857526862,Kebraon masih mati min,424
17864297721470182,"Kenbraon air mati dadakan, kek mana ini bjir, plis nyala kapaaan",43
17856133395534870,"sumberan mati,, info gak onok.. terus fungsine wong² ngefollow akunmu gae opo..?? mending gawe'en akun judol ae akunmu lek gak iso melaksanakan tugas semestinya 🔥🔥🔥🔥🔥...",555
17904869079255621,"Minnn, air Kebraon mati gak ada info? YOK OPO se????? 😢🥲😤😤",97
17865930612464787,@pdamsuryasembadasby Kebraon air mati min Yok OPo? 😭😭😭😭😭😭😭😭😭😭😭😭,433
18082112050785264,KEBRAON GAONOK INFO REKK KULINO,96
18083671342751501,Malam ini air di KEBRAON mati TANPA ADA PEMBERITAHUAN GANGGUAN.,819
18001087172819062,"kabraon mati ayoo aku kate umbah"" tell",424
17907637914248340,"ayo kebraon""",434
18151894993403646,"MATI AIR MBOK YA BIKIN PENGUMUMAN OJOK NGIKLAN AE MIN, MBAYAR BANYU TAMBAH LARANG, MATI PET GAKNOK WORO2 👎",802
17920295859172336,"Sama kak, dari hari minggu di rumah pakal sudah ga nyala",300
18529187152013139,"Air wilayah Kebraon dari semalam mati, gimana ini @pdamsuryasembada",414
17863321425413737,"@ranie.albani  Iya, skrg retribusinya aja  udah 11rb di luar pemakaian air. Tapi pelayanan zonk. Kebraon sering bgt kena air mati tanpa info.",20
18052034066280097,KEBRAON🔥🔥🔥🔥,430
17895477783182224,"Min, udah shubuh ini. Mau wudhu, masak, mandi gmn? Ini kenapa gangguannya dan sampe jam brp Min?",816
18410499685112992,"Min mbok yo ngomong2 isuk mau wayahe saur, masak ados banyu kok g ngalir iki pie..gek ndak fulli bak mandi misan😭😭",176
18057691265411274,kebraon sampai jam segini belum nyala 🔥🔥🔥🔥,40
18098279053660302,Heran tingg di kota air sering mati. Tagihan e larang banyune matian 😂,331
17909722044090725,Miinnn kebraon min belum nyala 😢,41
18045372947671603,Air di kebraon mati tanpa pemberitahuan. Dari malem sampai subuh waktunya orang beraktivitas masih mati. Sangat ga profesional.,822
18084219071301381,"BANYUNE BANYUNE, KATE BUDAL KERJO TOLONG. GWENDENG MESTI ISUK² WAYAHE WONG KERJO 🔥",151
18097424332710951,Luar biasa. Air gangguan ga ada pemberitahuan sebelumnya sama sekali dan matinya sampe jam 5. Sing ate budhal kerjo awakmu thok ta? Manajemen sangat buruk😂😂 PDAM M nya GABISA DIMINUM😂😂😂,946
17852605461552659,"kebraon due masalah opo min sampek yahngene sek mati, kora'anku akeh iki🗿",418
17934918749990337,Pondok Maritim tiba tiba mati! Lah mbok kiro omahku onok sumber banyu ta. Kebelet ngeseng iki bos 😂,943
18043592027398203,pak Kebraon dari kemaren malem Ampe sekarang blm nyala dan gak ada pemberitahuan sama sekali maksude opo iki,799
17981167217874744,"Pak, kebraon mati pak, ga isok wudhu pak",428
18165051682327598,"Minnnn... Kebraon airnya mati dari semalem jam 20.00 an sampek sekarang belom keluar min, Kate budal sekolah, kerjo iki mi",809
17892249585199869,PAKKKKKK BUTUH AIR PAK WARHA KEBRAONNNNNNNNNNN,745
18147384718411096,Smpe kapan ini air di kebraon mati.. udah dri smlm gak ada kabar .. tiba2 mati 😢😢😢,415
18063831677369216,Pondok maritim air mati total gimana ini?? Ga ada pemberitahuan sama sekali. Bener2 menyebalkan banget!! Kasian anak saya sakit perut ga ada air krn ga ada info bakalan kalian matiin aliran air. Keterlaluan!!!,326
18368975269155904,"Semaleman dan sampai saat ini air mati di daerah kebraon.gmna ini min. Gak ada pemberitahuan juga, sampai jam berapa ini matinya?????",87
17909416899232518,"Makanya belakangan ini air kuecil bgt keluarnya daerah dukuh kawal, gak selancar dulu😢",253
17886809814241820,Biasanya tagihan air saya /bulan hanya 28-30rb tapi sekarang kok bengkak jadi 80rban,727
17943356214059003,tolong segera di selesaikan secepatnya karna warga butuh airr cepaatt 🙏🙏,746
17897843214163657,Medayu belum airnya gak keluar ya?,721
17935867503094584,Min pakal kapan air nyala? Udah dr minggu,301
17853045615508583,JVC utjgj nng  cb bv. Vv vbvv,591
17980973852865689,Untuk daerah sidorame apanjuga terdampak? Soalnya sanyo saya jadi kecil keluarnya padahal g pernah2 nya keluarnya kecil @pdamsuryasembada tolong dong tanggapannya,812
18099572200572126,@pdamsuryasembada saya sudah DM tidak ada tanggapan sama sekali,606
18533698888014693,Staff anda atas nama ERNAWATI suruh bayar UTANG PINJOL nya sekarang.,786
18321913192209644,Daerah rungkut kenapa kok jg g nyala airnya,353
18071307389192745,@pdamsuryasembada medayu utara,718
18163351120377922,@pdamsuryasembada medayu utara gg 17 raya no. 26 rungkut sby,865
17935401830966211,Kebraon Kebraon masih mati. Gmn kabar . Katanya pagi sudah kelar. Susah ngk ada info gangguan. Sampai siang. Air tak kunjung keluar. Gmn nihhhhh,17
18079151795012098,Klampis  ngasem gang masjid airnya keluar kecil apakah ada perbaikan di sekitarnya min?,951
18058695359176984,air pdam pam mati sejak pagi di lidah kulon @suarasurabayamedia,790
18025170848746362,@pdamsuryasembada sore baru keluar air. Tapi kecil banget beberapa tetangga juga mengeluhkan seperti itu,251
17963971403825740,"Malam admin, daerah Mleto (Surabaya Timur, Sukolilo) dari bulan September kemarin sering banget setiap habis shubuh sampe jam 9/10siang mati tidak keluar air sama sekali, 
Air lancar saat siang dan sore saja, jam 5 sampe jam 8 malam mati lagi
Biasanya mati air jam 6an pagi aja, ngga sampe jam 9

Repot banget pas pagi mau berangkat kerja🥲",368
18020415476774170,"Sabar min, 🔥suroboyo lg panas2e. 😂. Panggah semangat yo min 🙌🙌",456
18124150681496245,"@kharistiano28 🥵🥵 puanas pwoll, es teh jumbo mbak nar enak iki 🤤🤤",465
18059482781452584,@damaxrif konten belum kelar udh minta mbak nar,599
18099037144638151,Kira² sampai jam brp ya Pak PDAM?,707
17859789150508427,"Pancet ae, blox cluvert😮",135
17942932973933723,Gangguan lagi teruskan aja 😂,588
18041137391691967,nyrimpeti wong urep,211
17910208758091059,"kebraon sempet ga ada air ngalir, mau mandi aja harus nyalain sanyo, biasanya tanpa sanyo airnya deres😂",481
17852216838511483,"Ini daerah lidah kulon udah 3 hari g ada air, jg g ada informasi perbaikan.",57
18542426602021171,"Lain kali, jangan èstimasi +/- 5 jam. Mending estimasi nya +/- 50 jam.",516
18073548701276946,"smngaattt pak, smga cpt selesai ya . smntara sya hemat air dlu. hrsnya sya punya tandon sih",875
18532154566006871,@aharnoldi benerin sndri bang 😂,584
18103218913717462,"Selamat Hari Batik Nasional 🙌
Mari jaga kelestarian batik untuk anak cucu kita.",975
18265172356304631,Ini daerah Benowo tidak mengalir ini,635
18049704197640001,@pdamsuryasembada hari ini 1 oktober pukul 22.00 mati lagi min @pdamsuryasembada,350
18079311487991607,"Kisah Para Rasul 16:31 (TB)  Jawab mereka: ""Percayalah kepada Tuhan Yesus Kristus dan engkau akan selamat, engkau dan seisi rumahmu.""",116
17899097757297490,"Min, call centernya susah banget dihubungin. Sudah nunggu lama banget, akhirnya tersambung tapi suara saya tidak kedengaran akhirnya ditutup",12
18081750262777864,Pengaduan via Whatsapp lama juga ga dibales2,292
18010213949795385,"WES NGERTI NGENE, BANYU MATI GAONOK PEMBERITAHUAN BLAASS DAERAH KEBRAON",88
18071058569467931,boleh minta botol nya gak min,697
18099662344650435,yakin min?? udah turun lapangan blm?,600
17899447785290379,LEK SAMBATAN BANYU MORO² MATI TAPI GAOLEH INFO OPO² SAMBAT NANDI MIN???,674
18071648249178283,"Izin mengadu di sini, saya dikenakan biaya 10 juta pada pemasangan. Tidak tahu lapor kemana.",783
17857990806518422,@pdamsuryasembada cek DM min,496
17858945469509717,"Benowo airnya mati lagi, miiinnn!!!!!",637
18362712862084403,"Baru ngerasain air mengalir senin malam, rabu malam udah mati lagi. Benowo, miiiinnnnn!!!!!",52
17909619852229726,"@pdamsuryasembada sudah ngalir, min. Makasih",202
17986437602728524,Mota mati ae banyu ne min min benowo iki,635
17922215574155600,Sek gorong mari ta min😢,680
17919663372162844,Hr muhammad apa ada pipa bocor ya?,467
18076931612038098,Gak onok banyu blasss😢,602
18083244548506268,"Iso kena penyakit kulit mergo g adus , g umbah2, g sak barang e sing gae banyu min . 3 dino daerah lidah kulon banyune g milii",794
17878955889407396,"Kalau pengaduan ke pdam lewat mana lagi ya yang cepat... ke call center sibuk terus... ke cis pdam sby masih di proses... sedang meteran berputar trs pdhl kran mati. Call center nya cs nya apa cm 1 ya bpk"" pdam... mesti kemana lg pengaduannya sedang",967
17850851388559306,"@pdamsuryasembada Terimakasih atas respon nya, kemarin sdh ada petugas PDAM yg sudah dtg kerumah",948
18047706278649704,@pdamsuryasembada sudah kak pukul 03.30 nyala,202
18328305892237525,"@pdamsuryasembada air mati sampai tgl 15 ya min berarti,,,, wow",373
18070370933239360,"@pdamsuryasembada baik terimakasih atas responnya, mohon segera direlokasi supaya ada keluar mespikun sedikit²",244
18088364512861903,"Sudah pernah pengaduan lewat CIS,petugasnya datang pas airnya keluar jadi ya tidak ada tindakan😂 @pdamsuryasembada",899
17867238798397753,Kok sering wilayah kebraon air tidak mengalir.. Harusnya lsg dapat kompensasi kirim truk tangki,908
17914518972210353,Kok mendadak informasinya? Mengapa tidak disampaikan sebelumnya?,63
18061833275448990,@pdamsuryasembada kenapa sering sekali di wilayah kebraon air tidak ngalir... Dan kompensasi truk tangi langsung dikirim lah,909
18052882163319064,@ericahyadi_ pak ery mohon diperhatikan kinerja pdam khusus nya wilayah kebraon sering tidak mengalir,911
17996318075842536,Daerah karah dari jam 1 malam smpk skrng nggak hidup2 airnya. Gimana pak? Pegel pak nimbo2 trs gak morop2 cek suwine🥴,392
17983871585872255,"di daerah Pakal Beji PDAM juga air padam, dampaknya luas yaa",315
18409309900136750,Pakal beji air mati,677
18134445007417147,Pas jam jam penting butuh bny air kok karah mati???,344
17976978194933392,Sampai kapan airny di karah bisa nyala???,198
18156398446399076,"Kemlaten kok mati lagi airnya? Beberapa hari lalu mati, sekarang mati lagi.",638
18054212633303877,"katanya pengerjaan estimasi 2 jam, ini subuh air malah mati daerah kemlaten",412
18079750082030193,"Karah kok mati lagiii 
Pagi2 bkin repot ae",345
18145038694425171,karah kok air nya mati lagi ya min,340
18017551235790260,"Benowo airnya mati, min.",635
18080186954040824,"jambangan baru selatan dan sekitarnya, pdam tidak mengalir",32
17960619549002464,min... mati air lagi loh. bener kan sebulan sekali mati air..,580
18321290491209587,Ya kalau tau begitu pengerjaan perbaikan yang efektif dan efisien. Kasih pemberitahuan yg jelas supaya siap siap. Air itu sangat dibutuhkan pemberhentian tiba2 sangat mengganggu aktivitas.,288
18526818784060268,"Apakah ada yg sama, sejak bbrp hari/mungkin sekitar 2mingguan, aroma air pdam spt amis ya,,, beneran bau nya nyengat banget 😮😮",556
18077457740037983,MIN TAMBAK MEDOKAN AYU AIRNYA BUTEK NEMEN YA ALLAHHH,248
17889862326358505,"tolong dong aliran air daerah jambangan baru selatan dan sekitarnya mengecil tiap pagi jam 5 - 10, aliran tidak sampai dapur, sudah 16 hari tidak ada progress",2
18086590405907590,Gangguan listrik lapor Ng ndi min?,493
17935513356086190,"Jika terlewat tidak cetak struk pembayaran saat itu. Dan mau cetak struk sekarang, masuk menu mana ? Karena tidak ada menu riwayat transaksi.",282
18367655890159140,"Hari ini minggu tgl 26 oktober 2025,air pdam tdk mengalir di wilayah kelurahan manyar sabrangan kec mulyorejo",915
18170311534367064,Selamat malam di jln sp2 jlr 3 ada pipa bocor,468
18114324598556738,"PDAM..PDAM...tolong dong jgn bikin tambah hidupku susah...masak hrs begadang tiap hari..bayar lharus lancar ,air tidak pernah lancar..kenapa PDAM slalu bikin orang hidup orang susah😢😢😢😢😢😢😢",916
18080716520013483,"PDAM memang hebat, kl ada keterlambatan membayar cepat2 memutus aliran air ke pelanggan. Tapi kalau bikin pelanggan bingung dg air tdk mengalir tanpa ada pemberitahuan paling nomor satu.saya warga TAMAN TELAGA BODAS KARANGREJO, GAJAHMUNGKUR SEMARANG.",980
18410867584140778,"Yaa ini diwilayah kami dilendang Beso dari kemaren smpe hari ini blm nyala, masih mati , tolong dong",29
17897830962180200,Wilayah Lampung bisa pengaduan disini  nga ya,293
17961187554004175,pdam prigen pasuruan jatim tolong dibenahi air nya,969
