post_id,created_at,username,text,parent_comment_id
DPiRgn6k9BI,2025-10-29 23:44:51 WIB,n_aiiniiii,"['maaf', 'nanya', 'agak', 'gak', 'paham', 'min', 'ini', 'harga', 'untuk', 'pemasangan', 'pdam', 'kan', 'min', '?']",
DPiRgn6k9BI,2025-10-30 05:38:39 WIB,raymundus_aryo,"['maw', 'rame', 'nih', 'kdm', 'min']",
DPiRgn6k9BI,2025-10-31 04:47:10 WIB,opera8176,"['min', 'pdam', 'jalan', 'gresik', 'mati', 'gimana', 'ini', '?']",
DPiRgn6k9BI,2025-10-31 10:05:24 WIB,matokebenny,"['petugas', 'wilayah', 'ploso', 'timur', '<num> b', 'itu', 'tolong', 'di', 'sp', 'udah', 'beberapa', 'kali', 'cara', 'cek', 'airnya', 'itu', 'macam', 'preman', 'cara', 'ngetuk', 'pagar', 'ugal <num> anbawa', 'kayu', 'pentungan', 'macam', 'preman', 'naik', 'pagar', 'tetangga', 'depan', 'saya']",
DPiRgn6k9BI,2025-10-31 10:06:07 WIB,matokebenny,"['udah', 'beberapa', 'kali', 'ngirim', 'komplain', 'langsung', 'harusnya', 'udah', 'dipecat', 'itu', 'petugas']",
DPiRgn6k9BI,2025-10-31 16:44:04 WIB,opera8176,"['terimakasih', 'banyak', 'min']",
DPiRgn6k9BI,2025-10-12 07:34:51 WIB,shelomitaayr,"['knp', 'pdam', 'air', '<num>', 'hati', 'kecil', 'ngalirnya', 'tlg', 'di', 'benahi']",
DPiRgn6k9BI,2025-10-12 09:16:25 WIB,shelomitaayr,"['kebraon', 'pak', 'saya', 'jadi', 'susah', 'beraktivitas']",
DPiRgn6k9BI,2025-10-12 17:15:13 WIB,ifa8416,"['masih', 'berlaku', 'gak', 'min', '?', '?']",
DPiRgn6k9BI,2025-10-12 23:38:52 WIB,andini_rahmadwiandini,"['stelah', 'persyaratan', 'lengkap', 'berapa', 'lama', 'proses', 'pemasangan', 'nya']",
DPiRgn6k9BI,2025-10-13 17:23:11 WIB,ibuk.acid,"['karah', 'kenapa', 'mati', 'lagi', 'airnya', '?', '?', '?', 'jam', 'segini', 'lho', 'gak', 'ada', 'pemberitahuan', 'moso', 'harus', 'tayamum']",
DPiRgn6k9BI,2025-10-13 19:40:37 WIB,alicee.veronaaa,"['saya', 'pengajuan', 'tgl', '<num>', 'sept', 'baru', 'keluar', 'rincian', 'tgl', '<num>', 'septitupun', 'kok', '<num>', 'blm', 'saya', 'bayar', 'batas', 'byr', 'smp', '<num>', 'oktober', 'knp', 'tdk', 'ikut', 'hrg', 'promo', '?', 'pdhal', 'agust', 'smp', '<num>', 'sept', 'ada', 'promo', 'jg']",
DPiRgn6k9BI,2025-10-14 13:37:42 WIB,alicee.veronaaa,"['saya', 'dm', 'ya', 'kak']",
DPiRgn6k9BI,2025-10-14 14:57:07 WIB,irma.vidy,"['rungkur', 'industri', 'airnya', 'mati']",
DPiRgn6k9BI,2025-10-15 10:12:41 WIB,supri.mundo,"['pdam', 'airnya', 'keruhbos']",
DPiRgn6k9BI,2025-10-15 20:01:41 WIB,ichsanguntur,"['kertjaya', '<num> c', 'kok', 'mengecil', 'pak', 'airnya', 'tidak', 'seperti', 'biasanya']",
DPiRgn6k9BI,2025-10-15 21:58:31 WIB,superdeden_,"['karang', 'menjangan', 'susah', 'air', 'boss']",
DPiRgn6k9BI,2025-10-16 08:16:36 WIB,raatihangraenii,"['ini', 'kenapa', 'tagihan', 'pdam', 'melonjak', 'drastiss']",
DPiRgn6k9BI,2025-10-16 18:00:59 WIB,roymarten,"['pdam', 'wonorejo', 'rungkut', 'kok', 'mati', '?', '?', '?']",
DPiRgn6k9BI,2025-10-17 10:18:29 WIB,novia.turrachmah,"['min', 'pengaduan', 'kok', 'ga', 'digubris', 'ya', 'cs', 'cuma', 'iya <num>', 'aja', 'tp', 'gaada', 'petugas', 'yg', 'dateng', '?', 'air', 'mati', 'udah', 'berhari <num>', 'krn', 'meterannya', 'bocor', 'awalnya', 'ga', 'kenapa <num>', 'habis', 'diganti', 'meteran', 'malah', 'bermasalah']",
DPiRgn6k9BI,2025-10-18 22:47:54 WIB,mam_tutz,"['info', 'gangguan', 'air', 'wilayah', 'babat', 'jerawat', 'bawah', 'pondok', 'benowo', 'indah']",
DPiRgn6k9BI,2025-10-19 04:12:37 WIB,diska_kristiani,"['lapor', 'pdam', 'gara <num>', 'banyu', 'ket', 'jumat', 'jam', '<num>', 'sampe', 'iki', 'mau', 'jam', '<num>', 'bengiii', 'lagek', 'nyala', 'ak', 'terpaksa', 'g', 'turu', 'howo', 'panasss', 'badan', 'pliket', 'kabehhh', 'nyala', 'langsung', 'mandi', 'isi', 'semua', 'bak', 'air', 'umbah <num>', 'jam', '<num>', 'subuhhh', 'yahmene', 'lagek', 'ape', 'turu', 'bossss']",
DPiRgn6k9BI,2025-10-19 09:43:35 WIB,quinthariarh,"['katanya', 'perbaikan', 'sudah', 'selesai', '?', 'tapi', 'kenapa', 'air', 'gak', 'nyala', 'apa', 'sudah', 'menjadi', 'rutinitas', 'pdam', 'setiap', 'wekeend', 'air', 'gak', 'nyala', '!', '!']",
DPiRgn6k9BI,2025-10-20 21:39:47 WIB,irwanagatot,"['ini', 'jl', 'juwingan', 'air', 'nya', 'mati', 'gak', 'ada', 'info', 'mohon', 'infonya', 'sampai', 'kapan', 'mati', '?']",
DPiRgn6k9BI,2025-10-21 16:25:53 WIB,elmidwi_hartanti,"['info', 'sampek', 'tgl', 'brp', 'promo', 'nya']",
DPiRgn6k9BI,2025-10-23 09:08:55 WIB,irishcartenz8,"['karah', 'air', 'mati', 'lagi', 'knp', 'min', 'pas', 'nggak', 'punya', 'air']",
DPiRgn6k9BI,2025-10-23 10:03:50 WIB,kokobramiko,"['ruwet', 'wes', 'mbayar', 'gak', 'dipasang-pasang', 'wes', 'meh', 'sebulan']",
DPiRgn6k9BI,2025-10-25 14:52:38 WIB,hameedaa71,"['mau', 'daftar', 'pasang', 'pdam', 'gimana', 'daftarnya']",
DPiRgn6k9BI,2025-10-26 08:35:02 WIB,rafikaiffah,"['knp', 'pdam', 'air', 'belum', 'normal', 'ini', 'sudah', 'satu', 'mingguan', 'inipagi', 'gak', 'nyala', 'wonorejo', 'manukan', 'kulon']",
DPiRgn6k9BI,2025-10-26 18:31:12 WIB,rizamuhammad260491,"['woeee', 'lidah', 'kulon', 'banyu', 'ne', 'matek', 'sedinoan']",
DPiRgn6k9BI,2025-10-26 20:28:56 WIB,rizamuhammad260491,"['terus', 'ini', 'ga', 'ada', 'perbaikan', '?', 'mati', 'mulai', 'kemarin', 'malam', 'lohh']",
DPiRgn6k9BI,2025-10-29 14:56:53 WIB,april.liatri,"['pdam', 'yang', 'terbaik', 'kenapa', 'air', 'saya', 'selalu', 'keruh', 'dan', 'bau', 'nya', 'kayak', 'air', 'airnya', 'bagus', 'hanya', 'di', 'jam', 'jam', 'tertentu', 'saya', 'sudah', 'pengajuan', 'complain', 'tapi', 'pas', 'di', 'cek', 'airnya', 'bersih', 'pas', 'saya', 'isi', 'di', 'jam', 'pagi', 'aja', 'semisal', 'airnya', 'bau', 'keruh', 'gimana', 'dong', 'pdam', 'saya', 'harus', 'mengadu', 'ke', 'siapa', 'dong', '?', '?', 'petugasnya', 'mungkun', 'sampek', 'bosen', 'tiap', 'hari', 'kerumah']",
DPiRgn6k9BI,2025-10-09 16:08:06 WIB,bakulgedangsusu,"['kebraon', 'banyune', 'mateek', 'caakkk']",
DPiRgn6k9BI,2025-10-09 16:09:05 WIB,karunia_ayu_mukti,"['paaakkleekk', 'kebraon', 'airnya', 'matiii']",
DPiRgn6k9BI,2025-10-09 16:12:18 WIB,inggit_putri18,"['kok', 'mati', 'lagi', 'pdam', 'kebraondan', 'seperti', 'bisa', 'ga', 'ad', 'pemberitahuan']",
DPiRgn6k9BI,2025-10-10 06:16:36 WIB,mayarini29,"['di', 'karah', 'airny', 'mati', 'ada', 'ap', 'yaaaaduuuh', 'efek', 'gorong <num>', 'ini', 'bikin', 'sedih', 'masak', 'dua', 'minggu', 'ini', 'gantian', 'yo', 'air', 'yo', 'wifi', 'moro', 'mati', 'trus']",
DPiRgn6k9BI,2025-10-10 11:49:52 WIB,susii_lowati19,"['saya', 'ngajukan', 'dari', 'tanggal', '<num>', 'september', 'sampai', 'sekarang', 'masih', 'blm', 'ada', 'pemasangan', 'sudah', '<num>', 'hari', 'masih', 'blm', 'ada', 'pemasangan']",
DPiRgn6k9BI,2025-10-10 11:51:09 WIB,susii_lowati19,"['padahal', 'kata', 'petugas', 'nya', 'waktu', 'saya', 'ngumpulin', 'berkas', 'menginfokan', 'semingguan', 'untuk', 'pemasangan', 'nya']",
DPiRgn6k9BI,2025-10-11 21:21:09 WIB,sawnturns,"['kebraonnn', 'mati', 'airnyaa', 'pakkk']",
DFKccJJPeW_,2025-10-10 06:33:39 WIB,primadia_amanda,"['pagi', 'ini', 'air', 'daerah', 'karah', 'mati', 'tidak', 'ada', 'pemberitahuan', 'ada', 'apa', 'ya', 'ini', '?']",
DFKccJJPeW_,2025-10-14 15:51:52 WIB,jastipbahagia,"['air', 'hampir', 'mati', 'tiap', 'hari', 'gimana', 'ini', 'min']",
DFKccJJPeW_,2025-10-15 00:50:45 WIB,shafaardini,"['air', 'mati', 'lagi', 'di', 'wisma', 'pagesangan', 'tidak', 'ada', 'pemberitahuan', 'tiba', ""''"", 'mati']",
DFKccJJPeW_,2025-10-19 10:36:23 WIB,kris_acenk,"['barusan', 'rumah', 'saya', 'didatangi', 'yg', 'mengaku', 'petugas', 'pdam', 'dengan', 'tujuan', 'mengganti', 'meteran', 'pdam', 'saat', 'saya', 'tanya', 'surat', 'tugas', 'beliau', 'tidak', 'bisaenunjukkan', 'saya', 'sempat', 'foto', 'orange', 'dan', 'kendaraan', 'setalah', 'tidak', 'bisa', 'menunjukkan', 'surat', 'tugas', 'mereka', 'langsung', 'pergi', 'dengan', 'alasan', 'terlalu', 'rumit', 'bongkarnya']",
DFKccJJPeW_,2025-10-22 19:36:51 WIB,putridaniarw,"['simo', 'tambaan', 'tadi', 'barusan', 'mertua', 'didatangi', 'petugas', 'abal', ""''"", 'disuruh', 'ganti', 'meteran']",
DFKccJJPeW_,2025-10-27 13:59:14 WIB,astrichanteratai,"['kenapa', 'meteran', 'masih', 'ok', 'walaupun', 'lama', 'kenapa', 'harus', 'ganti', 'segala', '?']",
DFKccJJPeW_,2025-10-27 20:47:59 WIB,ekypradana,"['tidak', 'ada', 'petugas', 'yg', 'datang', 'buat', 'cek', 'meteran', 'nanti', 'selalu', 'yg', 'disalahkan', 'pelanggan']",
DO-Gmy3k2oA,2025-10-02 05:37:18 WIB,fredlina,"['mohon', 'dibantu', 'pak', 'pdam', 'wilayah', 'kebraon', 'dst', 'air', 'tidak', 'mengalir', 'dari', 'tgl', '<num>', 'jm', '<num>', 'malam', 'smpe', 'pagi', 'ini', 'dan', 'itu', 'sering', 'terjadi', 'tidak', 'ada', 'kompensasi', 'air', 'tangki']",
DO-Gmy3k2oA,2025-10-02 06:33:50 WIB,pundirama,"['wayahe', 'budal', 'sekolah', 'budal', 'kerjo', 'malah', 'pdam', 'mati', 'daerah', 'pondok', 'maritim', 'kelbalas', 'klumprik']",
DO-Gmy3k2oA,2025-10-03 05:53:18 WIB,yusuf_yogadinata,"['daerah', 'gading', 'karya', 'ben', 'isuk', 'mati', 'banyune', 'sore', 'yo', 'mati']",
DO-Gmy3k2oA,2025-10-03 05:54:04 WIB,yusuf_yogadinata,"['wes', 'sak', 'ulan', 'lebih', 'ngono', 'terus']",
DO-Gmy3k2oA,2025-10-05 21:36:44 WIB,bremana_adi,"['sore', 'sampai', 'malam', 'air', 'mati', 'daerah', 'komplek', 'tni', 'al', 'juanda', 'menyusahkan']",
DO-Gmy3k2oA,2025-10-06 07:13:17 WIB,bremana_adi,"['belum', 'juga', 'keluar', 'air', 'gimana', 'ini']",
DO-Gmy3k2oA,2025-10-06 08:27:50 WIB,bremana_adi,"['komplek', 'tni', 'al', 'juanda', 'dari', 'kemarin', 'sore', 'kami', 'tidak', 'ada', 'air', 'mau', 'sekolah', 'mau', 'ke', 'kantor']",
DO-Gmy3k2oA,2025-10-07 02:11:43 WIB,agungprasetyodh,"['air', 'di', 'kebraon', 'hari', 'ini', 'mati', 'lagi', 'tp', 'tidak', 'ada', 'informasi', 'sm', 'sekali', 'petugas']",
DO-Gmy3k2oA,2025-10-07 06:58:35 WIB,ardigun09,"['hari', 'ini', 'pagi', 'pdam', 'di', 'kebraon', 'gang', 'sekolahan', 'mati', 'sejak', 'perbaikan', 'di', 'gang', 'tomat', 'kebraon', 'tiap', 'pagi', 'mati', 'dan', 'debit', 'air', 'mengecil', 'mohon', 'ada', 'perbaikan', 'di', 'wilayah', 'sini', 'pokoknya', 'sejak', 'saat', 'itu', 'tekanan', 'air', 'di', 'sini', 'berkurang', '<num>', 'tiap', 'pagi', 'mati', 'antara', 'jam', '<num>', 'sampai', 'jam', '<num> an']",
DO-Gmy3k2oA,2025-10-07 07:46:55 WIB,agungprasetyodh,"['tidak', 'keluar', 'min', 'tolong', 'sdh', '<num>', 'jam', 'mati', 'air', 'tandon', 'sdh', 'menipis']",
DO-Gmy3k2oA,2025-10-07 08:35:32 WIB,galang_rizza43,"['pak', 'hari', 'ini', 'pdam', 'daera', 'panjang', 'jiwo', 'juga', 'mati']",
DO-Gmy3k2oA,2025-10-07 11:09:12 WIB,agungprasetyodh,"['sudah', 'semua', 'sy', 'menghubungi', 'melalui', 'telpon', 'pukul', '<num>', 'wib', 'tapi', 'sampai', 'siang', 'ini', 'tidak', 'ada', 'petugas', 'yang', 'datang']",
DO-Gmy3k2oA,2025-10-07 11:47:32 WIB,agus_luigi,"['hari', 'senin', 'tgl', '<num>', 'okt', 'baru', 'kemarin', 'petugas', 'pdam', 'datang', 'ganti', 'meteran', 'barutapi', 'setelah', 'diganti', 'knp', 'meteran', 'sering', 'gerak', 'padahal', 'kran', 'air', 'nutup', 'semua', 'lokasi', 'kedung', 'barukrungkut']",
DO-Gmy3k2oA,2025-10-07 12:26:47 WIB,agungprasetyodh,"['alhamdulilah', 'sudah', 'selesai', 'permasalahannya', 'ada', 'petugas', 'perbaikan', 'pipa', 'bocor', 'dekat', 'lokasi', 'terima', 'kasih', 'banyak']",
DO-Gmy3k2oA,2025-10-08 05:05:37 WIB,anitaoffice2025,"['selamat', 'pagi', 'pdam', '<num>', 'hari', 'berturut', 'turut', 'pdam', 'di', 'gayung', 'kebonsari', 'dalam', 'no <num>', 'pagi', 'tidak', 'keluar', 'airnya', 'nanti', 'air', 'mengalir', 'baru', 'siang', 'jam', '<num>', 'mohon', 'infonya', 'dan', 'bantuan', 'nya']",
DO-Gmy3k2oA,2025-10-08 08:31:16 WIB,anitaoffice2025,"['selesai', 'jam', 'berapa', 'ya', 'kak', 'dan', 'untuk', 'berapa', 'hari', 'lagi', 'selesai', 'pekerjaan', 'nya']",
DO-Gmy3k2oA,2025-10-08 09:38:50 WIB,tatong_pudjantoko,"['jadwal', 'catat', 'mandiri', 'kenapa', 'tanggal', 'berubah', 'terus', '?', 'jadi', 'kepikiran', 'kalau', 'mau', 'pergi', 'ke', 'luar', 'kota']",
DO-Gmy3k2oA,2025-10-10 11:00:51 WIB,mirandaaa14,"['hallo', 'min', 'kenapa', 'telpon', 'ke', 'no', '<num>', '<num>', '<num>', 'sibuk', 'terus', 'ya', 'min', '?']",
DO-Gmy3k2oA,2025-10-10 11:53:10 WIB,susii_lowati19,"['di', 'keterangan', 'nya', 'proses', 'cepat', 'saya', 'ngumpulin', 'berkas', 'dari', 'tgl', '<num>', 'september', 'smpai', 'sekarang', 'masih', 'blm', 'ada', 'pemasangan']",
DO-Gmy3k2oA,2025-10-13 11:35:32 WIB,susii_lowati19,"['sudah', 'saya', 'kirim', 'pesan', 'kemarin']",
DO-Gmy3k2oA,2025-10-17 07:56:28 WIB,baimmm,"['setelah', 'daftar', 'online', 'via', 'aplikasi', 'biasanya', 'untuk', 'lanjut', 'ke', 'tahap', 'verifikasi', 'dan', 'selanjutnya', 'sampai', 'pemasangan', 'butuh', 'waktu', 'berapa', 'lama', 'min', '?']",
DO-Gmy3k2oA,2025-10-22 16:44:04 WIB,katschisby,"['last', 'week', 'someone', 'from', 'pdam', 'visited', 'the', 'house', 'my', 'wife', 'handled', 'it', 'no', 'paper', 'nothing', 'only', 'the', 'information', 'that', 'the', 'appointment', 'to', 'change', 'the', '``', 'meter', ""''"", 'has', 'to', 'be', 'scheduled', 'meter', 'is', 'not', 'working', 'and', 'until', 'now', '-', 'one', 'week', 'later', 'no', 'information', 'at', 'all', 'service', '?', 'yeah', '-', 'please', 'check', 'what', 'this', 'means', 'this', 'way', 'has', 'nothing', 'to', 'do', 'with', 'service', '-', 'do', 'you', 'need', 'more', 'info', 'please', 'request', 'it', 'via', 'messenger', 'thanks']",
DO-Gmy3k2oA,2025-10-28 18:34:25 WIB,baimmm,"['sudah', 'min', 't <num>', 'mohon', 'bantuannya', 'min']",
DO-Gmy3k2oA,2025-10-31 03:26:27 WIB,opera8176,"['min', 'daerah', 'jalan', 'gresik', 'mati', 'pdamnya', 'mohon', 'ditindak', 'lanjuti', 'gak', 'ada', 'air', 'sama', 'sekali', 'ini']",
DO-Gmy3k2oA,2025-10-02 04:30:49 WIB,wennyisnaeni,"['hari', 'ini', 'pdam', 'mati', 'di', 'wilayah', 'perumahan', 'pondok', 'maritim', 'tapi', 'tdk', 'ada', 'pemberitahuanbangun', 'tidur', 'sdh', 'mati', 'petanak <num>', 'dan', 'para', 'pekerja', 'sekolah', 'butuh', 'air', 'buat', 'mandi']",
DQaW2fUk2z4,2025-10-30 06:44:46 WIB,kosmelatiindah,"['min', 'kenapa', 'setiap', 'pagi', 'air', 'mati', 'area', 'wisma', 'lidah', 'kulon']",
DQeDOzKk-P7,2025-10-31 22:15:15 WIB,yisapratama,"['sampe', 'jam', 'berapa', 'nyalane']",
DQeDOzKk-P7,2025-10-31 23:28:44 WIB,tasyalulaa,"['nyala', 'jam', 'brp', 'pak', '?']",
DQb3Hrvk8Ky,2025-10-31 06:07:26 WIB,cahyakamilarosa,"['minnn', 'area', 'dupak', 'masigit', 'belum', 'keluar', 'airnya', 'sudah', 'chat', 'minta', 'tangki', 'air', 'belum', 'ada', 'respon']",
DQdL1MMEx6i,2025-10-31 09:21:20 WIB,wiksaebeced,"['telpon', 'ke', 'call', 'centre', 'knp', 'gda', 'respon', 'blasa', 'yaa', 'mauk', 'pengaduan', 'kerusakan', 'meteran']",
DQdL1MMEx6i,2025-10-31 10:44:46 WIB,wiksaebeced,"['udh', 'selseai', 'trimakssih']",
DQZHJ4Uk6Ef,2025-10-29 19:48:17 WIB,denikdamayantii,"['ada', 'kamu', 'wkwkw']",
DQZHJ4Uk6Ef,2025-10-29 19:53:12 WIB,lindapriskilar,"['ini', 'sudah', 'selesai', 'kah', 'min', 'proyeknya', '?']",
DQZHJ4Uk6Ef,2025-10-29 21:02:54 WIB,vlntnfbran,"['bjir', 'lah']",
DQZHJ4Uk6Ef,2025-10-30 06:35:08 WIB,bhagyawan_bhagik0,"['air', 'pdam', 'jl', 'raya', 'sambikerep', 'kenapa', 'mati', 'lagi', 'ini', '?']",
DQZHJ4Uk6Ef,2025-10-30 08:22:01 WIB,bhagyawan_bhagik0,"['seharusnya', 'ada', 'pemberitahuan', 'dahulu', 'jadi', 'bisa', 'antisipasi', 'jangan', 'sampai', 'lupa', 'tidak', 'ada', 'pemberitahuan']",
DQZHJ4Uk6Ef,2025-10-30 16:27:28 WIB,lindapriskilar,"['makasih', 'infonya', 'min']",
DQbRfbuEzZL,2025-10-30 15:30:35 WIB,akmalreyhnth,"['keren', 'bgt', 'instalasi', 'ipam', 'ngagel']",
DQbRfbuEzZL,2025-10-30 15:46:38 WIB,presarioqalamm,"['kerenn', 'banget', 'pengolahan', 'ipam', 'ngagel']",
DQbRfbuEzZL,2025-10-30 17:19:14 WIB,sheiraekaa,['waahhhh'],
DQbRfbuEzZL,2025-10-30 17:55:44 WIB,fachryandd,"['dang', 'deng', 'dong', 'ipam', 'ngagel', '<num>', 'keren', 'banget', 'dong']",
DQbRfbuEzZL,2025-10-30 18:09:13 WIB,widyarigga,['terbaik'],
DQbRfbuEzZL,2025-10-30 18:10:38 WIB,kharistiano28,"['sama <num>', 'perumda', 'air', 'minum', 'terhits']",
DQbRfbuEzZL,2025-10-30 20:00:33 WIB,subahan_hadi,"['maju', 'terus', 'melayani']",
DQbRfbuEzZL,2025-10-30 21:13:19 WIB,nrkumalakn___,['kerennn'],
DQVetJrk5Xh,2025-10-28 12:08:38 WIB,widyarigga,"['selamat', 'hari', 'sumpah', 'pemuda']",
DQVetJrk5Xh,2025-10-28 13:05:16 WIB,akmalreyhnth,"['bangga', 'jadi', 'pemuda', 'indonesia']",
DQVetJrk5Xh,2025-10-28 13:05:46 WIB,ann.wattimena,"['selamat', 'hari', 'sumpah', 'pemudaaa']",
DQVetJrk5Xh,2025-10-28 13:08:53 WIB,nrkumalakn___,"['born', 'to', 'be', 'proud', 'raised', 'as', 'indonesian']",
DQVetJrk5Xh,2025-10-28 13:10:23 WIB,ran_nayainayah,"['mengalir', 'bersama', 'semangat', 'muda']",
DQVetJrk5Xh,2025-10-28 13:11:06 WIB,rajwaazhf,"['selamat', 'hari', 'sumpah', 'pemuda']",
DQVetJrk5Xh,2025-10-28 13:13:27 WIB,presarioqalamm,"['selamat', 'hari', 'sumpah', 'pemudaaa']",
DQVetJrk5Xh,2025-10-28 13:28:12 WIB,fachryandd,"['bangga', 'jadi', 'pemuda', 'indonesia']",
DQVetJrk5Xh,2025-10-28 13:46:00 WIB,nibrassy,"['selamat', 'hari', 'sumpah', 'pemuda']",
DQVetJrk5Xh,2025-10-28 22:15:59 WIB,damaxrif,"['sumpah', 'pemuda', 'adalah', 'cermin', 'keberanian', 'anak', 'bangsa', 'untuk', 'bersatu', 'di', 'tengah', 'perbedaan']",
DQLxAJbk15p,2025-10-25 02:46:07 WIB,bellaaristas,"['rumah', 'daerah', 'ptc', 'surabaya', 'barat', 'airnya', 'keruh', 'mulu', 'dari', 'kemaren']",
DQLxAJbk15p,2025-10-25 08:12:10 WIB,hafana_transport,['nice'],
DQLxAJbk15p,2025-10-25 11:04:40 WIB,miftachul_retna,"['min', 'jambangan', 'air', 'selalu', 'mati', 'hari', 'sabtu', 'sampai', 'jam <num>', 'siang', 'ini', 'belum', 'nyala', 'lohbayar', 'iki', 'min']",
DQLxAJbk15p,2025-10-25 17:30:57 WIB,annishafs,"['kak', 'jambangan', 'airnya', 'blm', 'nyala', 'katanya', 'cm', '<num>', 'jam']",
DQTN1kMk1z5,2025-10-27 15:30:42 WIB,garin06,"['medayu', 'airnya', 'mati', 'apa', 'ada', 'perbaikan', '?']",
DQTN1kMk1z5,2025-10-28 08:01:24 WIB,irvydaniara,"['min', 'sambikerep', 'kenapa', 'mati', 'airnya', '?', 'gada', 'pemberitahuan', 'jg']",
DQTN1kMk1z5,2025-10-28 09:55:42 WIB,marcelia_dini,"['mati', 'cakkkk', 'banyuku', 'ket', 'isuk', 'adus', 'tayamum', 'sambikerep']",
DQTN1kMk1z5,2025-10-28 11:14:52 WIB,ariefmasduqi07,"['iki', 'kapan', 'air', 'iso', 'metu', 'neh', 'nang', 'sambikerep', 'min', 'budal', 'kerjo', 'gaiso', 'adus', 'banyu', 'gak', 'metu', 'blas']",
DQTMF6XE7Cl,2025-10-27 16:11:06 WIB,ollaaqmryh,"['medokan', 'ayu', 'mati', 'lagi']",
DQTMF6XE7Cl,2025-10-27 17:26:46 WIB,dolankesiniyuk,"['halo', 'min']",
DQTMF6XE7Cl,2025-10-27 17:27:25 WIB,dolankesiniyuk,"['area', 'medayu', 'airnya', 'mati']",
DQTMF6XE7Cl,2025-10-27 17:54:05 WIB,garin06,"['nyala', 'lagi', 'kapan', 'ya', '?', 'kok', 'gak', 'ada', 'pemberitahuan', 'biasanya', 'di', 'status', 'pdam', 'ada', 'pemberitahuan']",
DQTMF6XE7Cl,2025-10-27 19:28:08 WIB,shiro.lenny,"['tolong', 'dibantu', 'pipa', 'saluran', 'air', 'jd', 'bocor', 'sehabis', 'kegiatan', 'warga', 'bersih <num>', 'got', 'berhari <num>', 'lapor', 'dr', 'hari', 'rabu', 'ga', 'ditangani']",
DQTMF6XE7Cl,2025-10-28 00:14:18 WIB,ollaaqmryh,"['sampai', 'kapan', 'ya', 'medokan', 'ayu', 'masih', 'mati', 'tolong', 'segera', 'di', 'tindak', 'lanjuti', 'dm', 'ig', 'chat', 'wa', 'call', 'center', 'slow', 'respon', 'semua']",
DQTMF6XE7Cl,2025-10-28 02:44:42 WIB,lindapriskilar,"['min', 'ya', 'ampunmedayu', 'utara', 'masa', 'seminggu', 'sekali', 'mati', 'air', 'lagiminggu', 'lalu', 'matisekarang', 'gini', 'lagi', 'mana', 'ngga', 'ada', 'pemberitahuan', 'lagi', 'kaya', 'gini', 'tu', 'ngga', 'ada', 'kompensasi', 'ta', 'min', 'cape', 'bgt', 'mintiap', 'ada', 'proyek', 'box', 'culvert', 'mesti', 'mati', 'airnya']",
DQTMF6XE7Cl,2025-10-28 05:07:34 WIB,ollaaqmryh,"['kak', 'blm', 'nyala', 'ya', 'airnya', '?', 'yaaallaah', 'aku', 'sampe', 'ga', 'tdr', 'nungguin', 'air', 'nyala', 'dr', 'semalam']",
DQTMF6XE7Cl,2025-10-28 05:52:20 WIB,lindapriskilar,"['iya', 'kaknyala', 'tengah', 'malam', 'tp', 'cuma', 'di', 'bawah', 'ajangga', 'sampai', 'naik', 'ke', 'lantai', '<num> kebetulan', 'rumahku', '<num>', 'lantai', 'kaktempat', 'kakak', 'jg', 'blm', 'keluar', 'ya', '?']",
DQTMF6XE7Cl,2025-10-28 06:02:33 WIB,ollaaqmryh,"['aku', 'ga', 'nyala', 'samsek', 'yaaallaah', 'kakak', 'medayu', 'mana', '?']",
DQTMF6XE7Cl,2025-10-28 08:50:30 WIB,lindapriskilar,"['gang', '<num>', 'kakbelakang', 'sndirikebagian', 'airnya', 'belakangan', 'wkwkwk']",
DQTMF6XE7Cl,2025-10-28 10:04:31 WIB,ollaaqmryh,"['masih', 'mati', 'ya', 'kak', '?']",
DQTMF6XE7Cl,2025-10-28 11:34:08 WIB,lindapriskilar,"['barusan', 'keluar', 'dikit <num>', 'kak', 'tp', 'mati', 'lagi']",
DQTMF6XE7Cl,2025-10-28 15:46:47 WIB,lindapriskilar,"['semoga', 'cpt', 'selesai', 'ya', 'min']",
DQTMF6XE7Cl,2025-10-28 20:42:04 WIB,shiro.lenny,"['sudah', 'kalo', 'sudah', 'ditanggapin', 'ga', 'mgkin', 'smp', 'komen', 'ke', 'instagram', 'makasih']",
DQTMF6XE7Cl,2025-10-29 12:09:18 WIB,shiro.lenny,"['sudah', 'pak', 'kemarin', 'tengah', 'malam', 'pak', 'jam', '<num>', 'terima', 'kaish']",
DQS9mzaEw-b,2025-10-27 10:02:41 WIB,mhmdrizkyy12._,"['baru', 'tau', 'sejarah', 'hari', 'listrik', 'terimakasih', 'penjelasanya', 'pdam']",
DQWUoiYkzuI,2025-10-29 14:59:04 WIB,mrarie,"['sampai', 'saat', 'ini', 'jam', '<num>', 'masih', 'belum', 'menyala', 'jg']",
DQWUoiYkzuI,2025-10-29 17:54:54 WIB,rewi.18,"['semoga', 'malam', 'ini', 'mengalir', 'lagi', 'airnya']",
DQWUoiYkzuI,2025-10-29 18:20:50 WIB,puputdeka_17,"['bangil', 'belum', 'min', 'masih', 'metong']",
DQWUoiYkzuI,2025-10-29 19:42:47 WIB,diannur7,"['sudah', 'jam', 'segini', 'belum', 'nyala', 'pak']",
DQWUoiYkzuI,2025-10-29 20:28:19 WIB,diannur7,"['barusan', 'nyala', 'pak', 'aliran', 'masih', 'kecil', 'tidak', 'apa', 'apa', 'yg', 'pntg', 'nyala', 'terima', 'kasih', 'pak', 'semoga', 'tim', 'perbaikan', 'pipa', 'sehat', 'sll', 'dan', 'di', 'beri', 'keselamatan']",
DQWiWq1k_n3,2025-10-29 18:07:14 WIB,anggachristianhananta,"['pelayanan', 'prima', 'wujud', 'kerja', 'nyata']",
DQYeUX4k85g,2025-10-29 13:37:19 WIB,budiwiratmo,"['kak', 'min', 'lapor', 'warga', 'gayungsari', 'barat', 'banyak', 'yg', 'mengeluh', 'air', 'pdam', 'matikecil', 'sepertinya', 'ada', 'pipa', 'yg', 'rusak', 'akibat', 'galian', 'box', 'culvert', 'di', 'perempatan', 'traffic', 'light', 'gayungsari', 'barat', 'dalam', '<num>', 'hari', 'ini', 'makasih', 'min']",
DQYeUX4k85g,2025-10-29 14:50:06 WIB,damaxrif,"['sehat', 'selalu', 'bapak', 'dan', 'ibu', 'petugas', 'pam', 'surya', 'sembada', 'semoga', 'di', 'lancarkan', 'slalu', 'pekerjaannya']",
DQYeUX4k85g,2025-10-29 16:56:52 WIB,budiwiratmo,"['kak', 'min', 'kata', 'pihak', 'kontraktor', 'galian', 'box', 'culvert', 'benar', 'ada', 'pipa', 'rusak', 'di', 'perempatan', 'traffic', 'light', 'jl', 'gayungsari', 'barat', 'mohon', 'dibantu', 'warga', 'sudah', 'banyak', 'yg', 'mengeluh', 'kak', 'min']",
DQYeUX4k85g,2025-10-29 18:05:05 WIB,anggachristianhananta,"['pejuang', 'air', 'petugas', 'pam', 'surya', 'sembada', 'kota', 'surabaya', 'kalian', 'benar <num>', 'luar', 'biasa']",
DQYeUX4k85g,2025-10-29 18:41:57 WIB,budiwiratmo,"['siap', 'matur', 'nuwun', 'sanget', 'atas', 'respon', 'dan', 'bantuan', 'kak', 'min', 'tim', 'perbaikanterkait']",
DQYeUX4k85g,2025-10-29 19:14:12 WIB,arsitadesi,"['min', 'air', 'di', 'gayungan', 'ada', 'masalah', 'kah', '?', 'kok', 'kecil', 'ya']",
DQYeUX4k85g,2025-10-30 20:26:58 WIB,budiwiratmo,"['sepertinya', 'hari', 'ini', 'sudah', 'tidak', 'ada', 'warga', 'yg', 'mengeluh', 'air', 'pdam-nya', 'mati', 'berarti', 'kerusakan', 'telah', 'tertangani', 'terima', 'kasih', 'banyak']",
DQYeUX4k85g,2025-10-30 20:41:12 WIB,akmalreyhnth,['gercep'],
DQYeUX4k85g,2025-10-31 16:48:41 WIB,budiwiratmo,"['terima', 'kasih', 'banyak', 'atas', 'respon', 'bantuan', 'cepat', 'dari']",
DQGDe55kxu-,2025-10-22 16:51:20 WIB,katonsetyawan,"['apa', 'kebraon', 'ada', 'masalah', '?', 'kok', 'air', 'tidak', 'keluar', 'sama', 'sekali', 'biasanya', 'jam', '<num> an', 'air', 'masih', 'keluar', 'walaupun', 'sangat', 'kecil']",
DQLWM3Sk4tz,2025-10-24 21:54:28 WIB,frans_jeremyoriental12,"['apakah', 'daerah', 'rungkut', 'mapan', 'kena', 'dampaknya', 'kah', '?']",
DQLWM3Sk4tz,2025-10-24 21:54:55 WIB,frans_jeremyoriental12,"['mohon', 'fast', 'responnya']",
DQLWM3Sk4tz,2025-10-25 17:27:26 WIB,nurissfarra,"['kak', 'bulak', 'rukem', 'timur', 'gak', 'keluar', 'airnya']",
DQLWM3Sk4tz,2025-10-31 11:14:15 WIB,bayuhadileksana,"['terimakasih', 'pdam']",
DQJNTI4k5PD,2025-10-23 17:48:59 WIB,lovia_shop,"['bulak', 'rukem', 'timur', 'kena', 'ga', 'min', '?']",
DQJNTI4k5PD,2025-10-23 19:05:28 WIB,sariwkartika,['waduh'],
DQJNTI4k5PD,2025-10-23 20:57:53 WIB,deviepuspitasari92,"['good', 'lebih', 'awal', 'ngabarin', 'biar', 'orng <num>', 'prepare', 'jgn', 'ky', 'yg', 'sebelumnya']",
DQJNTI4k5PD,2025-10-24 16:22:07 WIB,a.adiprima,"['dukuh', 'setro', 'gading', 'dan', 'lebak', 'berdampak', 'njih', 'pak']",
DQJNTI4k5PD,2025-10-24 17:58:02 WIB,_cindiari,"['tambak', 'rejo', 'ga', 'kena', 'ya', 'min', '?']",
DQJNTI4k5PD,2025-10-24 18:22:46 WIB,arjunkhan1982,"['semampir', 'aws', '<num>', 'kecamatan', 'sukolilo', 'apa', 'jga', 'kena', 'dampaknya', 'mengingat', 'bersebelahan', 'sama', 'kedung', 'baruk', 'hanya', 'di', 'batasi', 'kali', 'brantas']",
DQJNTI4k5PD,2025-10-24 20:23:20 WIB,ridho_fikri1999,"['bulak', 'kenjeran', 'terdampak', 'nggk', 'min']",
DQJNTI4k5PD,2025-10-24 20:29:43 WIB,yudaferrymahendra,"['mene', 'onok', 'seng', 'g', 'duwe', 'banyu']",
DQJNTI4k5PD,2025-10-24 20:38:36 WIB,yesinovita,"['masih', 'ada', 'rumah', 'sapphire', 'kan', 'yak', '?']",
DQJNTI4k5PD,2025-10-24 20:53:19 WIB,virmameisaroh,"['rumah', 'sapphire', 'kykny', 'gak', 'ada', 'org', 'coba', 'ke', 'benowo', 'deh', 'me']",
DQJNTI4k5PD,2025-10-24 20:59:16 WIB,yesinovita,"['siangnya', 'ke', 'benowo', 'mlmnya', 'ke', 'sapphire', 'biar', 'adil']",
DQJNTI4k5PD,2025-10-25 06:46:58 WIB,angelita_permata_lai_boeng,"['bulak', 'banteng', 'kira', 'kira', 'terdampak', 'juga', 'ndak', 'ya', '?']",
DQJNTI4k5PD,2025-10-25 08:35:19 WIB,milaarsita3,"['kalikepiting', 'apa', 'berdampak', 'min', '?']",
DQJNTI4k5PD,2025-10-25 09:50:21 WIB,iis_chiedoel,"['dalam', 'sebulan', 'iki', 'wes', '<num> x', 'gangguan', 'daerah', 'tambak', 'wedi']",
DQJNTI4k5PD,2025-10-25 10:20:50 WIB,choky_pokoke_mancing,"['tapi', 'tiap', 'jam', '<num> <num>', 'mati', 'airnya', 'sudah', 'berbulan-bulan', 'ini']",
DQJNTI4k5PD,2025-10-25 11:33:31 WIB,diniumar17,"['mantapp', 'baru', 'ngerti', 'saiki']",
DQJNTI4k5PD,2025-10-25 14:15:02 WIB,auliaachmad_afi,"['tambak', 'wedi', 'sampe', 'jam', 'piro', 'min', 'iki', 'sek', 'mati', 'banyune']",
DQJNTI4k5PD,2025-10-25 16:24:32 WIB,nurissfarra,"['pak', 'bulak', 'rukem', 'mati', 'timur', 'airnya', 'gak', 'keluar']",
DQJNTI4k5PD,2025-10-25 16:47:57 WIB,arjunkhan1982,"['ok', 'mksih', 'infonya', 'pak']",
DQGVfPcDqP7,2025-10-22 16:14:37 WIB,bitsab34,"['suka', 'banget', 'matiin', 'air', 'ga', 'diinfokebraon', 'lagi', 'kebraon', 'lagi', 'hadeuh']",
DQGVfPcDqP7,2025-10-22 16:16:17 WIB,ella_nurlailiyah,"['kyk', 'td', 'ada', 'bongkaran', 'di', 'madina', 'luhur', 'bu']",
DQGVfPcDqP7,2025-10-22 16:21:37 WIB,bitsab34,"['ya', 'minimal', 'mah', 'diinfo', 'lah', 'buinimah', 'engga']",
DQJQbH4E2GE,2025-10-23 16:25:52 WIB,ikayuniasih,"['ini', 'hari', 'ini', 'daerah', 'simo', 'gunung', 'dr', 'siang', 'kok', 'mati', 'airnyaaa']",
DQJQbH4E2GE,2025-10-24 07:25:48 WIB,nandaayu_am,"['kok', 'hari <num>', 'mati', 'terus', 'kasihan', 'yg', 'usaha', 'laundry', 'kalo', 'air', 'sering', 'mati']",
DQLEvfGE2xc,2025-10-24 08:15:35 WIB,mhmdrizkyy12._,"['selamat', 'hari', 'dokter']",
DQLEvfGE2xc,2025-10-24 08:21:49 WIB,_frscarts,"['selamat', 'hari', 'dokter', 'nasional']",
DQSogplE0iS,2025-10-27 08:10:41 WIB,aaffuuck,"['yang', 'lidah', 'kulon', 'kapan', 'kira-kira', 'estimasi', 'pekerjaan', 'nya', 'min', '?']",
DQSogplE0iS,2025-10-28 06:29:32 WIB,rini_arek_lmjg,"['maaf', 'mau', 'tyk', 'kok', 'di', 'jln', 'raya', 'bungkal', 'sambikerep', 'airnya', 'tiba', ""''"", 'mati', 'ya', 'tdk', 'info', 'kok', 'tiba', ""''"", 'mati']",
DQIqAzuk46h,2025-10-23 11:45:30 WIB,surabayabertaqwa,"['lossssss', 'ae', 'jarno']",
DQIqAzuk46h,2025-10-23 11:51:41 WIB,sukmaa.jaa,"['gangguan', 'teruuussss']",
DQIqAzuk46h,2025-10-23 11:53:33 WIB,wii1i,"['pbi', 'lagi', 'gatel-gatel']",
DQIqAzuk46h,2025-10-23 11:55:18 WIB,eha57461,"['lahh', 'besok', 'mati', 'lagiirejosari', 'benowo', 'sekarang', 'sering', 'mati', 'y']",
DQIqAzuk46h,2025-10-23 11:58:08 WIB,eha57461,"['knp', 'juga', 'debit', 'air', 'd', 'rumahku', 'sejak', 'pemasangan', 'box', 'culvert', 'jd', 'puelan', 'banget', 'klitir', ""''"", 'padahal', 'depan', 'rumah', 'sdh', 'selesai', 'dan', 'jg', 'sdh', 'd', 'aspal', 'tp', 'keluare', 'air', 'e', 'bikin', 'jengkel']",
DQIqAzuk46h,2025-10-23 11:58:17 WIB,rrydwnt,"['ya', 'allah', 'minggu', 'kmrn', 'udah', 'mati', 'lo', 'padahal', 'jumat', 'ini', 'juga']",
DQIqAzuk46h,2025-10-23 12:01:38 WIB,no_vellia,"['mati', 'maneh', 'rajin', 'sekalii', 'mematikan', 'air', 'ini', 'mbok', 'ya', 'sekai <num>', 'air', 'di', 'gratiskan', '<num>', 'bulan', 'ae', 'gag', 'usah', 'suwi <num>']",
DQIqAzuk46h,2025-10-23 12:15:25 WIB,chella.o,['tumaaaaaannn'],
DQIqAzuk46h,2025-10-23 12:45:37 WIB,nurriya70,"['sememi', 'ojok', 'mati', 'min']",
DQIqAzuk46h,2025-10-23 13:06:05 WIB,aal_iyaah111,"['gpp', 'ta', 'min', 'mosok', 'setiap', 'minggu', 'onok', 'pdam', 'mati', 'ngomonge', '<num> hari', 'engkok', 'sampe', '<num> dino', 'lak', 'gk', 'metu', 'jiaaan', 'kebacuuut', 'pbi', 'iki', 'onok', 'ae', 'salah', 'banyue', 'larang', 'mati', 'mati', 'terus']",
DQIqAzuk46h,2025-10-23 13:36:18 WIB,for_siahaan,"['ini', 'dampaknya', 'sampai', 'ke', 'sememi', 'ga', 'min']",
DQIqAzuk46h,2025-10-23 16:28:45 WIB,pradiptarnd,"['sememi', 'terdampak', 'atau', 'nggatolong', 'infonya', 'pls']",
DQIqAzuk46h,2025-10-23 16:33:34 WIB,diazraaa,"['palm', 'sememi', 'terdampak', 'ga', 'min', '?', 'kok', 'hobine', 'mematikan', 'air', 'ae', 'min', 'min']",
DQIqAzuk46h,2025-10-23 18:07:17 WIB,agung_lintank,"['daerah', 'jl', 'kauman', 'baru', 'gg', '<num>', 'masak', 'tiap', 'hari', 'sabtuminggu', 'sering', 'mati', 'dan', 'air', 'juga', 'keluarnya', 'kecil', 'sudah', 'lapor', 'di', 'call', 'center', 'katanya', 'ada', 'petugas', 'akan', 'meriksa', 'tapi', 'tidak', 'datang', ""''"", 'pak', 'pada', 'hari', 'minggu', 'pagi', 'mohon', 'untuk', 'perhatiannya', 'pak', 'trima', 'kasih']",
DQIqAzuk46h,2025-10-23 18:44:24 WIB,candradwitiwi,"['minta', 'tolong', 'untuk', 'respon', 'pdam', 'yg', 'cepat', 'warga', 'tidak', 'punya', 'air', '<num>', 'hari', 'laporan', '<num>', 'kali', 'blm', 'ada', 'petugas', 'pdam', 'yang', 'kerumah']",
DQIqAzuk46h,2025-10-23 20:57:49 WIB,mayaprmtsr,"['makasih', 'min', 'udah', 'diinfo', 'terlebih', 'dahulu']",
DQIqAzuk46h,2025-10-23 23:16:39 WIB,natnu.tt,"['pbi', 'mbendino', 'minn', 'lak', 'iki']",
DQIqAzuk46h,2025-10-24 00:19:03 WIB,yynt_sec,"['sememi', 'mati', 'neh', '?']",
DQIqAzuk46h,2025-10-24 03:00:17 WIB,ryulhannamaria,"['hobi', 'matiin', 'air', 'kompensasi', 'air', 'gratis', '<num>', 'bulan']",
DQIqAzuk46h,2025-10-24 05:07:55 WIB,nurianti_dwie,"['griya', 'citra', 'asri', 'termasuk', 'tdk', 'mudah', 'mudahan', 'tdk', 'terdampak']",
DQIqAzuk46h,2025-10-24 06:09:31 WIB,rudipriyanto1983,"['sekalian', 'sajagak', 'usah', 'ada', 'pdamdrpd', 'pasang', 'pdam', 'makan', 'angin']",
DQIqAzuk46h,2025-10-24 06:15:03 WIB,orenjiiiiiii__,"['seminggu', 'sekali', 'yoo']",
DQIqAzuk46h,2025-10-24 16:12:57 WIB,febridhaayu,"['masih', 'belum', 'selesai', 'kah', 'ini', '?']",
DQIqAzuk46h,2025-10-24 16:15:18 WIB,febridhaayu,"['info', 'daerah', 'mana', 'yg', 'jarang', 'airnya', 'mati', '?', 'tak', 'pindah', 'sekalian', 'cari', 'kontrakan']",
DQIqAzuk46h,2025-10-24 18:44:53 WIB,febridhaayu,"['kapan', 'nyalanya', 'ini', '?']",
DQIqAzuk46h,2025-10-24 19:57:36 WIB,aburamadhan,"['sek', 'wingi', 'loh', 'mati', 'saiki', 'mati', 'maneh', 'nemen', 'nementak', 'adus', 'banyu', 'peceren', 'ae']",
DQIqAzuk46h,2025-10-23 09:46:39 WIB,dewagstin,"['hidupp', 'pdam', 'hiduppppp']",
DQIqAzuk46h,2025-10-23 09:49:03 WIB,miftachul_retna,"['air', 'pdam', 'jambangan', 'mati', 'min', 'jambangan', 'dan', 'sekitarnya', 'dikepung', 'pengerjaan', 'galian', 'gorong', ""''"", 'sampai', 'kapan', 'air', 'normal', 'meresahkan', 'pelanggan', 'bayar', 'juga', 'mahal', 'ini']",
DQIqAzuk46h,2025-10-23 09:50:03 WIB,alefauzann,"['mati', 'terus']",
DQIqAzuk46h,2025-10-23 09:59:23 WIB,dahayubymega,"['karah', 'mati', 'terus', 'dr', 'subuh', 'kapan', 'myalaaa']",
DQIqAzuk46h,2025-10-23 10:10:19 WIB,erryseptiawan,"['horeeemati', 'lagi', 'airmyaancen', 'joss', 'tenan']",
DQIqAzuk46h,2025-10-23 10:18:29 WIB,iwanngono,"['sememi', 'ga', 'terdampak', 'ya']",
DQIqAzuk46h,2025-10-23 10:21:55 WIB,chandihale,"['llo', 'kendung', 'kena', 'lagi']",
DQIqAzuk46h,2025-10-23 10:22:27 WIB,chandihale,"['kerjo', 'gk', 'mesisan', 'b <num>']",
DQIqAzuk46h,2025-10-23 10:28:56 WIB,rawnyy_,"['apakah', 'kandangan', 'terkena', 'dampaknyaa', 'minnn', '?', '?']",
DQIqAzuk46h,2025-10-23 10:46:35 WIB,yolandaayurotania,"['ntar', 'debit', 'airnya', 'balikin', 'normal', 'ya', 'min', 'jangan', 'dikecilin', 'lagi']",
DQIqAzuk46h,2025-10-23 11:07:48 WIB,myrnabudi,"['opo', 'maneh', 'se', 'pak']",
DQIqAzuk46h,2025-10-23 11:31:11 WIB,miftachul_retna,"['klo', 'sudah', 'tau', 'ada', 'pipa', 'pdam', 'y', 'jangan', 'dkeruk', 'min', 'klo', 'bayare', 'telat', 'kena', 'denda', 'tp', 'air', 'sering', 'mati']",
DQIqAzuk46h,2025-10-23 11:40:59 WIB,nurul_lailatul_chasanah,"['hobi', 'banget', 'matiin', 'air', 'ya', 'min <num>', 'hari', 'sekalibikin', 'jadwalnya', 'sekalian', 'untuk', 'sebulan']",
DP5Xm_LEab6,2025-10-17 11:29:08 WIB,dhtyabmntr,"['wih', 'ngeri']",
DP5Xm_LEab6,2025-10-18 17:37:36 WIB,its_ngejreng,['keren'],
DP52tOrE9Bz,2025-10-17 16:54:55 WIB,mhmdrizkyy12._,"['hbddd', 'pak', 'wowo']",
DP52tOrE9Bz,2025-10-17 17:30:57 WIB,adrian_0531,"['min', 'tolong', 'cek', 'dm']",
DP52tOrE9Bz,2025-10-17 18:07:14 WIB,fajrianimaidi,"['mohon', 'dibantu', 'cek', 'dm', 'kak']",
DP5OsWokxjf,2025-10-17 11:23:19 WIB,r1c0_05,"['maaf', 'maksud', 'nya', 'bagaimana', '?', 'ini', 'akhirnya', 'pipa', 'pdam', 'yg', 'pecah', 'ya', '?']",
DP5OsWokxjf,2025-10-17 12:26:50 WIB,rienz_128,"['tapi', 'ini', 'apa', '?']",
DP5OsWokxjf,2025-10-17 12:38:34 WIB,kayla_afiqa,"['lah', 'terus', 'opo', 'iku', 'gak', 'jelas']",
DP5OsWokxjf,2025-10-17 13:03:40 WIB,tatangkusmargono,"['kalau', 'memang', 'bukan', 'pipa', 'pdam', 'kenapa', 'di', 'posting', '?', 'biar', 'pihak', 'wewenang', 'saja', 'yg', 'menganalisa', 'dan', 'memberi', 'info']",
DP5OsWokxjf,2025-10-17 13:03:46 WIB,rini_prames,"['tapi', 'logika', 'lek', 'pipa', 'pertamina', 'gak', 'mungkin', 'juga', 'nng', 'jero', 'sungai', 'lagian', 'kan', 'sungai', 'kan', 'pasti', 'opo', 'mengerikan', 'terus', 'opo', 'iyo', 'iku']",
DP5OsWokxjf,2025-10-17 13:11:11 WIB,subahan_hadi,['lapindo'],
DP5OsWokxjf,2025-10-17 13:47:09 WIB,falina_hijab,"['trus', 'ini', 'apaan', 'yg', 'nyembur', '?', '?']",
DP5OsWokxjf,2025-10-17 13:57:01 WIB,achmadkiyono,"['sepertinya', 'retakan', 'kerak', 'bumi', 'yg', 'mengakibatkan', 'munculnya', 'gas', 'ke', 'permukaan']",
DP5OsWokxjf,2025-10-17 14:23:08 WIB,iezmha_cemun,"['info', 'pipa', 'pgn', 'bocor']",
DP5OsWokxjf,2025-10-17 14:38:37 WIB,dp_adp,"['berdasarkan', 'pencarian', 'di', 'google', 'dengan', 'kata', 'kunci', '``', 'daerah', 'bekas', 'tambang', 'minyak', 'di', 'surabaya', 'zaman', 'belanda', ""''"", 'gunung', 'anyar', 'termasuk', 'salah', 'satu', 'daerah', 'yang', 'dimaksud', 'adapun', 'daerah', 'kutisari', 'pernah', 'ada', 'semburan', 'pada', '<num>', 'httpswwwsuarasurabayanetkelanakota <num> pengamat semburan di kutisari bekas pengeboran minyak', 'kemungkinan', 'hal', 'serupa', 'terjadi', 'kali', 'ini', 'tetapi', 'ini', 'perlu', 'penyelidikan', 'lebih', 'lanjut', 'dari', 'instansi', 'terkait', 'semoga', 'investigasi', 'bisa', 'dilakukan', 'segera']",
DP5OsWokxjf,2025-10-17 14:48:23 WIB,yulianitaika,"['katanya', 'pgn', 'bukan', 'juga', 'koq', 'kak']",
DP5OsWokxjf,2025-10-17 15:02:06 WIB,senomardikanto,"['kenapa', 'air', 'pdam', 'di', 'wilayah', 'surabaya', 'utara', 'akhir', 'akhir', 'ini', 'airnya', 'keruh', 'dan', 'bau', 'ohon', 'untuk', 'ditindaklanjuti', 'terima', 'kasih']",
DP5OsWokxjf,2025-10-17 15:08:54 WIB,ardhe_satya,"['nah', 'betul', 'ini', 'tolong', 'sudah', 'hampir', 'seminggu', 'ini', 'air', 'nya', 'keruh']",
DP5OsWokxjf,2025-10-17 16:55:43 WIB,kayla_afiqa,"['semoga', 'tidak', 'ada', 'yang', 'membahayakan']",
DP5OsWokxjf,2025-10-17 17:00:17 WIB,raniahboutique_sewabaju,"['deket', 'banget', 'sama', 'rumahku', 'nih']",
DP5OsWokxjf,2025-10-17 17:28:45 WIB,chewy_586,"['keingat', 'lapindo', 'surabaya', 'akan', 'kah', 'menjadi']",
DP5OsWokxjf,2025-10-18 09:13:26 WIB,puthree_setiawan,"['sekarang', 'apakah', 'masih', 'menyembur', 'min', '?']",
DP5OsWokxjf,2025-10-27 15:16:31 WIB,hdpestoragestore,"['jikalau', 'ada', 'kebutuhan', 'pipa', 'hdpe', 'atau', 'aksesoris', 'hdpe', 'bisa', 'langsung', 'hubungi', 'saya', 'via', 'whatsapp', 'ya', 'pak', '<num>']",
DP6O35WE1xK,2025-10-18 21:35:31 WIB,shasa.cong,"['jam', 'brpa', 'ya', 'pak', '?', 'krna', 'smpe', 'skrng', 'ini', 'msih', 'blum', 'nyala']",
DP6O35WE1xK,2025-10-18 21:56:42 WIB,lee_chamoomilee,"['keterlaluan', 'sih', 'min', 'jangan', 'bohong', 'ih', 'capek', 'udah', 'di', 'bohongjn', 'terus', 'kok', 'mimin', 'jg', 'gitu', 'ya', '?', 'airnya', 'mana', 'tooloooooooonnngggg']",
DP6O35WE1xK,2025-10-18 21:59:45 WIB,rizkiyanura,"['sudah', 'tadi', 'jam', '<num>', 'terimakasih']",
DP6O35WE1xK,2025-10-18 22:01:04 WIB,lee_chamoomilee,['halooooooo'],
DP6O35WE1xK,2025-10-18 22:01:06 WIB,lee_chamoomilee,"['masa', 'orang', 'suruh', 'puasa', 'nahan', 'gk', 'pake', 'air', 'astagfirullah', 'ini', 'bayar', 'loh', 'gak', 'ikhlas', 'ya', 'bayar', 'air', 'mahal <num>', 'tapi', 'kayak', 'gini', 'miiiinnnnnn']",
DP6O35WE1xK,2025-10-18 22:24:14 WIB,wilda_novi,"['pak', 'tolong', 'di', 'tindak', 'lanjuti', 'pdam', 'area', 'pbi', 'mati', 'sudah', 'berhari <num>', 'sebulan', 'sudah', 'beberapa', 'kali', 'perbaikan', 'dan', 'banyak', 'merugikan', 'masyarakat', 'air', 'kebutuhan', 'utama', 'tp', 'kok', 'mati <num>', 'terus', 'tidak', 'semua', 'warga', 'punya', 'tandon', 'dan', 'tidak', 'semua', 'warga', 'punya', 'sumur', 'ini', 'matinya', 'berhari <num>', 'belum', 'selesai', 'juga', 'tolong', 'ditindaklanjuti']",
DP6O35WE1xK,2025-10-18 22:26:50 WIB,mayaprmtsr,"['berapa', 'lama', 'min', '?', 'jam', 'segini', 'kesempatan', 'ngisi', 'tandon', 'tapi', 'gaada', 'air', 'yang', 'ngalir']",
DP6O35WE1xK,2025-10-18 22:32:17 WIB,lila_linlin,"['sudah', 'trima', 'kasih']",
DP6O35WE1xK,2025-10-18 22:34:19 WIB,ha_llo01,"['iya', 'terimakasih', 'semoga', 'besok', 'tidak', 'mati', 'dan', 'kecil', 'lg', 'airnya', 'krn', 'bak', 'kamar', 'mandi', 'saya', 'alias', 'jeding', 'ku', 'banyue', 'wes', 'ngoret', 'meh', 'entek']",
DP6O35WE1xK,2025-10-18 22:35:36 WIB,mayaprmtsr,"['responnya', 'kalau', 'udah', 'nyala', 'nanti', 'ups']",
DP6O35WE1xK,2025-10-18 22:40:07 WIB,diska_kristiani,"['halah', 'ak', 'telp', '<num>', 'x', 'jawaban', 'sama', 'terusss', 'dilaporkan', 'ke', 'pihak', 'terkait', 'ini', 'di', 'kerjakan', 'apa', 'enggak', 'sebenernya', '?', '?', '?', 'd', 'telp', '<num>', 'x', 'jawaban', 'template', 'pak', 'ery', 'tolong', 'pak', 'warga', 'pbi', 'air', 'g', 'keluar', 'dari', 'jam', '<num>', 'malam', 'khususnya', 'yg', 'g', 'pake', 'sanyo', 'sama', 'sekali', 'g', 'keluar', 'pak', 'setetes', 'pun', 'g', 'keluar', 'sebenernya', 'sudah', '<num>', 'bulanan', 'tapi', 'malam', 'jam', '<num>', '-', '<num>', 'subuh', 'masih', 'nyala', 'hari', 'ini', 'kebacutttt', 'dr', 'kemaren', 'malam', 'sampe', 'detik', 'ini', 'g', 'keluar', 'tolong', 'pak', 'ery']",
DP6O35WE1xK,2025-10-18 23:38:42 WIB,piupiusky,"['heh', 'gurung', 'metu', 'banyumu', 'iki', 'ndek', 'sememi', 'tamansari', 'mosok', 'kekeringan', 'fakk']",
DP6O35WE1xK,2025-10-18 23:40:59 WIB,aristo_rudin,"['ini', 'kapan', 'nyala', 'airnya', 'sattt']",
DP6O35WE1xK,2025-10-19 05:55:43 WIB,riadisugeng,"['warga', 'yang', 'tinggal', 'di', 'kedinding', 'tengah', 'baru', 'xi', 'juga', 'mengalami', 'hal', 'yang', 'tidak', 'menyenangkan', 'dulu', 'air', 'pdam', 'selalu', 'keluar', 'kapan', 'pun', 'saat', 'dibutuhkan', 'kemudian', 'tidak', 'keluar', 'saat', 'siang', 'hari', 'saja', 'akhir-akhir', 'ini', 'malah', 'hanya', 'keluar', 'malam', 'hari', 'saja', 'contoh', 'pagi', 'ini', 'minggu', '<num>', 'oktober', '<num>', 'saat', 'awal', 'mencuci', 'pakaian', 'air', 'keluar', 'normal', 'di', 'tengah', 'kegiatan', 'mencuci', 'belum', 'selesai', 'tiba <num>', 'air', 'tidak', 'mengalir', 'padahal', 'air', 'pdam', 'di', 'rumah', 'disedot', 'dengan', 'pompa', 'air', 'tetangga', 'dan', 'saya', 'sudah', 'rutin', 'melakukan', 'pengaduan', 'petugas', 'datang', 'ditangani', 'namun', 'setelah', 'itu', 'tak', 'ada', 'perubahan', 'bayar', 'bulanan', 'rutin', 'tapi', 'pelayanan', 'mengecewakan']",
DP6O35WE1xK,2025-10-19 06:05:44 WIB,refyrahma,"['info', 'sememi', 'sudah', 'keluar', 'belum', 'ya', 'soalnya', 'skrg', 'lg', 'ngungsi']",
DP6O35WE1xK,2025-10-19 06:06:01 WIB,refyrahma,"['info', 'sememi', 'sdh', 'keluar', 'blm', 'ya', 'soalnya', 'skrg', 'lg', 'ngungsi']",
DP6O35WE1xK,2025-10-19 06:06:32 WIB,refyrahma,"['sekarang', 'sdh', 'nyala', 'belum', 'ya', '?', 'soalnya', 'masih', 'ngungsi']",
DP6O35WE1xK,2025-10-19 06:06:48 WIB,refyrahma,"['sememi', 'sdh', 'nyala', 'blm', 'skrg', '?']",
DP6O35WE1xK,2025-10-19 06:07:03 WIB,shasa.cong,"['udh', 'kluar', 'smlam']",
DP6O35WE1xK,2025-10-19 06:08:11 WIB,refyrahma,"['kak', 'sememi', 'sdh', 'nyala', 'blm', '?']",
DP6O35WE1xK,2025-10-19 06:09:11 WIB,refyrahma,"['info', 'dong', 'skrg', 'sudah', 'nyala', 'apa', 'belum', 'ya']",
DP6O35WE1xK,2025-10-19 06:09:27 WIB,refyrahma,"['info', 'dong', 'skrg', 'sdh', 'nyala', 'atau', 'blm', 'ya']",
DP6O35WE1xK,2025-10-19 06:09:45 WIB,refyrahma,"['info', 'dong', 'sememi', 'sdh', 'nyala', 'blm', 'skrg']",
DP6O35WE1xK,2025-10-19 06:22:36 WIB,sugab_ojunip_farm_magetan,"['sudah', 'normal', 'kak']",
DP6O35WE1xK,2025-10-19 06:40:19 WIB,refyrahma,"['info', 'dong', 'sememi', 'sdh', 'keluar', 'blm', 'ya']",
DP6O35WE1xK,2025-10-19 06:44:49 WIB,dikisvg,"['gaoleh', 'masak', 'ta', 'iki', 'cak']",
DP6O35WE1xK,2025-10-19 07:33:24 WIB,ismiedf,"['petugasnya', 'gak', 'punya', 'solusi', 'jawaban', 'template', 'biasanya', 'menyalahkan', 'sambungan', 'pipa', 'di', 'rumah', 'lah', 'tersumbat', 'lah', 'padahal', 'logikanya', 'kalo', 'tersumbat', 'kan', 'berarti', 'airnya', 'ga', 'keluar', 'samsek', 'lha', 'ini', 'airnya', 'keluar', 'cuma', 'malem', 'tok', 'biasanya', 'gak', 'logis']",
DP6O35WE1xK,2025-10-19 07:34:31 WIB,ismiedf,"['up', 'up', 'ayo', 'di', 'eval', 'pdam', 'nya', 'ini']",
DP6O35WE1xK,2025-10-19 08:23:45 WIB,salsa_olshop1927,"['udahh', 'kk']",
DP6O35WE1xK,2025-10-19 08:44:03 WIB,paniipannnn_,"['sdh', 'nyala', 'mba']",
DP6O35WE1xK,2025-10-19 09:11:01 WIB,natnu.tt,"['min', 'ini', 'yakin', 'min', 'pbi', 'masih', 'mati', 'airnya', '?', 'keroken', 'min']",
DP6O35WE1xK,2025-10-19 09:12:54 WIB,chella.o,"['tdi', 'pagi', 'keluar', 'tapi', 'debit', 'air', 'sangaaatt', 'kecil', 'sekarang', 'sudah', 'mati', 'lagi', 'toloooonglah', 'min', 'mosok', 'debit', 'air', 'semakin', 'kecil', 'kasian', 'warga', 'yg', 'ga', 'pnya', 'tandon', 'air', 'sanyo', 'usahakan', 'debit', 'air', 'pdam', 'di', 'buka', 'lbih', 'besar', 'lgi']",
DP6O35WE1xK,2025-10-19 09:13:32 WIB,chella.o,"['area', 'pbi']",
DP6O35WE1xK,2025-10-19 10:58:14 WIB,d1_m_s.dms,"['min', '?', 'lagi', '?', 'di', 'tempat', 'yang', 'sama', '<num> x', 'dalam', 'sebulan', '?']",
DP6O35WE1xK,2025-10-19 11:57:15 WIB,diska_kristiani,"['podo', 'mati', 'lagii']",
DP6O35WE1xK,2025-10-19 18:48:27 WIB,trisachrisma,"['sdh', 'dr', 'td', 'malam', 'cuma', 'sampe', 'siang', 'td', 'msh', 'kecil', 'keluarnya']",
DP6O35WE1xK,2025-10-18 19:35:17 WIB,ha_llo01,"['nyala', 'sih', 'tp', 'kecil', 'dan', 'ditempat', 'kran', 'yg', 'rendah', 'tidak', 'bisa', 'mengalir', 'jika', 'di', 'kran', 'kamar', 'mandi']",
DP6O35WE1xK,2025-10-18 19:45:47 WIB,natnu.tt,"['min', 'area', 'pbi', 'masi', 'belom', 'nyala', 'airnya', 'seharian', 'gimana', 'ini', 'min', '?', 'kapan', 'normalisasi', 'airnya', 'bagian', 'pbi', '?', 'janjinya', '<num>', 'jam', 'pengerjaan']",
DP6O35WE1xK,2025-10-18 19:53:41 WIB,jeksonpanjaitan91,"['terus', 'jam', 'brp', 'nyala', 'nya', '?', 'baru', 'brp', 'bulan', 'lalu', 'perbaikan', 'skrng', 'perbaikan', 'lagi', 'iya', 'kalau', 'stok', 'air', 'kalau', 'gak', 'ada', 'gmn', '?']",
DP6O35WE1xK,2025-10-18 19:57:28 WIB,natnu.tt,"['free', 'ga', 'min', 'apa', 'bayar', 'inii']",
DP6O35WE1xK,2025-10-18 20:14:11 WIB,rickychen_as,"['kerjo', 'kerjo']",
DP6O35WE1xK,2025-10-18 20:15:18 WIB,vicharomadhonawati,"['ayo', 'min', 'kapan', 'nyala', 'airnya', 'diwilayah', 'sumberrejo', 'pakal']",
DP6O35WE1xK,2025-10-18 20:20:43 WIB,citraykrn,"['kapan', 'ini', 'nyalanya', 'min']",
DP6O35WE1xK,2025-10-18 20:30:01 WIB,wii1i,"['pbi', 'belum', 'keluar', 'airnya', 'min', 'katanya', 'pengerjaan', '<num>', 'jam', 'ini', 'sudah', '<num>', 'jam', 'air', 'tidak', 'keluar']",
DP6O35WE1xK,2025-10-18 20:35:17 WIB,lee_chamoomilee,"['astagfirullah', 'halooo', 'min', 'apa', 'ada', 'kabar', 'airnya', '?', 'airnya', 'apakah', 'sudah', 'mengalir', '?', 'estimasi', '±8', 'jam', 'tidak', 'akurat', 'ya', '?', '?', 'gabisa', 'berkata <num>', 'lagii']",
DP6O35WE1xK,2025-10-18 20:36:26 WIB,lee_chamoomilee,"['haloo', 'min', 'apakah', 'sudah', 'ada', 'pergerakan', 'airnya', 'mengalir', '?', 'kamar', 'mandi', 'sampe', 'kering', 'tandus', 'kayak', 'tanah', 'yg', 'gk', 'pernah', 'kena', 'air', 'hehehhe']",
DP6O35WE1xK,2025-10-18 20:54:55 WIB,thary1299,"['manukan', 'tgl', '<num>', 'okt', 'jam', '<num>', 'mati', 'lagigimana', 'ini']",
DP6O35WE1xK,2025-10-18 20:55:07 WIB,diska_kristiani,"['telp', 'pdam', 'ya', 'jawaban', 'g', 'jelasss', 'sampe', 'telp', '<num>', 'x', 'pancettt', 'ae', 'pake', 'nanya', 'apa', 'd', 'rumah', 'ibu', 'aja', 'yg', 'kendala', 'air', 'pdahal', 'ya', 'sak', 'komplek', 'd', 'ig', 'ya', 'wes', 'rame', 'laporan', 'pura <num>', 'gtw', 'atau', 'gmn', 'nemeeeeen', 'e', 'seharian', 'g', 'nyala', 'blasssss']",
DP6O35WE1xK,2025-10-18 20:57:01 WIB,diska_kristiani,"['isuk', 'sampe', 'bengi', 'g', 'nyala <num>', 'bulan', 'ini', 'nemeeeen', 'air', 'nyalane', 'bengi', 'tok', 'jam', '<num>', 'an', '-', '<num>', 'pagi', 'ehhh', 'hari', 'ini', 'tambah', 'nemen', 'e', 'kebangetan', 'mulai', 'isuk', 'sampe', 'jam', 'segini', 'g', 'nyala', 'blasss', 'setetes', 'pun', 'gdaa', 'kran', 'drtd', 'bukaaaa', 'ak', 'sampe', 'g', 'isa', 'masak', 'g', 'mandi', 'g', 'korah <num>', 'g', 'bersih <num>']",
DP6O35WE1xK,2025-10-18 21:01:30 WIB,izdiharuddinm,"['min', 'area', 'gbipbi', 'iki', 'sedinoan', 'bleng', 'ga', 'nyala', 'isuk', 'sampe', 'bengi', 'kran', 'ku', 'gametu', 'banyu', 'blas', 'sabtu', 'sabtu', 'maleh', 'gaisok', 'lapo', 'lapo']",
DP6O35WE1xK,2025-10-18 21:03:12 WIB,wii1i,"['yow', 'wes', 'ngeneh', 'iki', 'kerjaan', 'e', 'bumd', 'sama', 'bumn', 'jarang', 'ada', 'beres', 'apalagi', 'kalau', 'wes', 'monopoli', 'sak', 'karep', 'e', 'dewe', 'kalau', 'kerja']",
DP6O35WE1xK,2025-10-18 21:19:06 WIB,wii1i,"['gitu', 'ngakunya', 'tadi', 'jam', '<num>', 'pagi', 'pengerjaan', 'sudah', 'selesai', 'saya', 'jam', '<num>', 'lewat', 'masih', 'dikerjakan', 'dan', 'sampai', 'sekarang', 'belum', 'ada', 'normalisasi']",
DP6O35WE1xK,2025-10-18 21:20:11 WIB,oracabuloradenji,"['kon', 'iku', 'denda', 'semangat', 'giliran', 'banyu', 'mati', 'lemot', 'kendung', 'grong', 'onk', 'sebulan', 'dibenakno', 'kok', 'yo', 'wes', 'benakno', 'maneh']",
DP6O35WE1xK,2025-10-18 21:22:59 WIB,abiddinsy,"['molor', 'lagi', 'min <num>', 'tolong', 'lah', 'malam', 'iniharus', 'nyala', 'atau', 'tagihannya', 'gak', 'tak', 'bayar']",
DP6O35WE1xK,2025-10-18 15:32:24 WIB,wildanrobih,"['belum', 'nyala', 'ya']",
DP6O35WE1xK,2025-10-18 15:34:36 WIB,hesacru,"['pondok', 'benowo', 'indah', 'kapan', 'keluar', 'air', 'nya']",
DP6O35WE1xK,2025-10-18 16:20:23 WIB,refyrahma,"['halo', 'min', 'ini', 'apa', 'masih', 'mati', 'ya', 'kok', 'daerah', 'sememi', 'masih', 'blm', 'bisa']",
DP6O35WE1xK,2025-10-18 16:24:51 WIB,ellenia_nia,"['bangeteeeeennnn', 'sek', 'drumg', 'nyalaa']",
DP6O35WE1xK,2025-10-18 16:25:51 WIB,tyaa.nanin,"['sampai', 'sore', 'ini', 'belum', 'nyala', 'airnya']",
DP6O35WE1xK,2025-10-18 16:29:53 WIB,nine_wanda,"['air', 'daerah', 'benowo', 'belum', 'nyala', 'gimana', 'ini']",
DP6O35WE1xK,2025-10-18 16:32:15 WIB,yudyrukmana,"['tapi', 'kok', 'masih', 'belum', 'ngalir']",
DP6O35WE1xK,2025-10-18 16:33:26 WIB,irinearyani,"['terpantau', 'sampe', 'set', '<num>', 'sore', 'di', 'pbi', 'belum', 'nyala', 'min', 'airnya']",
DP6O35WE1xK,2025-10-18 16:34:20 WIB,yudyrukmana,"['sampai', 'sore', 'ini', 'masih', 'blm', 'ngalir', 'pakal', 'benowo']",
DP6O35WE1xK,2025-10-18 16:48:16 WIB,rizkyberry15,"['gak', 'tau', 'ados', 'ae', 'komen', 'cak']",
DP6O35WE1xK,2025-10-18 16:53:06 WIB,34_abadi,"['selamat', 'sore', 'bapak', 'ngadimin', 'yg', 'terhormat', 'sampe', 'sore', 'hari', 'ini', 'air', 'di', 'wilayah', 'surabaya', 'barat', 'sekitaran', 'sememi', 'sampe', 'pondok', 'benowo', 'indah', 'masih', 'belum', 'mengalir']",
DP6O35WE1xK,2025-10-18 16:54:55 WIB,nurul_lailatul_chasanah,"['kapan', 'mengalirnya', 'katanya', 'estimasi', '<num>', 'jamini', 'udah', 'lebih', 'lholain', 'kali', 'kalo', 'kasih', 'info', 'jangan', 'mepet', 'waktunya']",
DP6O35WE1xK,2025-10-18 16:55:11 WIB,34_abadi,"['ini', 'seharian', 'tidak', 'bisa', 'melakukan', 'aktivitas', 'mck', 'bapak', 'mohon', 'di', 'follow', 'up', 'untuk', 'pengerjaannya', 'supaya', 'tidak', 'berlarut', 'terlalu', 'lama', 'kasihan', 'yg', 'rumahnya', 'tidak', 'memakai', 'tandon', 'jikapun', 'ada', 'pasti', 'juga', 'habis', 'kalo', 'seharian']",
DP6O35WE1xK,2025-10-18 16:55:48 WIB,i.nafsi,"['kapan', 'nyala', 'ini', 'ya', 'ampun']",
DP6O35WE1xK,2025-10-18 16:57:35 WIB,_rindaputri,"['air', 'nya', 'belom', 'nyala', 'yaapa', 'see', 'minn']",
DP6O35WE1xK,2025-10-18 17:11:26 WIB,refyrahma,['benarrrr'],
DP6O35WE1xK,2025-10-18 17:12:24 WIB,refyrahma,"['tolong', 'lahh', 'minn', 'ini', 'gimana', 'sememi', 'airnya', 'ga', 'nyala', 'sama', 'sekali', 'udah', 'kehabisan', 'air']",
DP6O35WE1xK,2025-10-18 17:14:45 WIB,elizafirdausi,"['min', 'ko', 'mati', 'lagi', 'ya']",
DP6O35WE1xK,2025-10-18 17:15:27 WIB,ismiedf,"['jahat', 'banget', 'katanya', 'estimasi', '<num>', 'jam', 'katanya', 'sudah', 'selesai', 'dafi', 'td', 'pagi', 'kok', 'sampe', 'sekarang', 'ga', 'nyala', 'ga', 'diajarin', 'ta', 'kalo', 'bohong', 'itu', 'dosa', 'direksi', 'ne', 'gak', 'pengen', 'evaluasi', 'ta', 'cek', 'kebacute']",
DP6O35WE1xK,2025-10-18 17:17:32 WIB,malll_muhammad,"['sememi', 'sore', 'ini', 'mati', 'lagi']",
DP6O35WE1xK,2025-10-18 17:20:08 WIB,retno_sulistiyoningsih,"['sore', 'min', 'skrg', 'sabtu', '<num>', 'okt', '<num>', 'jam', '<num>', 'permisi', 'apakah', 'pengerjaannya', 'blm', 'selesai', '?', 'air', 'msh', 'langka', 'sekali', 'di', 'lingkungan', 'saya', 'sememi', 'baru', 'minta', 'tlg', 'di', 'maksimalkan', 'agar', 'lancar', 'kembali', 'seperti', 'sblumnya', 'makasih']",
DP6O35WE1xK,2025-10-18 17:33:51 WIB,me.mitha0205,"['tadi', 'siang', 'udah', 'nyala', 'tapi', 'kecil', 'bangett', 'ehhh', 'sekarang', 'malah', 'mati', 'lagi', 'maksudnya', 'gimana', 'sih', 'min']",
DP6O35WE1xK,2025-10-18 17:37:54 WIB,elwiedha,"['he', 'min', 'klakahrejo', 'kok', 'mati', 'maneh', '?', 'niat', 'benakno', 'ta', 'gak', 'jane', '?']",
DP6O35WE1xK,2025-10-18 17:40:34 WIB,rinaldibenowo,"['<num>', 'jam', 'tp', 'sampai', 'sekarang', 'juga', 'masih', 'trouble', 'hehehehe']",
DP6O35WE1xK,2025-10-18 17:43:22 WIB,chanisna,"['apa', 'masih', 'perbaikan', 'ya', 'karena', 'sama', 'sekali', 'dirumah', 'airny', 'g', 'keluar']",
DP6O35WE1xK,2025-10-18 17:46:35 WIB,paniipannnn_,"['sampe', 'sekarang', 'sememi', 'masih', 'mati', 'tolongg', 'dongg']",
DP6O35WE1xK,2025-10-18 17:47:05 WIB,agung_lintank,"['ini', 'kenapa', 'masak', 'setiap', 'sabtuminggu', 'pdam', 'selalu', 'mati', 'daerah', 'kauman', 'baru', 'pak', 'mohon', 'untuk', 'segera', 'ditindak', 'lanjuti', 'meteran', 'tetap', 'jalan', 'tapi', 'air', 'mati', 'trima', 'kasih']",
DP6O35WE1xK,2025-10-18 17:48:04 WIB,agung_lintank,"['sama', 'pak', 'daerah', 'kauman', 'baru', 'juga', 'gitu', 'hampir', 'setiap', 'minggu', 'begini', 'trus']",
DP6O35WE1xK,2025-10-18 17:53:26 WIB,cynthia_larasati15,"['mati', 'lagi', 'airnya', 'sememi', 'baru']",
DP6O35WE1xK,2025-10-18 17:54:15 WIB,salsa_olshop1927,"['mati', 'lagi', 'ya', 'air', 'di', 'sememii']",
DP6O35WE1xK,2025-10-18 17:58:27 WIB,indie_riawan,"['gimana', 'min', 'air', 'belum', 'keluar', 'sama', 'sekali', 'sampe', 'jam', 'sekarang', 'detik', 'ini', 'payah', 'pdam', 'warga', 'susah']",
DP6O35WE1xK,2025-10-18 18:01:40 WIB,mandaaa.rn,"['betul', 'kak', 'mosok', 'kudu', 'mantau', 'teross', 'rekrek', 'ate', 'masak', 'mantau', 'ate', 'ados', 'yo', 'mantau', 'ngunu', 'a']",
DP6O35WE1xK,2025-10-18 18:03:25 WIB,ha_llo01,"['kok', 'matinya', 'malah', 'hari', 'ini', 'ya', 'sabtu <num> <num> <num>', '?', 'area', 'pondok', 'benowo', 'indah', 'kampung', 'buran']",
DP6O35WE1xK,2025-10-18 18:06:20 WIB,jeksonpanjaitan91,"['ganguan', 'terus', 'ae', 'jancok']",
DP6O35WE1xK,2025-10-18 18:06:38 WIB,jeksonpanjaitan91,"['ini', 'kok', 'air', 'kok', 'belom', 'jalan']",
DP6O35WE1xK,2025-10-18 18:09:27 WIB,sektaboss,"['aliran', 'darimana', '?', 'sampai', 'sekarang', 'masih', 'blm', 'nyala', 'woy']",
DP6O35WE1xK,2025-10-18 18:21:49 WIB,eviaprilias,"['min', 'air', 'sememi', 'mati', 'maneh', 'loh', 'tak', 'pikir', 'siang', 'keluar', 'e', 'kecil', 'nti', 'sore', 'bakalan', 'normal', 'lah', 'kok', 'malah', 'mati', 'maneh', 'min', 'wes', 'umbahan', 'ku', 'mumpuk', 'min', 'nek', 'mati', 'e', 'sampek', 'besok', 'yo', 'kebangeten', 'min']",
DP6O35WE1xK,2025-10-18 18:22:01 WIB,erryseptiawan,"['minawakmu', 'ngomong', 'perbaikan', 'sdh', 'selesai', 'nyatane', 'banyu', 'nang', 'nggonku', 'durung', 'metu', 'bablas', 'sak', 'tetes', 'padahal', 'kran', 'tak', 'bukak', 'mulai', 'isuk', 'aku', 'budhal', 'kerjo', 'sampek', 'saiki', 'aku', 'muleh', 'kerjo', 'bak', 'ku', 'ijek', 'kosong', 'oblong <num>']",
DP6O35WE1xK,2025-10-18 18:30:54 WIB,putrilisti_16,"['min', 'banyue', 'sek', 'durung', 'nyala', 'taaku', 'sampek', 'ngungsi', 'nak', 'omah', 'e', 'wongtuoku', 'maneh']",
DP6O35WE1xK,2025-10-18 18:44:28 WIB,jack_noises,"['minkoen', 'nek', 'butuh', 'kerja', 'bakti', 'warga', 'gawe', 'mbenakno', 'pipo', 'ngomongo', 'kurang', 'akeh', 'ta', 'pegawaimu', 'kok', 'banyu', 'sampek', 'saiki', 'durung', 'mili', '?', '?', '?']",
DP6O35WE1xK,2025-10-18 18:50:49 WIB,chella.o,"['daaaaaaannnn', 'kenyataan', 'd', 'lapangan', 'air', 'belum', 'metuuuu', 'stok', 'banyu', 'wes', 'menipissssssss', 'miiinnn', 'ngunui', 'garai', 'tagihan', 'malah', 'entek', 'wakeehh', 'taalaaaahh']",
DP6O35WE1xK,2025-10-18 19:00:51 WIB,erryseptiawan,"['sdh', 'aku', 'kirim', 'di', 'dm', 'min']",
DP6O35WE1xK,2025-10-18 19:07:30 WIB,34_abadi,"['oalah', 'aku', 'baru', 'tau', 'kalo', 'sampe', 'kebarat', 'pak', 'tak', 'kira', 'mungkin', 'mentok', 'benowo']",
DP6O35WE1xK,2025-10-18 19:09:23 WIB,abiddinsy,"['wah', 'bohong', 'si', 'admin', 'padahal', 'dilapangan', 'masih', 'proses']",
DP6O35WE1xK,2025-10-18 19:09:35 WIB,34_abadi,"['halo', 'haloo', 'cak', 'neng', 'pak', 'bu', 'infonya', 'yaopo', 'iki', 'jare', 'tgl', '<num> tok', '-', '<num> jam', 'iki', 'wes', 'tgl', '<num>', 'wes', 'jam', 'yahene', 'kok', 'gak', 'onok', 'banyu', 'nobar', 'kecut', 'kabeh', 'iki', 'bos']",
DP6O35WE1xK,2025-10-18 19:12:35 WIB,34_abadi,"['min', 'membuang', 'angin', 'iki', 'ngentut', 'ngono', 'ta', '?', 'dari', 'pagi', 'dorong', 'adus', 'min', 'ngadimin', 'korahan', 'dan', 'kumbahan', 'numpuk', 'awak', 'lebus', 'nobar', 'pliket', 'kabeh']",
DP6O35WE1xK,2025-10-18 09:37:05 WIB,rioade14,"['adus', 'banyu', 'logo', 'ae', 'komen', 'ae']",
DP6O35WE1xK,2025-10-18 09:41:15 WIB,ayoerahayu111,"['sememi', 'skg', 'kok', 'langganan', 'sih', 'min', 'belum', 'sebulan', 'lapor', 'skg', 'mati', 'lg', 'didaerah', 'saya', 'sememi']",
DP6O35WE1xK,2025-10-18 09:42:14 WIB,hendrikvivi,"['kapan', 'nyala', 'airnya', 'pak', 'sampek', 'sekarang', 'kok', 'belum', 'keluar', 'ya']",
DP6O35WE1xK,2025-10-18 09:42:38 WIB,trisachrisma,"['kok', 'tempat', 'saya', 'belum', 'nyala', 'ya', 'pak', 'katanya', 'perbaikan', 'sdh', 'selesai', '?']",
DP6O35WE1xK,2025-10-18 09:45:28 WIB,trisachrisma,"['saya', 'daerah', 'sememi']",
DP6O35WE1xK,2025-10-18 09:49:19 WIB,inspirasiku_racunshopee,"['sidorejo', 'pakal', 'airnya', 'belum', 'nyala', 'nihhh', 'min', 'gimana', '?', '?', 'sudah', 'wa', 'jg', 'gk', 'ada', 'tanggapan']",
DP6O35WE1xK,2025-10-18 09:58:13 WIB,indie_riawan,"['wah', 'parah', 'sebelum', 'perbaikan', 'air', 'saja', 'uda', 'kecil', 'sekali', 'dan', 'susah', 'keluarnya', 'di', 'rumah', 'warga']",
DP6O35WE1xK,2025-10-18 09:58:49 WIB,indie_riawan,"['air', 'mulai', 'jam', '<num>', 'subuh', 'sampe', 'sekarang', 'gak', 'ada', 'keluar', 'sama', 'sekali', 'payah']",
DP6O35WE1xK,2025-10-18 09:59:30 WIB,indie_riawan,"['parah', 'pdam', 'skrg', 'air', 'hanya', 'jam', 'tertentu', 'saja', 'keluar', 'nya', 'itu', 'pun', 'kecil', 'debit', 'air', 'nya']",
DP6O35WE1xK,2025-10-18 10:03:17 WIB,chizlava,"['msh', 'blm', 'nyala', 'loh', 'min']",
DP6O35WE1xK,2025-10-18 10:07:36 WIB,lalalililululalo,"['pagi', 'ini', 'air', 'belum', 'mengalir']",
DP6O35WE1xK,2025-10-18 10:13:28 WIB,me.mitha0205,"['udahh', 'min', 'barusan', 'nyala']",
DP6O35WE1xK,2025-10-18 10:16:22 WIB,paniipannnn_,"['sememi', 'masihh', 'mati', 'airnya']",
DP6O35WE1xK,2025-10-18 10:23:13 WIB,poncoae,"['oke', 'min', 'terima', 'kasih', 'infonya']",
DP6O35WE1xK,2025-10-18 10:25:20 WIB,shinta_marsharosaline,"['bener', 'busaya', 'paham', 'banget', 'kekesalannya', 'ibutd', 'pagi', 'juga', 'saya', 'telp', 'ke', 'call', 'centersaya', 'blg', 'infonya', 'kan', 'tgl', '<num>', 'perbaikannya', 'kok', 'bs', 'smpe', 'tgl', '<num> jawabannya', 'saya', 'harus', 'rajin <num>', 'cek', 'instagram', 'pdam', 'biar', 'ada', 'info', 'hahahaha']",
DP6O35WE1xK,2025-10-18 10:33:44 WIB,isnawatichoiruliyah,"['min', 'jarene', 'perbaikan', 'e', 'wes', 'mari', 'tapi', 'ng', 'omahku', 'di', 'jl', 'sidorejo', 'pakal', 'banyu', 'ne', 'sampek', 'saiiki', 'jam', '<num>', 'sek', 'mati']",
DP6O35WE1xK,2025-10-18 10:53:04 WIB,mhmddidits,"['opo', 'iki', 'pbi', 'gak', 'nyala', 'tambah', 'gak', 'tak', 'bayar', 'iki', 'banyumu']",
DP6O35WE1xK,2025-10-18 11:23:47 WIB,mochyusufghanii,"['mana', 'ada', 'belum', 'nyalah', 'kauman']",
DP6O35WE1xK,2025-10-18 11:26:17 WIB,aaaudiye_lyv,"['ini', 'gimana', 'min', 'ya', 'allah', 'dr', 'tgl', '<num>', 'nank', 'gak', 'nyala', 'blas', 'ki', 'pie', 'min', 'air', 'sumber', 'khidupan', 'min', 'msok', 'kon', 'beli', 'galon', 'trus', 'buat', 'mandi', 'bab', 'dll', 'tyus', 'yg', 'klga', 'nya', 'byak', 'kyak', 'saya', 'kek', 'opo', 'min', 'byak', 'anak', 'kecil', 'dan', 'balita', 'jga', 'yg', 'sangat', ""''"", 'btuh', 'air', 'sewaktu', ""''""]",
DP6O35WE1xK,2025-10-18 11:26:19 WIB,no_vellia,"['omahku', 'bandarejo', 'wes', 'seminggu', 'banyu', 'metu', 'e', 'cuilikkk', 'bahkan', 'gag', 'kadang', 'gag', 'metu', 'blasss', 'sumpah', 'kebacut', 'suwi <num>', 'pdam']",
DP6O35WE1xK,2025-10-18 11:29:18 WIB,rizkiyanura,"['<num>', 'sememi', 'baru', 'belum', 'nyala', 'hampir', '<num> jam', 'hadehhhh']",
DP6O35WE1xK,2025-10-18 11:38:53 WIB,wildanrobih,"['sampai', 'skrg', 'belum', 'nyala', 'ya']",
DP6O35WE1xK,2025-10-18 11:40:39 WIB,isnawatichoiruliyah,"['piye', 'min', 'kok', 'durung', 'nyala', 'ae', 'banyu', 'ne', 'di', 'sidorejo', 'pakal', 'call', 'center', 'wa', 'di', 'chat', 'tapi', 'masih', 'diproses', 'ae', 'stok', 'banyu', 'ku', 'wes', 'menipis', 'iki', 'tolong', 'direspon', 'min']",
DP6O35WE1xK,2025-10-18 11:40:53 WIB,wildanrobih,"['di', 'dreaming', 'land', 'pondok', 'benowo', 'indah', 'tidak', 'nyala', 'apakah', 'masih', 'perbaikan', '?', '?', '?']",
DP6O35WE1xK,2025-10-18 11:42:03 WIB,lila_linlin,"['pbi', 'kok', 'sebagian', 'ad', 'yg', 'nyala', 'sebagian', 'mati', '?', 'masih', 'belum', 'lancarkah', 'airinya', '?']",
DP6O35WE1xK,2025-10-18 12:06:38 WIB,chizlava,"['kandangan', 'blm', 'nyalaaaa', 'mau', 'sampe', 'kapaaan', 'yaaallaaaaah', 'yarobiiiiiii']",
DP6O35WE1xK,2025-10-18 12:20:14 WIB,ellythonggg,"['masih', 'blm', 'nyala', 'min', 'smpe', 'skrg']",
DP6O35WE1xK,2025-10-18 12:27:53 WIB,34_abadi,"['selamat', 'siang', 'hingga', 'saat', 'ini', 'air', 'di', 'wilayah', 'pbi', 'belum', 'ada', 'yang', 'keluar', 'saya', 'sudah', 'kecut', 'bapak', 'belum', 'mandi', 'weteng', 'mules', 'sisan', 'mohon', 'untuk', 'di', 'followup', 'bapak', 'biar', 'pada', 'mandi', 'orang <num>', 'trimakasih']",
DP6O35WE1xK,2025-10-18 12:51:09 WIB,padelita.cr,"['wes', 'nyalah', 'ta', '?']",
DP6O35WE1xK,2025-10-18 12:54:07 WIB,dhana_saja,"['sudah', 'normal', 'apa', 'belum']",
DP6O35WE1xK,2025-10-18 13:03:51 WIB,ayusari8667,"['pbi', 'sampai', 'sekarang', 'belum', 'nyala', 'minta', 'tolong', 'penanganan', 'nyagak', 'nduwe', 'banyu', 'blas', 'min']",
DP6O35WE1xK,2025-10-18 13:05:21 WIB,bekam_sby,"['seng', 'cedek', 'daerah', 'bandarejo', 'bgian', 'atsae', 'drung', 'metu', 'miniki', 'normalisasi', 'btuh', 'berapa', 'jam', 'mintlng', 'min', 'iki', 'sak', 'no', 'bayi', 'nemin']",
DP6O35WE1xK,2025-10-18 13:08:14 WIB,np.ajeng,"['daerah', 'bandarsari', 'blm', 'nyala', 'sempat', 'nyala', 'dpt', 'stgh', 'baskom', 'airnya', 'butek']",
DP6O35WE1xK,2025-10-18 13:12:20 WIB,nrhasanah39,"['aduuuuh', 'wes', 'howoe', 'panas', 'tambah', 'banyu', 'mati']",
DP6O35WE1xK,2025-10-18 13:20:40 WIB,suksessportsby,"['panase', 'ngene', 'kq', 'terus', 'olehe', 'dandani', 'menyala']",
DP6O35WE1xK,2025-10-18 13:24:26 WIB,brambang.ireng,"['kok', 'belum', 'nyala', 'sampai', 'sekarang', 'ya', '?', 'area', 'sememi']",
DP6O35WE1xK,2025-10-18 13:28:17 WIB,wii1i,"['masih', 'belum', 'keluar', 'airnya', 'di', 'pbi']",
DP6O35WE1xK,2025-10-18 13:45:51 WIB,shasa.cong,"['area', 'sememi', 'kok', 'belum', 'nyala', 'ya', 'airnya', 'gmna', 'ini']",
DP6O35WE1xK,2025-10-18 13:47:26 WIB,shasa.cong,"['bner', 'infonya', 'mepet', 'bgt', 'dan', 'skrng', 'khabisan', 'air', 'blum', 'nyala <num>']",
DP6O35WE1xK,2025-10-18 13:54:59 WIB,wildanrobih,['iya'],
DP6O35WE1xK,2025-10-18 13:56:18 WIB,shasa.cong,"['tlong', 'responnyaaarea', 'sememi', 'blum', 'nyala', 'ini', 'airnyaaa']",
DP6O35WE1xK,2025-10-18 13:59:35 WIB,yosefinnathalia,"['iyaa', 'kak', 'saya', 'juga', 'di', 'sememi', 'belum', 'nyala']",
DP6O35WE1xK,2025-10-18 14:44:21 WIB,inez_dvk,"['sampai', 'jam', 'sore', 'ini', 'di', 'rmh', 'saya', 'tdk', 'ngalir', 'sama', 'sekali']",
DP6O35WE1xK,2025-10-18 14:47:16 WIB,sm4llc0rner,"['iya', 'kak', 'barusan', 'aku', 'lewat', 'depan', 'kendung', 'kaya', 'masi', 'diperbaiki', 'gt', 'apanya', 'yg', 'udah', 'selesai']",
DP6O35WE1xK,2025-10-18 15:01:53 WIB,purnomosudaryanto,"['nggih', 'leres', 'sebelumnya', 'debit', 'airnya', 'lumayan', 'besar', 'tapi', 'akhir <num>', 'ini', 'kecil', 'lagi']",
DP6O35WE1xK,2025-10-18 15:04:59 WIB,wildanrobih,"['belum', 'keluar', 'airnya']",
DP6O35WE1xK,2025-10-18 15:05:31 WIB,rudipriyanto1983,"['sampai', 'detik', 'iniarea', 'pondok', 'benowo', 'indah', 'air', 'belum', 'keluar', 'setetes', 'pun']",
DP6O35WE1xK,2025-10-18 15:28:09 WIB,sugab_ojunip_farm_magetan,"['absen', 'min', 'sememi', 'belum', 'keluar', 'air', 'dr', 'pagi', 'blm', 'mandi', 'ini']",
DP6O35WE1xK,2025-10-18 07:40:13 WIB,dannykrisd,"['waduh', 'airnya', 'mati', 'lg']",
DP6O35WE1xK,2025-10-18 07:42:03 WIB,abiddinsy,"['bukannya', 'kemarin', 'habis', 'perbaikan', 'kok', 'bocor', 'lagi', 'min', 'parah']",
DP6O35WE1xK,2025-10-18 07:44:44 WIB,chizlava,"['pas', 'd', 'bungkal', 'sering', 'mati', 'pindah', 'kandangan', 'kena', 'juga', 'wkwkkwk', 'serah', 'ahh']",
DP6O35WE1xK,2025-10-18 07:47:33 WIB,sektaboss,"['setiap', 'pagi', 'dari', 'kemarin', 'belum', 'selesai', ""''"", 'sampai', 'sekarang', 'di', 'pbi', '?', 'mati', 'total', 'meskipun', 'pakai', 'sanyo', 'tetap', 'aja', 'kenapa', 'harus', 'pagi', 'woypagi', 'aktivitas', 'nya', 'banyak', 'kenapa', 'harus', 'pagi', '?', '?', '?', '?']",
DP6O35WE1xK,2025-10-18 07:54:23 WIB,poncoae,"['kapan', 'nyala', 'airnya', 'min', 'kita', 'ada', 'hajatan', 'malah', 'susah', 'cari', 'air']",
DP6O35WE1xK,2025-10-18 07:57:32 WIB,fikars18,"['tiwas', 'keturon', 'aku', 'wisan', 'gk', 'nads', 'banyu', 'min']",
DP6O35WE1xK,2025-10-18 07:58:28 WIB,salsa_olshop1927,"['wingi', 'twas', 'nampung', 'gg', 'mati', 'saiki', 'matii', 'maneh', 'tak', 'kiro', 'gg', 'matii', 'maneh', 'tibake', 'mati', 'jan', 'jan', 'nyorokno', 'tok']",
DP6O35WE1xK,2025-10-18 07:59:41 WIB,reyvan0963,"['skrg', 'jadi', 'sering', 'mati', 'air', 'heran', 'deeehhh', 'tlg', 'segera', 'diselesaikan']",
DP6O35WE1xK,2025-10-18 07:59:59 WIB,yynt_sec,"['pakkk', 'segera', 'selesaikan', 'tolong', 'udah', 'hawa', 'panas', 'pak', 'air', 'kurang', 'kita', 'mepet', 'air', 'sudah']",
DP6O35WE1xK,2025-10-18 08:12:26 WIB,embeecks.eblast,"['nantik', 'selesai', '<num>', 'hari', 'lagi', 'info', 'terjadi', 'bocor', 'lagi', 'kedalaman', '<num> m', 'karna', 'box', 'petric', 'klepret', 'selesai', 'estimasi', '<num>', 'jam', 'terus', 'bocor', 'lagi', 'daerah', 'beji', 'dengan', 'kedalaman', '<num> m']",
DP6O35WE1xK,2025-10-18 08:22:02 WIB,nophanophek,"['woooyyy', 'kerja', 'itu', 'terjadwal', 'gitu', 'lohh', 'info', 'dadakan', 'banyu', 'mati', 'woro <num>', 'nang', 'status', 'ig', 'mbo', 'kiro', 'kene', 'ikki', 'dulinan', 'ig', 'teros', 'tah', '?', '?', '?', 'ndeloki', 'igmu', 'teros', '?', '?', '?', '?']",
DP6O35WE1xK,2025-10-18 08:25:44 WIB,chizlava,"['mau', 'sampe', 'jmbrp', 'gusti', 'allaaaah']",
DP6O35WE1xK,2025-10-18 08:35:33 WIB,brambang.ireng,"['pak', 'panas', 'panas', 'ngene', 'banyu', 'mati', 'yaopo', 'ngene', 'iki']",
DP6O35WE1xK,2025-10-18 08:37:48 WIB,wii1i,"['yakin', '?', 'awas', 'kalau', 'molor', 'ini', 'dari', 'janji', '<num>', 'jam', 'sudah', 'molor', 'jauh']",
DP6O35WE1xK,2025-10-18 08:39:00 WIB,hi_iniiaku,"['sakjane', 'sakdurunge', 'onok', 'perbaikan', 'iku', 'di', 'delok', 'sek', 'wargae', 'onok', 'sing', 'duwe', 'hajat', 'ta', 'gak', '?', 'di', 'data', 'lek', 'perlu', 'gak', 'angger', 'ae', 'wayahe', 'wong', 'turu', 'di', 'pateni', 'banyunewes <num>', 'tambah', 'mrene', 'onoooook', 'ae', 'sing', 'di', 'bongkar', 'pasang', 'wes', 'koyok', 'roblox', 'iku', 'lo', 'ngerti', 'gak', '?']",
DP6O35WE1xK,2025-10-18 08:39:37 WIB,hi_iniiaku,"['wes', 'mari', 'ta', '?', 'kene', 'panas <num>', 'malah', 'di', 'potan', 'pateni', 'ae']",
DP6O35WE1xK,2025-10-18 09:06:58 WIB,paniipannnn_,"['teman <num>', 'yg', 'di', 'sememi', 'apakah', 'airnya', 'sdh', 'nyala', '?']",
DP6O35WE1xK,2025-10-18 09:08:41 WIB,brambang.ireng,"['baik', 'terima', 'kasih']",
DP6O35WE1xK,2025-10-18 09:11:21 WIB,yanianis33,"['hawa', 'sdah', 'panas', 'air', 'mati', 'pula', 'semoga', 'tdk', 'sering', 'lagi']",
DP6O35WE1xK,2025-10-18 09:13:20 WIB,izza.nurulr26,"['hemtalah', 'lek', 'dendo', 'ae', 'langsung', 'gercep', 'lek', 'mbenakno', 'pipo', 'bolak', 'balek', 'tulung', 'lek', 'ndandakno', 'seng', 'bener', 'ojok', 'bolak', 'balik', 'karena', 'air', 'itu', 'kebutuhan', 'vital', 'min']",
DP6O35WE1xK,2025-10-18 09:21:36 WIB,augselv_,"['pbi', 'blm', 'nyala', 'min']",
DP6O35WE1xK,2025-10-18 09:23:34 WIB,bluegummm_,"['min', 'bandarejo', 'sememi', 'airnya', 'masih', 'mati', 'dari', 'tadi', 'pagi', 'min', 'kapan', 'selesai', 'perbaikannyaa']",
DP6O35WE1xK,2025-10-18 09:27:11 WIB,malll_muhammad,"['sememi', 'masih', 'mati', 'min']",
DP6O35WE1xK,2025-10-18 09:30:56 WIB,bluegummm_,"['minnnnn', 'bandarejo', 'sememi', 'airnyaaa', 'masih', 'matii', 'daritadi', 'pagiii', 'min', 'kapan', 'nyalahnya', 'iniii']",
DP6O35WE1xK,2025-10-18 05:09:13 WIB,mega55639,['sulit'],
DP6O35WE1xK,2025-10-18 05:18:48 WIB,wii1i,"['sebulan', 'ini', 'kok', 'gangguan', 'terus', 'daerah', 'sini', 'pipa', 'bocor', '<num>', 'kali', 'pemadaman', 'rumah', 'pompa', '<num>', 'kali']",
DP6O35WE1xK,2025-10-18 05:20:30 WIB,rendrainmasgus,"['hallo', 'min', 'ini', 'kayaknya', 'dari', 'dulu', 'alasan', 'perbaikan', 'pipa', '<num> mm', 'yang', 'bocor', 'terus', 'ini', 'bagaimana', 'min', '?', 'bener-bener', 'mengecewakan', 'selalu', 'pas', 'weekend', 'dan', 'selalu', 'menginformasikan', 'pas', 'kejadian']",
DP6O35WE1xK,2025-10-18 05:21:34 WIB,alfaaz_onecare,"['pak', 'benowo', 'tempatku', 'kalau', 'nyala', 'cuma', 'siang', 'smaa', 'malam', 'ditambah', 'perbaikan', 'lagi', 'yek', 'opoo']",
DP6O35WE1xK,2025-10-18 05:22:21 WIB,wii1i,"['kalau', 'tulisannya', '<num>', 'jam', 'itu', 'mohon', 'diartikan', '<num>', 'jam', 'dasar', 'memang', 'kalau', 'punya', 'pemerintah', 'ga', 'bisa', 'kerja', 'bener']",
DP6O35WE1xK,2025-10-18 05:23:21 WIB,wii1i,"['mati', 'total', 'pbi', 'dari', 'jam', '<num>', 'malam']",
DP6O35WE1xK,2025-10-18 05:26:36 WIB,mochyusufghanii,"['bayar', 'telat', 'dendo', 'tpi', 'lek', 'mati', 'serentak', 'minta', 'maaff']",
DP6O35WE1xK,2025-10-18 05:33:44 WIB,mochyusufghanii,"['lek', 'mati', 'iku', 'bayare', 'ojk', 'dendo']",
DP6O35WE1xK,2025-10-18 05:41:00 WIB,augselv_,"['seng', 'duwe', 'gawe', 'bingung', 'karepe', 'dewe', 'ngene', 'iki', 'kudune', 'tagihan', 'banyu', 'didiskon', '<num>', 'ae', 'ben', 'g', 'merugikan', 'warga']",
DP6O35WE1xK,2025-10-18 05:54:37 WIB,me.mitha0205,"['lealaaa', 'mati', 'sampai', 'sekarang', 'belum', 'hidup', 'mau', 'ne', 'apa', 'sih', 'pdam', 'ini']",
DP6O35WE1xK,2025-10-18 05:55:21 WIB,bintu.ghanii_,"['klakah', 'rejo', 'ikut', 'mati', 'matiin', 'terusss', 'perbaikan', 'terusss', 'info', 'malam', 'pas', 'jam', 'istirahat', 'bangun-bangun', 'air', 'sudah', 'mati', 'total', 'ga', 'semua', 'rumah', 'punya', 'tandon', 'air', 'nyusahin', 'banget', 'sihh']",
DP6O35WE1xK,2025-10-18 05:56:36 WIB,me.mitha0205,"['laiyaa', 'kalo', 'ngomong', 'guampang', 'yaa', 'kak', 'menampung', 'menampung', 'apaa', 'air', 'hujan', 'ta', '?', 'wong', 'ya', 'lagi', 'musim', 'kemarau', 'gini', 'lagi', 'pula', 'minta', 'kiriman', 'pasokan', 'air', 'pun', 'kudu', 'banyak', 'warga', 'juga', 'yang', 'mau', 'gak', 'segampang', 'itu', 'hadehhhh', 'pdam', 'oh', 'pdam', 'kalo', 'soal', 'tarif', 'naik', 'dan', 'denda', 'telat', 'no', '<num>']",
DP6O35WE1xK,2025-10-18 06:01:17 WIB,chrizt_tien,"['waktue', 'wong', 'prei', 'kerjo', 'kumpul', 'kabeh', 'nang', 'omah', 'banyu', 'mati', 'anjaaayyy', 'lah']",
DP6O35WE1xK,2025-10-18 06:14:58 WIB,andib.rhm,"['yamene', 'sek', 'matii', 'aee', 'arep', 'budal', 'kerjo', 'moso', 'ga', 'aduss', 'min']",
DP6O35WE1xK,2025-10-18 06:16:51 WIB,nurriya70,"['efek', 'turu', 'ket', 'sore', 'saiki', 'gak', 'nduwe', 'banyu', 'min']",
DP6O35WE1xK,2025-10-18 06:24:59 WIB,cynthia_larasati15,"['habis', 'diperbaiki', 'dulu', 'sekarang', 'lagi', 'kenapa', 'sih', 'kok', 'giiituuuuu', 'ajaaaa', 'tolonglah', 'kalau', 'udah', 'selesai', 'diperbaiki', 'ya', 'udah', 'cukup', 'jangan', 'malah', 'diperbaiki', 'dan', 'timbul', 'masalah', 'lagi', 'malesin', 'deh', 'jadinya']",
DP6O35WE1xK,2025-10-18 06:29:52 WIB,mukhammad_fandi,"['maneh', '?', 'jane', 'latah', 'ta', 'pie', '?']",
DP6O35WE1xK,2025-10-18 06:36:44 WIB,riswandha95,"['kandangan', 'belakang', 'pandansari', 'kenapa', 'ikut', 'kena', 'dampaknya', 'min', 'padahal', 'ada', 'rumah', 'pompa', 'kandangan', 'dan', 'padahal', 'itu', 'buat', 'supply', 'mobil', 'tangki', 'air', 'gratis']",
DP6O35WE1xK,2025-10-18 06:38:59 WIB,ikacuby,"['griya', 'citra', 'asri', 'kenapa', 'pdam', 'nya', 'ikut', 'mati', 'sih', 'min', 'pagi', 'ini', '?', 'whyyy', '?', '?']",
DP6O35WE1xK,2025-10-18 06:42:19 WIB,evinamegan,"['sampe', 'jm', 'brpa', 'ini']",
DP6O35WE1xK,2025-10-18 06:42:23 WIB,_dmzzz,"['kita', 'sebagai', 'warga', 'udah', 'bayar', 'pdam', 'tepat', 'waktu', 'kalau', 'kejadian', 'sering', 'seperti', 'ini', 'apa', 'tidak', 'mendapatkan', 'ganti', '?', 'apalagi', 'infonya', 'sangat', 'mendadak', 'seperti', 'ini', 'pak']",
DP6O35WE1xK,2025-10-18 06:44:44 WIB,evinamegan,"['libur', 'krjaniat', 'mau', 'nyuciehh', 'mati', 'airnya']",
DP6O35WE1xK,2025-10-18 06:53:54 WIB,lee_chamoomilee,"['info', 'updatenya', 'min', 'estimasi', '±8', 'jam', '?', 'ini', 'sudah', 'lebih', 'dari', '<num>', 'jam', 'ini', 'kota', 'bukan', 'pelosok', 'yg', 'kesusahan', 'air', 'apalagi', 'ini', 'bayar', 'bukan', 'gratis']",
DP6O35WE1xK,2025-10-18 06:59:11 WIB,mila_miyaz,"['sdh', 'selesai', 'blm', '?']",
DP6O35WE1xK,2025-10-18 07:00:05 WIB,mirzaland,"['dibaleni', 'maneeeh']",
DP6O35WE1xK,2025-10-18 07:07:31 WIB,bekam_sby,"['gak', 'mati', 'manehgak', 'netes', 'blasadus', 'nang', 'masjid', 'iki', 'min', 'karo', 'ngajak', 'bayi', 'ne']",
DP6O35WE1xK,2025-10-18 07:08:16 WIB,_dewiaria,"['estimasi', 'menyala', 'jam', 'brp', '?']",
DP6O35WE1xK,2025-10-18 07:08:52 WIB,_dewiaria,"['dirumah', 'ada', 'anak', 'kecil', '<num>', 'org', 'tdk', 'sempat', 'nandon', 'air', 'krn', 'pengumumannya', 'mendadak', 'dan', 'sy', 'g', 'sll', 'liat', 'ig', 'nya', 'pdam']",
DP6O35WE1xK,2025-10-18 07:10:44 WIB,angga.per,"['owalah', 'mati', 'maneh', 'kok', 'yo', 'pas', 'wayah', 'e', 'onok', 'pesenan', 'pisan']",
DP6O35WE1xK,2025-10-18 07:10:50 WIB,congkendro,"['pbi', 'sampe', 'jam', 'berapa', 'mati', 'yang', 'kerja', 'suruh', 'cepet']",
DP6O35WE1xK,2025-10-18 07:12:28 WIB,hi_iniiaku,"['mota', 'mati', 'ae', 'anjirrrr', 'wayahe', 'wong', 'budal', 'kerjo', 'pisan']",
DP6O35WE1xK,2025-10-18 07:17:13 WIB,mila_miyaz,"['lha', 'jawaban', 'sama', 'kayak', 'komen', 'di', 'bawah', 'kurang', '<num> jam', 'lagi']",
DP6O35WE1xK,2025-10-18 07:33:28 WIB,eviaprilias,"['min', 'kalau', 'ngasih', 'pengumuman', 'jgn', 'waktu', 'jam', 'tidur', 'kalau', 'memang', 'rencana', 'ada', 'perbaikan', 'kasi', 'pengumuman', 'siang', 'nya', 'biar', 'bisa', 'nampung', 'air', 'dulu', 'kalau', 'kyk', 'gini', 'apa', 'yg', 'bisa', 'di', 'tampung', 'banyu', 'iler', 'ta', 'min', '\u200d']",
DP6O35WE1xK,2025-10-18 07:33:47 WIB,rezky_2210,"['terjadi', 'lagi', 'pantesan', 'air', 'pagi', 'ini', 'tdk', 'keluar']",
DP6O35WE1xK,2025-10-18 07:37:08 WIB,yolandaayurotania,"['bapakibu', 'pdam', 'yang', 'terhormat', 'mohon', 'setelah', 'perbaikan', 'selesai', 'debit', 'air', 'di', 'besarkan', 'sperti', 'dulu', 'karena', 'setelah', 'beberapa', 'kali', 'mati', 'karena', 'perbaikan', 'airnya', 'jadi', 'tidak', 'keluar', 'sekalinya', 'keluar', 'itu', 'kecil', 'sekali', 'pak', 'bu', 'bayangkan', 'di', 'posisi', 'kita', 'yang', 'tidak', 'punya', 'tandon', 'itu', 'mengganggu', 'aktifas', 'rumah', 'tangga', 'sehari']",
DP6O35WE1xK,2025-10-18 07:38:00 WIB,aburamadhan,"['gangguan', 'tuweros']",
DP6O35WE1xK,2025-10-17 19:14:50 WIB,lalalililululalo,"['lagi', '?', '?', '?']",
DP6O35WE1xK,2025-10-17 19:18:19 WIB,dewagstin,"['maneh', '?', 'manehhh', '?']",
DP6O35WE1xK,2025-10-17 19:19:35 WIB,lalalililululalo,"['kalau', 'seperti', 'ini', 'terus', 'pembayarannya', 'harusnya', 'dpt', 'diskon', 'lho']",
DP6O35WE1xK,2025-10-17 19:25:37 WIB,yanianis33,"['kulino', 'seh']",
DP6O35WE1xK,2025-10-17 19:34:53 WIB,eveline_fr,"['call', 'center', 'dan', 'wa', 'dr', 'pagi', 'sampe', 'malem', 'tidak', 'bisa', 'dihubungi', 'bagaimana', 'ini', '?', 'katanya', '<num>', 'jam', '<num> jam', 'kok', 'sibuk', 'terus', 'tidak', 'ada', 'yg', 'balas']",
DP6O35WE1xK,2025-10-17 19:41:07 WIB,nyomudkecil_,"['ya', 'allah', 'sg', 'wingi', 'ae', 'durung', 'mili', 'lakok', 'ketambahan', 'mane', 'diperpanjang', 'ta', 'iki', 'critane']",
DP6O35WE1xK,2025-10-17 19:44:24 WIB,nyomudkecil_,"['menampung', 'opo', 'sg', 'ditampung', 'pak', 'yg', 'gangguan', 'kemarin', 'ae', 'belum', 'nyala', 'loh', 'lakok', 'ini', 'ada', 'gangguan', 'lgi', 'disuruh', 'nampung', '?', '?', 'nampung', 'anginkah', '?', '?', '?']",
DP6O35WE1xK,2025-10-17 19:50:12 WIB,inez_dvk,"['bayar', 'e', 'pasti', 'air', 'sulit']",
DP6O35WE1xK,2025-10-17 19:50:15 WIB,bekam_sby,"['bandarejo', 'apa', 'terdampak', 'ya']",
DP6O35WE1xK,2025-10-17 19:51:04 WIB,chella.o,"['mota', 'matiii', 'ae', 'kerjo', 'sekaligus', 'ngunu', 'loooo', 'merugikan', 'warga', 'ngene', 'iki', 'tagihan', 'larang', 'banyu', 'mota', 'matii', 'ae']",
DP6O35WE1xK,2025-10-17 20:04:16 WIB,indriyantiikaagustin,"['mati', 'maneh', 'min']",
DP6O35WE1xK,2025-10-17 20:09:41 WIB,eveline_fr,"['suda', 'wa', 'tolong', 'di', 'cek']",
DP6O35WE1xK,2025-10-17 20:31:36 WIB,natnu.tt,"['pbi', 'selaluu']",
DP6O35WE1xK,2025-10-17 21:08:27 WIB,mayaprmtsr,"['tiap', 'weekend', 'kaya', 'gini']",
DP6O35WE1xK,2025-10-17 21:37:11 WIB,_dssy,"['yaallah', 'sememi', 'maneh', 'sememi', 'maneh', 'seng', 'wingi', 'ae', 'saiki', 'sek', 'milie', 'icir', ""''"", 'diperpanjang', 'maneh']",
DP6O35WE1xK,2025-10-17 21:38:15 WIB,_dssy,['bener'],
DP6O35WE1xK,2025-10-17 21:45:34 WIB,thary1299,"['manukan', 'air', 'mati', 'lagi', 'mulai', '<num>', 'pagi', '<num>', 'oktsampai', 'malam', 'ini', 'gak', 'nyala']",
DP6O35WE1xK,2025-10-18 00:02:05 WIB,thary1299,"['manukan', 'dekat', 'sma', '<num>']",
DP6O35WE1xK,2025-10-18 04:00:01 WIB,cynthia_larasati15,"['lagi', 'dan', 'lagi', 'ini', 'pdam', 'mati', 'mati', 'aja', 'hmmmmmmmmmm']",
DP6O35WE1xK,2025-10-18 04:03:02 WIB,cynthia_larasati15,"['perasaan', 'kapan', 'hari', 'itu', 'sudah', 'perbaikan', 'yg', 'disini', 'skrg', 'masih', 'perbaikan', 'lagi', 'heran', 'deh']",
DP6O35WE1xK,2025-10-18 04:34:22 WIB,lee_chamoomilee,"['infonya', 'kok', 'mepet', 'ya', '?', 'semalam', 'saya', 'sudah', 'tidur', 'bangun', 'bangun', 'lah', 'harusnya', 'petang', 'masih', 'nyala', 'air', 'lah', 'kok', 'ke', 'kamar', 'mandi', 'airnya', 'gk', 'keluar', 'langsung', 'pikiran', 'saya', 'buat', 'cek', 'ig', 'nya', 'pdam', 'ternyata', 'bener', 'ada', 'perbaikan', 'lagi', 'tagihan', 'air', 'saya', 'bulan', 'ini', 'saja', '<num>', 'rb', 'kalo', 'ditambah', '<num>', 'bulan', 'kebelakang', 'bisa', 'di', 'total', 'jadi', '<num>', 'juta', '<num>', 'rb', 'an', 'itu', 'air', 'saja', 'loh', 'ya', 'tapi', 'dgn', 'kondisi', 'air', 'yg', 'tidak', 'nyala', '<num>', 'jam', 'sering', 'mati', 'apalagi', 'perbaikan', 'yg', 'berulang', 'seperti', 'ini', 'seperti', 'kapan', 'lalu', 'mati', 'sampe', 'beberapa', 'hari', 'gak', 'semua', 'rumah', 'punya', 'tandon', 'air', 'dan', 'sumur', 'juga', 'kalo', 'cuma', 'mengandalkan', 'air', 'dari', 'pdam', 'tapi', 'kalo', 'seperti', 'ini', 'ya', 'sulit', 'perbaikan', '<num>', 'bulan', 'saja', 'lebih', 'dari', '<num>', 'kali', 'ini', 'namanya', 'merugikan', 'tolong', 'kenapa', 'kok', 'sering', 'bocor <num>', 'terus', 'pipanya', 'kalo', 'tagihan', 'murah', 'sih', 'oke', 'oke', 'aja', 'pemakaian', 'sama', 'tagihan', 'gk', 'sepadan']",
DP6O35WE1xK,2025-10-18 04:39:43 WIB,wien_reyki,"['kabar', 'terbaru', 'pemasangan', 'valve', 'di', 'babat', 'jerawat', '?']",
DP6O35WE1xK,2025-10-18 04:49:58 WIB,daffaalzhafran,"['orang', 'pada', 'tidur', 'bikin', 'pengumuman', 'sambil', 'mematikan', 'air', 'hebattt']",
DP6O35WE1xK,2025-10-18 05:08:49 WIB,mega55639,"['estimasi', 'sampai', 'jam', 'brp', 'bangun', 'tidur', 'mau', 'mandi', 'gk', 'bisa']",
DP5XKAwk8nC,2025-10-17 11:34:25 WIB,lindapriskilar,"['min', 'tolong', 'minmedokan', 'ayu', 'utara', 'ya', 'ampun', 'min', 'airnya', 'ga', 'keluar <num> mana', 'panas', 'banget', 'cuacanya']",
DP5XKAwk8nC,2025-10-17 15:20:57 WIB,dephii_cute,"['jm', 'berapa', 'airnya', 'hidup', 'pak', '?', 'mau', 'aktivitas', 'menggunakan', 'air', 'gk', 'bisaa']",
DP5XKAwk8nC,2025-10-17 16:48:10 WIB,lindapriskilar,"['berarti', 'belum', 'selesai', 'ya', 'min', 'perbaikannya', '?']",
DP5XKAwk8nC,2025-10-17 17:41:49 WIB,dephii_cute,"['iya', 'sudah', 'nyala', 'tpi', 'aliran', 'air', 'kembali', 'kecil', 'tidak', 'seperti', 'sebelumya', 'yg', 'di', 'perbaiki', 'kemaren']",
DP5XKAwk8nC,2025-10-17 18:25:09 WIB,lindapriskilar,"['smp', 'kpn', 'min', 'perbaikannya', '?', 'ditunggu', 'update', 'nya', 'ya']",
DP5XKAwk8nC,2025-10-18 05:20:40 WIB,hendry_list,"['daerah', 'kandangan', 'rejo', 'koq', 'aienya', 'mati', 'min', '?']",
DQVwjiUE6px,2025-10-28 12:15:01 WIB,nurivaivana,"['medayu', 'utara', 'mulai', 'sore', 'kemarin', 'mati', 'airnya', 'tolong', 'donk', 'dibenerin']",
DQVwjiUE6px,2025-10-28 12:29:13 WIB,ollaaqmryh,"['kak', 'lihat', 'story', 'ya']",
DQVwjiUE6px,2025-10-28 12:31:30 WIB,nurivaivana,"['oh', 'iya', 'apa', 'blm', 'dibenerin', 'ya', 'mb', '?', 'ya', 'allah', 'gak', 'ada', 'air', 'lho']",
DQVwjiUE6px,2025-10-28 12:38:33 WIB,yopi_apriyanto,"['air', 'di', 'rumah', 'saya', 'kok', 'tdk', 'nyala', 'iya']",
DQVwjiUE6px,2025-10-28 14:41:42 WIB,stuylei,"['sambikerep', 'ga', 'nyala', 'dari', 'pagi', 'gmn', 'solusinya', '?']",
DQVwjiUE6px,2025-10-28 15:13:15 WIB,putriijams,"['untuk', 'daerah', 'pradah', 'air', 'mati', 'sampai', 'kapan', '?', 'karena', 'mulai', 'kemarin', 'sore', 'air', 'tidak', 'keluar', 'sampai', 'skrg']",
DQVwjiUE6px,2025-10-28 15:27:48 WIB,nurima_so7,"['iya', 'betul', 'dr', 'pagi', 'smpe', 'skrg', 'mau', 'jualan', 'jd', 'gak', 'bisa']",
DQVwjiUE6px,2025-10-28 17:34:48 WIB,dwiwahyu.23,"['sambikerep', 'kapan', 'nyala', 'ini', 'airnya', '?', 'dari', 'pagi', 'sampai', 'sekarang', 'mau', 'mandi', 'nyuci', 'buang', 'air', 'kesulitan', 'lho', 'ini']",
DQVwjiUE6px,2025-10-28 18:50:14 WIB,marcelia_dini,"['sambikerep', 'woyyyytak', 'pangan', 'loh', 'yo', 'pipomu', 'nek', 'gawe', 'goro', ""''""]",
DQVwjiUE6px,2025-10-28 18:50:20 WIB,marcelia_dini,"['belet', 'ngising', 'ket', 'mau']",
DQVwjiUE6px,2025-10-28 18:52:16 WIB,marcelia_dini,"['nek', 'ws', 'ngrti', 'aduan', 'sambikerep', 'dukuh', 'kapsan', 'mati', 'yo', 'kon', 'iku', 'kudu', 'gercep', 'marakno', 'armadamu', 'to', 'wokkaku', 'gk', 'ndue', 'banyu', 'ket', 'isukrtku', 'ndomblong', 'gk', 'ngreken']",
DQVwjiUE6px,2025-10-28 19:22:16 WIB,harianto_eko94,"['penyakite', 'daerah', 'sambikerep', 'aire', 'pelan', 'teruss', 'sering', 'mati', 'dan', 'gak', 'ada', 'perubahan', 'dari', 'pihak', 'pdam']",
DQVwjiUE6px,2025-10-28 22:24:54 WIB,cholifatussya,"['dukuh', 'kapasan', 'dr', 'pagi', 'sampe', 'sekarang', 'belum', 'nyala', 'juga']",
DQVwjiUE6px,2025-10-28 22:26:17 WIB,cholifatussya,"['ayoo', 'pak', 'wes', 'kentekan', 'banyu', 'kabeh', 'iki', 'dukuh', 'kapasan', 'ket', 'isuk', 'sampek', 'saiki', 'gak', 'nyala', 'banyune']",
DQVwjiUE6px,2025-10-29 07:28:00 WIB,albertfebriant,"['kutisari', 'dari', 'kemarin', 'siang', 'pdam', 'ga', 'nyala', '?']",
DQVwjiUE6px,2025-10-29 10:28:23 WIB,cholifatussya,"['alhamdulillah', 'air', 'sudah', 'keluar']",
DQVwjiUE6px,2025-10-29 12:28:45 WIB,anis_roziqi,"['saya', 'kutisari', 'jugabanyak', 'rumah', 'yg', 'mati', 'oak', 'o']",
DQVwjiUE6px,2025-10-29 12:28:55 WIB,anis_roziqi,"['mati', 'pak', 'pdam', 'nya']",
DQVwjiUE6px,2025-10-29 13:24:58 WIB,albertfebriant,"['siang', 'ini', 'baru', 'menyala', 'dan', 'kondisi', 'air', 'masih', 'kotor']",
DQVwjiUE6px,2025-10-29 17:32:52 WIB,lianaharyantini5,"['sumurwelut', 'mati', 'jg', 'airnya']",
DQVwjiUE6px,2025-10-29 18:49:34 WIB,rys.delight,"['sumur', 'welut', 'lalarsantri', 'kok', 'juga', 'mati', 'jam', '<num>', 'tadi', 'gak', 'ada', 'info', 'sebelum', 'nya', 'ya', '?']",
DQVwjiUE6px,2025-10-30 05:48:19 WIB,hadi.soev,"['air', 'umbulan', 'mbok', 'ya', 'di', 'alirkan', 'ke', 'warga', 'jgn', 'perumahan', 'mewah', 'tok']",
DP3rWdpExko,2025-10-19 21:11:28 WIB,af13071997,"['bayar', 'pdam', 'telat', 'dendae', 'joss', 'laporan', 'dari', 'pagi', 'pdam', 'mati', '<num>', 'kampung', 'sampai', 'malam', 'belum', 'ada', 'respon']",
DP3rWdpExko,2025-10-19 21:31:25 WIB,af13071997,"['tambak', 'mayor', 'barat', 'gang', '<num> a', 'warga', 'sudah', 'kehabisan', 'air', 'dari', 'jam', '<num>', 'sampai', 'skrang', 'blm', 'ada', 'respon', 'dari', 'pdam', 'sudah', 'laporan', 'pihak', 'rt', 'dan', 'warga', 'yg', 'lain']",
DP3rWdpExko,2025-10-19 21:32:40 WIB,af13071997,"['<num>', 'tambak', 'mayor', 'barat', 'gang', '<num> a', 'depan', 'gudang', 'jawa', 'indah', 'tanjungsari']",
DP3rWdpExko,2025-10-20 05:27:20 WIB,af13071997,"['gimna', 'min', 'menjelang', '<num>', 'hari', 'air', 'di', 'rumah', ""''"", 'sudah', 'habis', 'blm', 'ada', 'tindakan', 'apapun']",
DQF6EqejkFf,2025-10-22 08:10:15 WIB,nuri1huda,"['bersama', 'santri', 'membangun', 'negeri']",
DQF6EqejkFf,2025-10-22 09:35:08 WIB,presarioqalamm,"['selamat', 'hari', 'santri']",
DQF6EqejkFf,2025-10-22 11:48:57 WIB,evimomsabila,"['terima', 'kasih', 'perumdam', 'surya', 'sembada']",
DQF6EqejkFf,2025-10-22 11:50:13 WIB,widyarigga,"['selamat', 'hari', 'santri']",
DQDpQlWE97I,2025-10-21 13:11:01 WIB,shafaardini,"['kapan', 'selesainya', '?', 'pantesan', 'air', 'keci', 'sekalii']",
DQDpQlWE97I,2025-10-21 15:51:03 WIB,onnyfariz,"['ini', 'beritanya', 'latepost', 'apa', 'salah', 'tanggal', '?', 'sekarang', 'kan', 'tanggal', '<num>']",
DQDpQlWE97I,2025-10-21 20:50:21 WIB,panti.remaja,"['kalijaran', 'air', 'nya', 'ko', 'gapernah', 'ngalir', 'yaa', 'tapi', 'bayarnya', 'tetap']",
DQDpQlWE97I,2025-10-21 20:51:16 WIB,joesoeff,"['sudah', 'menghubungi', 'cs', 'terkait', 'kalijaran', 'airnya', 'tidak', 'mengalir', 'ko', 'sudah', '<num>', 'hari', 'tidak', 'ada', 'respon', 'yaa', '?']",
DQDpQlWE97I,2025-10-21 20:51:58 WIB,riyann.dc,"['tolong', 'minn', 'belom', 'mandi', 'seminggu']",
DQDpQlWE97I,2025-10-21 20:52:59 WIB,guajagobola,"['iya', 'mas', 'bener', 'kok', 'matian', 'trus', 'ya', 'min', 'kalijaran']",
DQDpQlWE97I,2025-10-21 20:53:10 WIB,st.anfang,"['kalijaran', '<num>', 'minggu', 'airnya', 'sulit', 'mengalirsudah', 'menghubungi', 'cswadm', 'dan', 'x', 'tapi', 'kurang', 'gerceptolong', 'respon', 'cepatnya']",
DQDpQlWE97I,2025-10-21 20:54:28 WIB,sir_yannnn,"['haduh', 'pdam']",
DQDpQlWE97I,2025-10-21 20:54:34 WIB,joesoefflaughter,"['kak', 'untuk', 'kalijaran', 'sambikrep', 'airnya', 'tidak', 'mengalir', 'mohon', 'bantuannya']",
DQDpQlWE97I,2025-10-21 20:54:59 WIB,kakakumoro_,"['min', 'air', 'e', 'kalijaran', 'cilik', 'pol', 'kate', 'ados', 'uangel']",
DQDpQlWE97I,2025-10-21 20:57:19 WIB,psm7_smpn20sby,"['kalijaran', 'min', 'tolong', 'tolong']",
DQDpQlWE97I,2025-10-21 21:10:37 WIB,kkn13pasuruan,"['njalok', 'tolong', 'min', 'gareng', 'kabeh', 'wes', 'an']",
DQDpQlWE97I,2025-10-21 21:16:07 WIB,joesoeff,"['minta', 'tolong', 'ga', 'ada', 'air', 'di', 'kalijaran', 'sambikerep']",
DQDpQlWE97I,2025-10-22 06:13:38 WIB,arumanggiarini_,"['karah', 'mati', 'lagi', 'ya', 'allah', 'wayahe', 'adus', 'budal', 'kerjosekolah', 'loh']",
DQDpQlWE97I,2025-10-22 06:51:46 WIB,annishafs,"['kak', 'daerah', 'jambangan', 'mati', 'lg', 'airnya', 'kok', 'gaada', 'pemberitahuan', 'ya', '?', 'saranmu', 'suruh', 'nampung', 'lah', 'kl', 'gaada', 'pemberitahuan', 'mau', 'nampung', 'pake', 'apaaaass', 'duh']",
DQDpQlWE97I,2025-10-22 07:23:03 WIB,laundrysurabaya.bulakbanteng,"['halo', 'kak', 'ini', 'kenapa', 'ya', 'setiap', 'pagi', 'dan', 'malam', 'gada', 'air', 'kalau', 'sudah', 'semingguan', 'seperti', 'ini', 'kak', 'tolong', 'bantuannya']",
DQDpQlWE97I,2025-10-22 07:32:38 WIB,ote_05,"['tempurejo', 'banyune', 'mati', 'gak', 'onok', 'banyu', 'blas', 'minn', 'gak', 'ados', 'ikki', 'mati', 'yho', 'gak', 'ngomong', 'estimasi', 'tgl', '<num>', 'saiki', 'wes', 'tanggal', 'piro']",
DQDpQlWE97I,2025-10-22 12:42:31 WIB,sir_yannnn,"['wa', 'en', 'iku', 'ka', 'pegel', 'aku']",
DP-0_D9DgH4,2025-10-19 22:12:54 WIB,ervansoerabaja,"['minta', 'tolong', 'wilayah', 'bronggalan', 'itu', 'kalo', 'keluar', 'da', 'waktunya', 'pagi', '<num>', 'sd', '<num>', 'malam', '<num>', 'sd', '<num>', 'ini', 'terjadi', 'sudah', 'bertahun', 'tahun', 'saya', 'mohon', 'solusinya', 'saya', 'tiap', 'laporan', 'pas', 'petugas', 'kesini', 'air', 'sdh', 'mengalir', 'jadi', 'gak', 'jadi', 'ngecek', 'minta', 'tolong', 'pdam', 'surabaya', 'perhatikan', 'daerah', 'yg', 'airnya', 'lancar', 'ada', 'waktunya', 'terima', 'kasih']",
DP-0_D9DgH4,2025-10-20 03:13:34 WIB,a.paramita_s,"['pagi', 'min', 'min', 'ini', 'menanggal', 'air', 'mati', 'kenapa', 'ya', 'kok', 'ga', 'ada', 'info', '?', 'masa', 'air', 'mati', 'uda', 'kaya', 'puasa', 'daud']",
DP-0_D9DgH4,2025-10-20 12:55:53 WIB,aaaudiye_lyv,"['woooyyy', 'kapan', 'nyala']",
DP-0_D9DgH4,2025-10-20 20:31:42 WIB,sakti_alcobra,"['jl', 'juwingan', 'juga', 'terdampak', 'kah', 'min', 'dr', 'td', 'airnya', 'gak', 'keluar']",
DP-0_D9DgH4,2025-10-21 00:21:37 WIB,mommycend,"['juwingan', 'masih', 'lama', 'kah', 'min', '?']",
DP-0_D9DgH4,2025-10-21 04:31:10 WIB,rya.it09,"['selamat', 'pagi', 'min', 'air', 'didaerah', 'krembangan', 'tidak', 'keluar', 'kenapa', 'tidak', 'ada', 'info', 'sebelumnya']",
DP-0_D9DgH4,2025-10-21 05:48:27 WIB,martinus.teguh.1,"['daerah', 'krembangan', 'dan', 'sekitarnya', 'air', 'mati']",
DP-0_D9DgH4,2025-10-21 05:57:02 WIB,wahyu.agnk05,"['krembangan', 'dkk', 'tiba <num>', 'mati', 'waktunya', 'sekolah', 'kerja', 'jadi', 'ada', 'yg', 'ga', 'mandi', 'min', 'susah', 'ta', 'min', 'ngasih', 'info', 'dulu', 'minimal', 'qta', 'bs', 'prepare', 'sblmnya']",
DP-0_D9DgH4,2025-10-21 09:04:20 WIB,dwijayanti_dwi,"['mati', 'lagi', 'hari', 'ini']",
DP-0_D9DgH4,2025-10-21 09:40:40 WIB,cherrypunyarasa,"['lha', 'ini', 'daerah', 'krembangan', 'dari', 'semalem', 'mati', 'ngga', 'ada', 'pemberitahuan']",
DP-0_D9DgH4,2025-10-21 11:11:14 WIB,a.paramita_s,"['iya', 'pak', 'td', 'saya', 'sdh', 'japri', 'pihak', 'lapangan', 'langsung', 'capek', 'pak', 'btw', 'itu', 'box', 'culvert', 'kapan', 'selesainya', '?', 'mohon', 'dibantu', 'difollow', 'up', 'ke', 'pak', 'agar', 'cepet', 'selesai', 'kalo', 'pas', 'diare', 'gini', 'puyeng', 'air', 'tiap', 'hari', 'mati', 'omset', 'umkm', 'juga', 'terdampak', 'lho', 'pak', 'pelanggan', 'merasa', 'dirugikan', 'krn', 'kami', 'bayar', 'tagihan', 'pdam', 'tp', 'tdk', 'yg', 'kita', 'dpt', 'ga', 'maksinal']",
DP-0_D9DgH4,2025-10-21 11:19:18 WIB,nor_lianaa17,"['pln', 'padam', 'air', 'knp', 'lah', 'jd', 'kd', 'mengalir', 'jua', 'apa', 'hubunganya', 'lahkebangetan', 'eh']",
DP-0_D9DgH4,2025-10-21 12:00:35 WIB,melliniancp,"['krembangan', 'air', 'mati', 'sampai', 'jam', 'brp', 'min', '?']",
DP7sZ_2k33-,2025-10-18 14:58:33 WIB,esther.icha.56,"['katanya', 'estimasi', '<num> jam', 'mati', 'dari', 'jam', '<num> malam', 'sampek', 'skrg', 'belom', 'nyalaaahh', 'tolong', 'dong', 'punya', 'bayiiiiii', 'iniiii']",
DP7sZ_2k33-,2025-10-18 17:45:53 WIB,murdaningrumnining,"['ya', 'allah', 'pak', 'sekrng', 'uda', 'jam', 'berpa', 'air', 'blm', 'nyala', 'tolong', 'lah', 'pak', 'ini', 'satu', 'blok', 'pak', 'gk', 'ada', 'air', 'gk', 'ada', 'yg', 'di', 'minta', 'tolongn']",
DP7sZ_2k33-,2025-10-18 17:54:48 WIB,cynthia_larasati15,"['sememi', 'baru', 'mati', 'lagi', 'dulu', 'gak', 'diperbaiki', 'air', 'malah', 'lancar', '<num>', 'kali', 'perbaikan', 'ginian', 'malah', 'air', 'gak', 'lancar']",
DP7sZ_2k33-,2025-10-18 18:08:13 WIB,ubaidillaharrafif,"['kok', 'mati', 'lagi', 'wilayah', 'sememi', 'jaya', 'baru', 'katanya', 'sudah', 'selesai', 'yg', 'perbaikannya', 'di', 'leher', 'l', 'kendung', 'kenapa', 'harus', 'seperti', 'ini']",
DP7sZ_2k33-,2025-10-18 18:20:46 WIB,renoaap,"['tolong', 'sampai', 'sekarang', 'air', 'masih', 'belum', 'nyala', 'di', 'pbi', 'blok', 'belakang']",
DP7sZ_2k33-,2025-10-18 18:38:13 WIB,nurissfarra,"['pak', 'di', 'bulak', 'airnya', 'mati', 'kah']",
DP7sZ_2k33-,2025-10-18 19:02:30 WIB,tyaa.nanin,"['smpi', 'sekarang', 'sememi', 'belum', 'keluar', 'air', 'nya']",
DP7sZ_2k33-,2025-10-18 19:26:35 WIB,aal_iyaah111,"['beneran', 'min', 'di', 'pondok', 'benowo', 'indah', 'seharian', 'ini', 'pdam', 'gk', 'keluar', 'sama', 'sekali', 'coba', 'di', 'cek', 'lagi', 'sudah', 'bener', 'atau', 'belum', 'yg', 'di', 'betulin', 'di', 'sememi', 'kemarin', 'karna', 'dari', 'pagi', 'saya', 'coba', 'nyalakan', 'air', 'gk', 'keluar', 'sama', 'sekali', 'sayaa', '<num> hari', 'gk', 'mandi', 'sama', 'sekali', 'karna', 'sakit', 'sekalinnya', 'sudah', 'sembuh', 'malah', 'krisis', 'air', 'pondok', 'benowo', 'indah', 'kebacooot']",
DP7sZ_2k33-,2025-10-18 19:28:17 WIB,murdaningrumnining,"['sedang', 'proses', 'kapan', 'di', 'kirimnya', 'min', 'yg', 'di', 'butuhkan', 'bukan', 'janji', 'aja', 'tapi', 'air']",
DP7sZ_2k33-,2025-10-18 19:44:30 WIB,aal_iyaah111,"['gk', 'wes', 'min', 'malah', 'iso <num>', 'loro', 'maneh', 'aku', 'min', 'gara <num>', 'angkat <num>', 'banyu']",
DP7sZ_2k33-,2025-10-18 19:56:46 WIB,nurissfarra,"['iya', 'pak', 'airnya', 'nyala', 'sedikit', 'ini', 'sampai', 'kapan', 'ya', 'pak']",
DP7sZ_2k33-,2025-10-18 20:15:09 WIB,tenbrst,"['belum', 'keluar']",
DP7sZ_2k33-,2025-10-18 20:24:45 WIB,murdaningrumnining,"['pbi', 'blok', 'aa', 'dan', 'bb', 'blm', 'nyala', 'min']",
DP7sZ_2k33-,2025-10-18 20:54:14 WIB,shintaochin32,"['sering', 'bgt', 'ky', 'gt', 'y', 'kan', 'informasi', 'hr', 'rabu', 'mati', 'malah', 'kamis', 'nya', 'yg', 'mati', 'qt', 'udh', 'kadung', 'nampung', 'air', 'di', 'ember <num>', 'tp', 'matinya', 'besoknya', 'air', 'di', 'ember', 'udh', 'kadung', 'kotor', 'jd', 'sia <num>', 'ga', 'kepake']",
DP7sZ_2k33-,2025-10-18 20:55:03 WIB,shintaochin32,"['gr <num>', 'air', 'mati', 'seharian', 'pedagang', 'umkm', 'sampe', 'terpaksa', 'libur', 'dagang', 'krn', 'qt', 'jualan', 'jg', 'butuh', 'air', 'sedangkan', 'tagihan', 'cicilan', 'tetap', 'berjalan']",
DP7sZ_2k33-,2025-10-18 22:37:26 WIB,its.s.al,"['kapan', 'hidup', 'ni', 'daerah', 'sememi', 'seharian', 'ga', 'pup', 'mandi', 'dekil', 'pula']",
DP7sZ_2k33-,2025-10-19 06:22:37 WIB,idarochmawati97,"['haloo', 'min', 'mau', 'tanya', 'kalo', 'air', 'keluarnya', 'cuma', 'malam', 'aja', 'apa', 'bisa', 'diperbaiki', 'ya', '?', 'kapan', 'hari', 'ada', 'petugas', 'yg', 'mengganti', 'meteran', 'katanya', 'bisa', 'normal', 'lagi', 'setelah', 'diganti', 'tp', 'ttep', 'aja', 'air', 'kluarnya', 'jam', '<num>', 'malam']",
DP7sZ_2k33-,2025-10-19 07:51:00 WIB,shintaochin32,"['pbi', 'smlm', 'udh', 'nyala', 'knp', 'skrg', 'mati', 'lg', '?', 'ini', 'knp', 'sih', 'air', 'dimatiin', 'g', 'ad', 'pemberitahuan', 'gini', 'sya', 'pnya', 'bayi', 'loh', 'sya', 'jualan', 'umkm', 'jg', 'terhambat', 'bgt', 'klo', 'wilayah', 'sby', 'barat', 'sini', 'pdam', 'sering', 'mati', 'nanti', 'klo', 'tagihan', 'air', 'ga', 'dibayar', 'malah', 'asal', 'matiin', 'jg', 'dr', 'pusat', 'haduuhh']",
DP7sZ_2k33-,2025-10-19 07:51:36 WIB,shintaochin32,"['skrg', 'mati', 'lg', 'mbk', 'pbi']",
DP7sZ_2k33-,2025-10-19 07:54:47 WIB,shintaochin32,"['bener', 'bgt', 'ini', 'komen', 'nya', 'dlu', 'ga', 'jarang', 'bgt', 'ya', 'perbaikan <num>', 'gni', 'skrg', 'sering', 'perbaikan', 'sering', 'mati', 'jg', 'tp', 'tagihan', 'tetap', 'berjalan', 'no', 'ganggu', 'gugat', 'wayae', 'bayar', 'kudu', 'bayar']",
DP7sZ_2k33-,2025-10-19 08:26:52 WIB,laundrysurabaya.bulakbanteng,"['min', 'wilayah', 'bulak', 'banteng', 'gak', 'nyala', 'darii', 'kemarin', 'ini', 'laundry', 'pada', 'numpuk', 'masih', 'belum', 'nyala', 'pagi', 'ini', 'andalan', 'omset', 'kami', 'weekend', 'min', 'ini', 'kapan', 'nyalanya']",
DP7sZ_2k33-,2025-10-19 08:43:24 WIB,sandyirwansyah,"['melekan', 'ngenteni', 'banyu', 'bendino', 'piye', 'iki', 'air', 'daerah', 'pbi', 'mati']",
DP7sZ_2k33-,2025-10-19 08:49:40 WIB,renoaap,"['ini', 'mati', 'lagi', '?', 'kemarin', 'malam', 'juga', 'air', 'kecil', 'ga', 'mau', 'naik', 'ke', 'tandon']",
DP7sZ_2k33-,2025-10-19 09:20:15 WIB,laundrysurabaya.bulakbanteng,"['sudah', 'kka']",
DP7sZ_2k33-,2025-10-19 10:05:18 WIB,panggilsajaludi,"['benowo', 'bagian', 'barat', 'pucuk', 'gak', 'metu', 'blasss', 'sampek', 'kapan', 'iki', 'min', 'adminn', '?']",
DP7sZ_2k33-,2025-10-19 10:20:18 WIB,sandyirwansyah,"['hanya', 'keluar', 'malam', 'saja', 'jam', '<num>', 'ke', 'atas', 'tadi', 'pagi', 'jam', '<num>', 'sudah', 'mati', 'lagi', 'sampe', 'sekarang', 'pondok', 'benowo', 'indah', 'blok', 'qq', 'no', '<num>']",
DP7sZ_2k33-,2025-10-19 12:09:54 WIB,its.s.al,['belum'],
DP7sZ_2k33-,2025-10-18 10:54:38 WIB,bram_sneakers,"['woy', 'air', 'surabaya', 'barat', 'sememi', 'kok', 'tiba <num>', 'mati', 'mau', 'mandi', 'pakai', 'apa', 'ini']",
DP7sZ_2k33-,2025-10-18 11:00:39 WIB,murdaningrumnining,"['min', 'pbi', 'dr', 'jam', '<num>', 'mati', 'smpk', 'sekrng', 'kok', 'blm', 'nyalapunya', 'anak', 'min', 'air', 'adalh', 'kehidupan', 'min']",
DP7sZ_2k33-,2025-10-18 11:07:11 WIB,shinazugawa_sanemii_,"['surabaya', 'utara', 'wilayah', 'lebak', 'air', 'nya', 'mati', 'minn', 'nyalain', 'sanyo', 'dari', 'jam', '<num>', 'pagi', 'smpe', 'skrg', 'hampir', '<num>', 'jam', 'air', 'tak', 'kunjung', 'keluar', ""''""]",
DP7sZ_2k33-,2025-10-18 11:07:57 WIB,shinazugawa_sanemii_,"['apa', 'ada', 'perbaikan', 'ya', '?']",
DP7sZ_2k33-,2025-10-18 11:18:48 WIB,murdaningrumnining,"['boleh', 'min', 'saya', 'tunggu', 'sekarang', 'pbi', 'blok', 'u', 'blok', 'aa', 'blok', 'bb']",
DP7sZ_2k33-,2025-10-18 11:19:35 WIB,bram_sneakers,"['mohon', 'dikirimkan', 'tangki', 'air', 'bersih']",
DP7sZ_2k33-,2025-10-18 11:19:37 WIB,murdaningrumnining,"['saya', 'sudh', 'kirim', 'dm', 'min', 'nomernya', 'mohon', 'min', 'sudh', 'darurat']",
DP7sZ_2k33-,2025-10-18 11:24:10 WIB,mar.tina_tina,"['daerah', 'mleto', 'manyar', 'sabrangan', 'kok', 'mati', 'airnya', 'nyala', 'sehari', 'matinya', 'lbh', 'dr', '<num>', 'hari', 'pake', 'pompa', 'air', 'sama', 'aja', 'gk', 'keluar']",
DP7sZ_2k33-,2025-10-18 12:18:00 WIB,arifanugrahr,"['daerh', 'pbi', 'min', 'air', 'mati', 'tolong', 'min', 'uda', 'krisis', 'air']",
DP7sZ_2k33-,2025-10-18 12:39:17 WIB,tenbrst,"['keputih', 'ga', 'keluar', 'air']",
DP7sZ_2k33-,2025-10-18 13:55:29 WIB,murdaningrumnining,"['min', 'ayo', 'min', 'air', 'sumpah', 'susah', 'gk', 'ada', 'air', 'min', 'lain', 'kali', 'bikin', 'pengumuman', 'itu', 'yg', 'tepat', 'dan', 'jgn', 'dadakn', 'min', 'harus', 'sesuai', 'min', 'klau', 'mati', 'hari', 'rabu', 'ya', 'mati', 'rabu', 'jgn', 'matinya', 'kamis']",
DPxkv7Dk3hG,2025-10-14 19:23:02 WIB,rifaldokaka,"['okey', 'makasih', 'infonya']",
DPxkv7Dk3hG,2025-10-14 21:10:50 WIB,dheaaapriyanti_,"['tapi', 'ini', 'udah', 'tidak', 'nyala', 'loh', '”']",
DPxkv7Dk3hG,2025-10-15 04:36:25 WIB,dilaasrl,"['sido', 'mati', 'ta', 'banyu', 'e', 'iki', '?']",
DPxkv7Dk3hG,2025-10-15 07:41:39 WIB,richajingga,['lagi <num>'],
DPxkv7Dk3hG,2025-10-15 08:52:17 WIB,veelovee99,"['aduh', 'min', 'aer', 'mati', 'lagii', 'gak', 'mandi', 'lagi', 'loh', 'berangkat', 'kantor', 'semoga', 'cepat', 'nyala', 'ya', 'min', 'aamiin']",
DPxkv7Dk3hG,2025-10-15 09:56:35 WIB,aaaudiye_lyv,"['kok', 'gina', 'gini', 'aja', 'min', 'ya', 'allah', '<num>', 'menit', 'apanya', 'min', 'sdah', 'dri', 'kmren', 'mati', 'nya']",
DPxkv7Dk3hG,2025-10-15 10:14:55 WIB,pnoviantia,"['kok', 'akhir', '”', 'ini', 'airnya', 'sering', 'mati']",
DPxkv7Dk3hG,2025-10-15 13:27:31 WIB,felixsby,"['gayungsari', 'barat', 'x', 'air', 'nya', 'mati', 'kapan', 'bisa', 'nyala', '?']",
DPxkv7Dk3hG,2025-10-15 18:16:54 WIB,wisnulia,"['untuk', 'daerah', 'pakal', 'akhir', 'akhir', 'ini', 'sering', 'mati', 'kak', 'apalagi', 'dijam', '<num> <num>', 'pagi', 'dan', '<num> <num>', 'sore', 'sama', 'sekali', 'tidak', 'keluar', 'airnya']",
DPxkv7Dk3hG,2025-10-15 21:58:27 WIB,pnoviantia,"['lokasi', 'di', 'kendung']",
DPxkHAPCNYS,2025-10-16 04:17:38 WIB,dila_alidafrun,"['ini', 'tambak', 'wedi', 'baru', 'gg', '<num>', 'tiap', 'hari', 'gak', 'nyala', 'terus', 'gmna', '?', '?', '?', 'susah', 'mau', 'aktivitas', 'sampai', 'harus', 'mandi', 'pakai', 'air', 'galon', 'karna', 'gak', 'keluar', 'sama', 'sekali', 'airnya']",
DP2sH7wE_NT,2025-10-16 10:35:04 WIB,sifeb_,"['iki', 'daftar', 'pdam', 'pasange', 'ancen', 'suwi', 'ta', '?']",
DP2sH7wE_NT,2025-10-16 11:44:26 WIB,dtrisetyani,"['area', 'medokan', 'ayu', 'mati', 'juga', 'min', '?']",
DP2sH7wE_NT,2025-10-16 13:02:18 WIB,garin06,"['medayu', 'skrg', 'mati', 'ya', '?', 'ada', 'perbaikan', 'ta', 'min', '?']",
DP2sH7wE_NT,2025-10-16 18:18:51 WIB,tt.n.aurieltitania,"['untuk', 'wilayah', 'sekitar', 'mulyosari', 'air', 'skg', 'masih', 'mati']",
DP0MtS_k0O_,2025-10-15 17:01:23 WIB,felixsby,"['nyala', 'nya', 'kapan', '?']",
DP0MtS_k0O_,2025-10-15 17:01:57 WIB,felixsby,"['kalo', 'bayar', 'telat', 'kena', 'denda', 'kalo', 'pdam', 'seenaknya', 'mati', 'murup', 'cuma', 'minta', 'maaf']",
DP0MtS_k0O_,2025-10-16 18:27:19 WIB,_ntaneka27,"['apa', 'sudah', 'selesai', 'pengerjaan', 'nya', '?']",
DP0MtS_k0O_,2025-10-16 19:06:17 WIB,balqis_alwan,"['sekitar', 'tempurejo', 'bisa', 'hidup', 'kapan', 'ini', 'airnya', '?', 'apakah', 'masih', 'lama', '?', 'sudah', 'tlfn', 'call', 'center', 'tp', 'gak', 'bisa']",
DP0MtS_k0O_,2025-10-17 17:12:15 WIB,balqis_alwan,"['tp', 'air', 'blm', 'hidup', 'sampai', 'sekarang']",
DP3HNdjk_ex,2025-10-16 17:56:20 WIB,riezkykautsar,"['rungkut', 'terkena', 'juga']",
DP3HNdjk_ex,2025-10-16 17:57:16 WIB,rofiqrow,"['medayu', 'utara', 'sejak', 'siang', 'gak', 'ada', 'air']",
DPx57MmkyYU,2025-10-14 19:02:00 WIB,duwiq2805,"['mhn', 'maaf', 'kira <num>', 'sampai', 'kapan', 'y', 'min', '?']",
DPx57MmkyYU,2025-10-14 19:08:49 WIB,bbotnotbadd,"['dharmawangsa', 'kok', 'masih', 'keluar', 'kecil', 'ini', 'gimana', 'dari', 'kemarin', 'malem', 'mati', 'baru', 'keluar', 'kecil', 'sampe', 'malam', 'ini']",
DPx57MmkyYU,2025-10-14 19:46:33 WIB,ricorenaldi_,"['daerah', 'menganti', 'udah', 'dua', 'hari', 'gak', 'nyala', 'info', 'nyala', 'kapan', 'min']",
DPx57MmkyYU,2025-10-14 19:46:46 WIB,cholil_zaenuri,"['bulak', 'banteng', 'belum', 'hidup', 'dari', 'pagi', 'sampai', 'sekarang']",
DPx57MmkyYU,2025-10-14 20:39:46 WIB,natalinashelvy,"['wilayah', 'jelidro', 'sambikerep', 'airnya', 'mati', 'lg', 'dr', 'kmrn', 'mlalam', 'sampai', 'malam', 'ini', 'belum', 'nyala', 'min', 'solusinya', 'bagaimana', 'ya', '?']",
DPx57MmkyYU,2025-10-14 20:48:40 WIB,dodo.arbi,"['barat', 'kok', 'sering', 'men', 'gangguan', 'air', 'aslinya', 'dr', 'kmarin', 'tgl', '<num>', 'sdh', 'puelan', 'aliran', 'airnya']",
DPx57MmkyYU,2025-10-14 22:48:08 WIB,rosa_berduri,"['bener', 'seharian', 'mari', 'nyala', 'kl', 'nyala', 'juga', 'kecil', 'ga', 'bisa', 'masuk', 'bak', 'kamar', 'mandi', 'tolong', 'bantu', 'area', 'gayungsari', 'dong']",
DPx57MmkyYU,2025-10-14 22:48:36 WIB,rosa_berduri,"['mati', 'nyala']",
DPx57MmkyYU,2025-10-14 23:21:06 WIB,elxkins26_,"['warga', 'mojo', 'bener <num>', 'sampai', 'jam', '<num>', 'malam', 'air', 'baru', 'keluar', 'itupun', 'pelan', 'bgt', 'biasanya', 'jam', '<num> <num>', 'air', 'udh', 'nyala', 'deres', 'dari', 'kemarin <num>', 'air', 'susah', 'bgt', 'nyalanya', 'ini', 'ada', 'apa', 'min', '?']",
DPx57MmkyYU,2025-10-14 23:37:46 WIB,yuliana_safitriiii,"['daerah', 'kedungasem', 'kedungbaruk', 'juga', 'mati', 'dari', 'sore', 'sampai', 'sekarang', 'jam', '<num>', 'belum', 'nyala', 'perkiraan', 'kapan', 'nyalanya', 'min', '?']",
DPx57MmkyYU,2025-10-15 01:27:41 WIB,dyahnaw,"['daerah', 'wisma', 'pagesangan', 'juga', 'menyusahkan', 'sekali', 'malam', 'ini', 'juga', 'mati', 'lagi', 'airnya', 'telpon', 'call', 'center', 'juga', 'tidak', 'bisa', 'luar', 'biasa']",
DPx57MmkyYU,2025-10-15 06:11:10 WIB,verradyta44,"['jam', 'segini', 'wilayah', 'pakal', 'surabaya', 'sudah', 'mati', 'air', 'nya', 'katanya', 'jam', '<num>', 'baru', 'gangguan', 'ini', 'udah', 'terdampak', 'parah', 'dah']",
DPx57MmkyYU,2025-10-15 06:52:41 WIB,ricorenaldi_,"['menganti', 'kepatihan', 'min', 'gak', 'nyala', 'nyala']",
DPx57MmkyYU,2025-10-15 06:57:34 WIB,ricorenaldi_,"['udah', 'dari', 'senin', 'pagi', 'tapi', 'malam', 'nyala', 'ternyata', 'selasa', 'mati', 'lagi', 'sampek', 'sekarang', 'belom', 'hidup']",
DPx57MmkyYU,2025-10-15 09:32:06 WIB,dyahnaw,"['terimakasih', 'banyak', 'tolong', 'proyek', 'box', 'culvert', 'di', 'beri', 'peringatan', 'sudah', 'hampir', '<num>', 'minggu', 'membuat', 'air', 'sering', 'mati', 'dan', 'itu', 'sangat', 'meyebalkan']",
DPx57MmkyYU,2025-10-15 09:32:11 WIB,rosa_berduri,"['belum', 'ada', 'perubahan', 'air', 'mengalirnya', 'lebih', 'kecil', 'dari', 'kemarin', 'please', 'tolong', 'dibantu', 'hari', 'ini', 'ya', 'min', 'hari', 'ini', 'air', 'sama', 'sekali', 'ga', 'bisa', 'masuk', 'kamar', 'mandi', 'sama', 'dapur']",
DPx57MmkyYU,2025-10-15 09:35:40 WIB,rosa_berduri,"['saya', 'wa', 'ke', 'no', 'hotline', 'pdam', 'tapi', 'lupa', 'no', 'pelanggannya', 'mohon', 'dibantu', 'upahmu', 'besar', 'di', 'surga']",
DPx57MmkyYU,2025-10-15 09:59:48 WIB,aaaudiye_lyv,"['kok', 'gina', 'gini', 'lagi', 'min', 'sdah', 'air', 'nya', 'nyalanya', 'gak', 'lancar', 'tapi', 'mota', 'mati', 'trus', 'dr', 'kmren', 'mati', 'sampai', 'skrg']",
DPx57MmkyYU,2025-10-15 10:23:14 WIB,supri.mundo,"['air', 'pdam', 'keruh']",
DPx57MmkyYU,2025-10-15 12:24:31 WIB,annisaabunga_,"['ini', 'perak', 'emg', 'lagi', 'mati', 'airnya', '?']",
DPx57MmkyYU,2025-10-15 14:04:52 WIB,annisaabunga_,"['maaf', 'kak', 'ternyata', 'sudah', 'nyala']",
DPx57MmkyYU,2025-10-15 19:09:54 WIB,rosa_berduri,"['malam', 'ini', 'dicek', 'sama', 'petugas', 'warga', 'lain', 'juga', 'lapor', 'pak', 'semoga', 'segera', 'ditindaklanjuti', 'masalahnya', 'makasih', 'min', 'udah', 'gercep']",
DPx57MmkyYU,2025-10-15 19:11:56 WIB,budiwiratmo,"['min', 'siang', 'tadi', 'ada', 'info', 'pipa', 'bocor', 'depan', 'rumah', 'gayungsari', 'barat', 'x', 'no <num>', 'akibat', 'galian', 'box', 'culvert']",
DPx57MmkyYU,2025-10-16 00:11:40 WIB,budiwiratmo,"['belum', 'lancar', 'min', 'rumah <num>', 'warga', 'sini', 'sama', 'masih', 'kecilll', 'sekali', 'airnya', 'mungkin', 'gara <num>', 'pipa', 'bocor', 'di', 'depan', 'rumah', 'jl', 'gayungsari', 'barat', 'x', 'no <num>', 'itu', 'masih', 'bocor', 'min']",
DPx57MmkyYU,2025-10-16 07:58:04 WIB,raatihangraenii,"['kenapa', 'tagihan', 'saya', 'jadi', 'melonjok', 'drastis', 'yaa', '?', '?', '?', 'biasanya', 'kurang', 'dari', '<num>', 'kenapa', 'skrng', 'mahal', 'sekalii', 'air', 'pdam', 'rumah', 'tangga', 'pemakaian', 'sampai', '<num> m <num>']",
DPx57MmkyYU,2025-10-16 11:30:24 WIB,budiwiratmo,"['saat', 'ini', 'air', 'pdam', 'di', 'area', 'kami', 'ini', 'sudah', 'cukup', 'lancar', 'dan', 'jernih', 'walaupun', 'belum', 'seperti', 'saat', 'normal', 'tapi', 'warga', 'kami', 'sudah', 'sangat', 'senang', 'dan', 'terbantu', 'terima', 'kasih', 'banyak', 'buat', 'semua', 'kawan <num>', 'pdam', 'yang', 'sudah', 'berjuang', 'membantu', 'mengatasi', 'keluhan', 'warga', 'semangat']",
DPx57MmkyYU,2025-10-14 15:59:55 WIB,cholil_zaenuri,"['hari', 'ini', 'daerah', 'bulak', 'banteng', 'seharian', 'gak', 'hidup', 'min']",
DPx57MmkyYU,2025-10-14 16:14:40 WIB,ambarsari_prasodjo,"['beneran', '<num>', 'menit', 'kah', '?', 'atau', 'seharian', 'lagi', 'kayak', 'september', 'kemarin', 'min', '?', 'waduh', 'ruwet', 'nek', 'gitu', 'min']",
DPx57MmkyYU,2025-10-14 16:34:07 WIB,budiwiratmo,"['aduh', 'pdam', 'gayungsari', 'barat', 'area', 'sekitar', 'resto', 'kampoeng', 'steak', 'tiap', 'hari', 'mati', 'nyala', 'airnya', 'nyala', 'pun', 'cuma', 'beberapa', 'jam', 'ehh', 'mati', 'lagi', 'dan', 'kalau', 'nyala', 'ada', 'aja', '<num> <num>', 'rumah', 'yang', 'tetap', 'mati', 'tidak', 'kebagian', 'air', '?', 'dan', 'saat', 'ini', 'kebingungan', 'tampungan', 'airnya', 'sudah', 'mau', 'habis', 'tolong', 'dibantu', 'pdam']",
DPx57MmkyYU,2025-10-14 16:44:46 WIB,annishafs,"['bener', 'bgt', 'kak', 'gayungsari', 'sekitarnya', 'masih', 'mati', 'ini', 'nyala', 'cm', 'bbrp', 'jam', 'itupun', 'debitnya', 'kecil', 'terus', 'mati', 'lagi']",
DPx57MmkyYU,2025-10-14 17:39:16 WIB,duwiq2805,"['wil', 'klampis', 'ngasem', 'airnya', 'mengecilapakah', 'ada', 'perbaikan', 'dr', 'pagi', 'dampai', 'sekarang', 'trmksh']",
DP3B705k3fR,2025-10-16 13:23:26 WIB,nuri1huda,"['coba', 'di', 'wolak', 'walik', 'min', 'matenge', 'ben', 'roto']",
DP3B705k3fR,2025-10-16 13:29:13 WIB,dzulkifli_azmi,['amiin'],
DP3B705k3fR,2025-10-16 13:37:47 WIB,nibrassy,"['panas', 'banget', 'memang', 'min']",
DP3B705k3fR,2025-10-16 13:38:10 WIB,sintaaulch,"['rill', 'panas', 'poll']",
DP3B705k3fR,2025-10-16 13:39:12 WIB,presarioqalamm,"['panas', 'e', 'bisa', 'buat', 'dadar', 'telur']",
DP3B705k3fR,2025-10-16 13:42:04 WIB,mhmdrizkyy12._,"['butuh', 'kipas', 'jalan']",
DP3B705k3fR,2025-10-16 13:44:50 WIB,dolankesiniyuk,"['min', 'area', 'medayu', 'mati', 'air', 'nya']",
DP3B705k3fR,2025-10-16 13:51:37 WIB,fachryandd,"['sby', 'panass']",
DP3B705k3fR,2025-10-16 13:56:35 WIB,kharistiano28,"['rasa', 'ne', 'kyk', 'nang', 'nduwur', 'e', 'kompor', 'listrik', 'min']",
DP3B705k3fR,2025-10-16 13:59:17 WIB,akmalreyhnth,"['panas', 'potato', 'potato', 'tetap', 'on', 'fireee']",
DP3B705k3fR,2025-10-16 14:01:10 WIB,sheiraekaa,"['kipas', 'angin', 'berasa', 'nyemburin', 'api', 'saking', 'panasnya']",
DP3B705k3fR,2025-10-16 14:01:41 WIB,damaxrif,"['gak', 'terimo', '<num> o', 'min', 'rasane', 'clekit', 'clekit', '<num> o']",
DP3B705k3fR,2025-10-16 14:26:13 WIB,_frscarts,"['sampe', ""''"", 'kipas', 'angin', 'rasa', 'hair', 'dryer']",
DP3B705k3fR,2025-10-16 14:59:24 WIB,rahmatismee,"['dadi', 'opo', 'maringene', 'bundaran', 'waru']",
DP3B705k3fR,2025-10-16 15:13:47 WIB,randy_bstiawn,"['semangat', 'mimin', 'proyek', 'nya']",
DP3B705k3fR,2025-10-16 16:15:52 WIB,sii_mungiil,"['halo', 'min', 'dftar', 'pasang', 'baru', 'via', 'wa', 'kok', 'ga', 'ada', 'respo', 'lagi', 'ya', '?', 'apa', 'harus', 'lewat', 'aplikasi', 'cis', 'saja', '?']",
DP3B705k3fR,2025-10-16 17:55:33 WIB,rofiqrow,"['maaf', 'kira', 'kira', 'sampai', 'jam', 'berapa', 'ini', 'saya', 'sejak', 'siang', 'sudah', 'tidak', 'ada', 'air', 'tidak', 'bisa', 'apa', 'apa', 'belum', 'mandi', 'tidak', 'bisa', 'buang', 'air', 'dsb']",
DP3B705k3fR,2025-10-16 18:06:13 WIB,dyahnaw,"['awak', 'rasane', 'garing', 'kalah', 'iwak', 'teri']",
DP3B705k3fR,2025-10-16 18:46:09 WIB,msyifaul_,"['malang', 'dingin', 'min']",
DP3B705k3fR,2025-10-16 19:23:43 WIB,rofiqrow,"['perkiraan', 'sampai', 'jam', 'brp', 'ini', 'min', 'kudu', 'nangis', 'iki']",
DP3B705k3fR,2025-10-16 22:31:54 WIB,setiyowati897,"['min', 'daerah', 'jelidro', 'mati', '<num>', 'hari', 'min']",
DP3B705k3fR,2025-10-17 07:11:30 WIB,isapdam,"['panase', 'ndunyo', 'dirasakno', 'bareng', 'panase', 'ati', 'sopo', 'sing', 'duwehehehesemangat', 'sehat', 'tukang', 'ledeng']",
DP3B705k3fR,2025-10-17 11:45:12 WIB,thary1299,"['pakmanukan', 'adi', 'dekat', 'sma', '<num>', 'air', 'mati']",
DP3B705k3fR,2025-10-17 11:47:41 WIB,thary1299,"['mulai', 'hari', 'senin', '<num>', 'okt', 'pagi', 'mati', 'trus', 'siang', 'nyala', 'hari', 'rabu', 'sama', 'gitu', 'jg', 'sekarang', 'jum', ""'"", 'at', 'mati', 'lagi', 'jam', '<num>', 'pagisampai', 'skrng', 'blm', 'nyalasampek', 'mandi', 'aja', 'susah']",
DP3B705k3fR,2025-10-17 21:36:08 WIB,cakmigfarhanafi,"['iki', 'sek', 'panas', 'e', 'ndunyo', 'gak', 'sepiro']",
DP3pfhFEzzs,2025-10-16 22:26:33 WIB,nunaseptiano,"['proyek', 'box', 'culvert', 'di', 'pagesangan', 'msh', 'terdampak', 'atau', 'tdk', 'ya', '?', 'ngga', 'ada', 'pengumuman', 'tp', 'disini', 'air', 'pagesangan', 'mati']",
DP3pfhFEzzs,2025-10-17 07:25:32 WIB,jas_armyframe,"['ini', 'sampai', 'kapan', 'ya', '?', 'bhaskara', 'gak', 'keluar', 'air', 'sama', 'sekali']",
DP3pfhFEzzs,2025-10-17 09:38:24 WIB,yulitaanida,"['pagi', 'admin', 'air', 'di', 'daerah', 'mleto', 'sukolilo', 'tidak', 'keluar', 'sama', 'sekali', 'dari', 'shubuh', 'sampai', 'sekarang', 'hampir', '<num>', 'jam']",
DP3pfhFEzzs,2025-10-17 10:09:15 WIB,ekspresiaku,"['halo', 'min', 'izin', 'tanya', 'kalo', 'di', 'suatu', 'area', 'pipa', 'besarnya', 'rusak', 'kena', 'galian', 'box', 'culvert', 'sudah', 'diperbaiki', 'hampir', 'semua', 'rumah', 'sudah', 'lancar', 'airnya', 'tapi', 'ada', '<num> <num>', 'rumah', 'yg', 'tetap', 'mati', 'airnya', 'gimana', 'ya', 'min', '?', 'makasih', 'min']",
DP3pfhFEzzs,2025-10-17 18:01:36 WIB,ekspresiaku,"['kebetulan', 'saya', 'pengurus', 'kampung', 'rt', 'yg', 'sedang', 'membantu', 'warga', 'yg', 'mengalami', 'kasus', 'seperti', 'di', 'atas', 'stop', 'kran', 'sudah', 'posisi', 'terbuka', 'air', 'tetap', 'tidak', 'keluar', 'apakah', 'ybs', 'sebaiknya', 'mengajukan', 'keluhanpengaduan', 'via', 'wa', 'pdam', '?']",
DP3pfhFEzzs,2025-10-17 18:19:50 WIB,ekspresiaku,"['siap', 'saya', 'akan', 'infokan', 'pada', 'warga', 'tsb', 'sementara', 'terima', 'kasih', 'infonya', 'ya', 'min']",
DP3pfhFEzzs,2025-10-20 07:41:42 WIB,af13071997,"['min', 'admin', 'saya', 'tlfn', 'call', 'canter', 'sibuk', ""''"", 'trus', 'pdam', 'bagaimaana', 'siurabaya', 'panas', 'air', '<num>', 'hari', 'ngak', 'nyala', 'daerah', 'tambak', 'mayor', 'barat', 'a <num>', 'telat', 'bayat', 'denda', 'gk', 'aturan', 'tpi', 'komplain', 'lama', 'respon']",
DP0zd8RE_3a,2025-10-15 18:04:08 WIB,bintangbagusf,"['aduuhhh', 'mandi', 'kantor', 'lagi']",
DP0zd8RE_3a,2025-10-15 18:37:06 WIB,yanianis33,"['semoga', 'cepat', 'selesai', 'sebelum', 'pagi']",
DP0zd8RE_3a,2025-10-15 19:03:46 WIB,lalalililululalo,"['katanya', 'jam', '<num>', 'kok', 'udah', 'mati']",
DP0zd8RE_3a,2025-10-15 19:19:53 WIB,verradyta44,"['maneh', 'dah', 'haduh']",
DP0zd8RE_3a,2025-10-15 19:39:13 WIB,abiddinsy,"['ayo', 'min', 'semoga', 'pengerjaannya', 'tidak', 'molor', 'lagi']",
DP0zd8RE_3a,2025-10-15 20:19:47 WIB,pratiwi_dessi,['astagaaaa'],
DP0zd8RE_3a,2025-10-15 22:07:28 WIB,anisiti91,"['rumah', 'sya', 'ciliwung', 'kok', 'mati', 'ya', 'pak', 'airnya', 'dri', 'sore', 'smp', 'skrng']",
DP0zd8RE_3a,2025-10-15 22:58:18 WIB,dewagstin,"['bendino', 'kok', 'gangguan', 'ae', 'pegel', 'ngerasakne', 'banyu']",
DP0zd8RE_3a,2025-10-16 03:02:34 WIB,a.paramita_s,"['menanggal', 'ada', 'apa', 'lagi', 'ya', 'admin', '?', 'kok', 'airnya', 'mengecil', 'saat', 'ini', 'mati']",
DP0zd8RE_3a,2025-10-16 03:53:29 WIB,lalalililululalo,"['klakahrejo', 'lor']",
DP0zd8RE_3a,2025-10-16 04:56:50 WIB,ade_putri_wardani,"['halooo', 'paaak', 'samapi', 'skg', 'pukul', '<num>', 'sumberejo', 'benowo', 'belum', 'menyalaaaaaaa']",
DP0zd8RE_3a,2025-10-16 05:28:25 WIB,sara.yenny.panjaitan,"['ya', 'allah', 'saya', 'air', 'udah', 'mati', 'dari', 'pagi', 'kok', 'kemarin', 'udh', 'mati', '<num>', 'hari', 'masih', 'lagi', 'infonya', 'telat', 'pulang']",
DP0zd8RE_3a,2025-10-16 05:30:03 WIB,ade_putri_wardani,"['alhamdlullah', 'pak', '<num>', 'air', 'menyala', 'walaupun', 'kecil', 'terima', 'kasih']",
DP0zd8RE_3a,2025-10-16 06:04:44 WIB,vivien_aisyah,"['min', 'tolong', 'cek', 'inbox']",
DP0zd8RE_3a,2025-10-16 07:34:28 WIB,rii.roo,"['tidak', 'keluar', 'dari', 'jam', '<num> an', 'subuh', 'ini', 'ada', 'apa', 'ya', 'pak', 'bu', '?', 'tidak', 'ada', 'pemberitahuan', 'nyaa', 'setiap', 'hari', 'kok', 'ada', 'ajaa', 'masalahnya']",
DP0zd8RE_3a,2025-10-16 07:38:35 WIB,a.paramita_s,"['iya', 'tidak', 'keluar', 'airnya', 'pak', 'dsri', 'jam', '<num>', 'mulai', 'mati', 'tadi', 'pagi', 'jam', '<num>', 'subuuh', 'saya', 'tu', 'liat', 'ada', 'pekerjaam', 'bego', 'lg', 'gali <num>', 'situ', 'tp', 'kok', 'diurug', 'lagi', 'padahal', 'kemarin', 'kan', 'area', 'situ', 'sdh', 'ditutup', 'kok', 'digali', 'lgi', 'tutup', 'lg', 'apa', 'ada', 'kebocoran', 'lagi', '?', 'mohon', 'pengecekannya', 'krm', 'kan', 'ga', 'ada', 'info', 'sama', 'sekali', 'pdam', 'mati', 'saya', 'mau', 'kejar', 'produksi', 'kesulitan']",
DP0zd8RE_3a,2025-10-16 08:24:53 WIB,shafaardini,"['air', 'di', 'daerah', 'wisma', 'pagesangan', 'juga', 'kecil', 'sekali', 'ada', 'apa', 'yaa', '?']",
DP0zd8RE_3a,2025-10-16 08:26:37 WIB,shafaardini,"['iya', 'benar', 'air', 'selalu', 'ada', 'masalah', 'sejak', 'tgl', '<num>', 'september', 'sampai', 'sekarang', 'di', 'daerah', 'wisma', 'pagesangan', 'sering', 'mati']",
DP0zd8RE_3a,2025-10-16 09:18:02 WIB,dyahnaw,"['menyusahkan', 'sekali']",
DP0zd8RE_3a,2025-10-16 12:32:45 WIB,irinearyani,"['min', 'sampai', 'siang', 'ini', 'rumah', 'saya', 'di', 'pbi', 'belum', 'keluar', 'airnya', 'min']",
DP0zd8RE_3a,2025-10-16 14:31:55 WIB,_dssy,"['kok', 'sampai', 'sekarang', 'airnya', 'belum', 'nyala', 'ya']",
DP0zd8RE_3a,2025-10-16 14:46:11 WIB,_dssy,"['kendung', 'pak', 'belakang', 'rs', 'bdh']",
DP0zd8RE_3a,2025-10-16 14:55:52 WIB,a.paramita_s,"['sdh', 'sejak', 'lama', 'malah', 'kalo', 'proyeknya', 'pemkot', 'dari', 'pak', 'selalu', 'aja', 'area', 'sini', 'sering', 'sekali', 'bocor', 'kena', 'bego', 'dulu', 'yg', 'sebrang', 'pas', 'per', '<num>', 'an', 'alfamart', 'sebelum', '<num>', 'kan', 'jg', 'gt', 'dan', 'kerjakannya', 'lamaa', 'pekerja <num> nya', 'beda', 'dgn', 'area', 'lain', 'bisa', 'sat', 'set', 'dan', 'lebih', 'ati <num>', 'shg', 'jarang', 'sekali', 'ada', 'kebocoran', 'pipa', 'di', 'hampir', 'setiap', 'titik', 'mohon', 'pak', 'pak', 'kapan', 'ini', 'selesainya', '?', 'warga', 'banyak', 'dirugikan', 'ga', 'ditutup <num>', 'usaha', 'pun', 'omset', 'parah', 'banget']",
DP0zd8RE_3a,2025-10-16 16:13:11 WIB,rii.roo,"['apakah', 'sdh', 'ditangani', '?', 'estimasi', 'selesai', 'jam', 'brp', '?']",
DP0zd8RE_3a,2025-10-16 21:49:55 WIB,irinearyani,"['terpantau', 'malam', 'ini', 'sudah', 'nyala', 'min', 'semoga', 'lancar', 'sampai', 'seterusnya', 'amiiiiinn']",
DP0zd8RE_3a,2025-10-17 18:43:41 WIB,delitawedding,"['tolong', 'air', 'mati', 'di', 'sememi', 'sdh', '<num>', 'hari', 'katanya', '<num>', 'jam', 'tgl', '<num>', 'sampai', '<num>', 'mlm', 'blm', 'nyala']",
DP0zd8RE_3a,2025-10-18 05:24:46 WIB,hendry_list,"['update', 'wilayah', 'sememi', 'kandangan', 'rejo', 'air', 'mati', 'min']",
DP0lnmWk02a,2025-10-16 09:54:14 WIB,ellyzabeth3,"['mohon', 'info', 'pengerjaan', 'nya', 'apa', 'masih', 'lama', '?', 'karena', 'daerah', 'bhaskara', 'air', 'nya', 'sampai', 'sekarang', 'mati', 'tidak', 'keluar', 'sama', 'sekali']",
DP0lnmWk02a,2025-10-17 18:23:05 WIB,rennyindrawati_,"['selamat', 'malam', 'saya', 'mau', 'infokan', 'aliran', 'air', 'di', 'rumah', 'renny', 'mati', 'akibat', 'pipa', 'pdam', 'buntu', 'dampak', 'pengerjaan', 'box', 'culvert', 'mulyosari', 'sudah', 'laporan', 'dari', 'hari', 'rabu', 'malam', 'sampai', 'jumat', 'ini', 'belum', 'ada', 'respon', 'dari', 'petugas', 'pdam', 'dan', 'belum', 'di', 'betulkan', 'hanya', 'janji', 'janji', 'nanti', 'ada', 'petugas', 'yang', 'menghubungi', 'seharusnya', 'contoh', 'pln', 'yang', 'mengedepankan', 'pelanggan', 'dengan', 'one', 'day', 'service', 'bukan', 'janji', 'janji', 'terus', 'tapi', 'tidak', 'di', 'betulkan', 'jalan', 'bhaskara', '<num>', 'no', '<num>', 'segera', 'di', 'perbaiki', 'jangan', 'janji', 'terus']",
DP0lnmWk02a,2025-10-17 19:51:59 WIB,rennyindrawati_,"['bismillah', 'betulan', 'besok', 'di', 'kerjakan', 'karena', 'sudah', 'mati', '<num>', 'hari', 'bisa', 'menghubungi', 'di', 'no', 'hp', '<num>', 'semoga', 'tidak', 'janji', 'lagi']",
DP-hGTLkyG5,2025-10-19 14:10:55 WIB,nurul_lailatul_chasanah,"['hobi', 'banget', 'matiin', 'airseminggu', 'udah', '<num> xkemarin', 'yg', 'dikerjain', 'apa', 'yakok', 'tiap', 'hari', 'info', 'matiin', 'air']",
DP-hGTLkyG5,2025-10-19 14:21:30 WIB,aristo_rudin,"['sattt', 'yg', 'kemarin', 'aja', 'airnya', 'kecil', 'sekarang', 'malah', 'ada', 'perbaikan', 'lagisattt']",
DP-hGTLkyG5,2025-10-19 14:50:14 WIB,rudipriyanto1983,"['arepe', 'meso', 'kenek', 'pasal']",
DP-hGTLkyG5,2025-10-19 15:30:22 WIB,nurul_lailatul_chasanah,"['percuma', 'waslow', 'respon']",
DP-hGTLkyG5,2025-10-19 15:37:44 WIB,sara.yenny.panjaitan,"['kok', 'jadi', 'terus', 'terus', 'an', 'ya', 'pak', '?', '?', '?', '?', 'mati', 'air', 'berhari', 'hari', 'nyala', 'brp', 'jam', 'abis', 'itu', 'mati', 'lagi', 'ada', 'perbaikan', 'lagi']",
DP-hGTLkyG5,2025-10-19 15:47:12 WIB,wii1i,"['pbi', 'lagi', 'ancen', 'muatane', 'ancuk']",
DP-hGTLkyG5,2025-10-19 15:48:53 WIB,wii1i,"['asuw', 'baru', 'kemarin', 'tengah', 'malam', 'air', 'nyala', 'di', 'pbi', 'hari', 'ini', 'mati', 'lagi', 'uasuw', 'karepe', 'opo', 'iki', 'cok']",
DP-hGTLkyG5,2025-10-19 15:50:32 WIB,wii1i,"['wes', 'ra', 'urus', 'mas', 'pesohi', 'ae', 'aku', 'kemaren', 'sek', 'sopan', 'ngomong', 'e', 'dino', 'iki', 'ora', 'sudi', 'jen', 'dancok', 'tenan']",
DP-hGTLkyG5,2025-10-19 15:51:50 WIB,wii1i,"['kendung', 'itu', 'di', 'bulan', 'lalu', 'itu', 'sudah', 'dibongkar', 'kok', 'bulan', 'iki', 'bocor', 'maneh', 'bulan', 'lalu', 'yang', 'dikerjain', 'apap', 'cok', '?']",
DP-hGTLkyG5,2025-10-19 16:01:08 WIB,lee_chamoomilee,"['tolong', 'dicarikan', 'solusi', 'nya', 'jangan', 'seperti', 'diulang <num>', 'terus', 'saya', 'tahu', 'gak', 'ada', 'yg', 'mau', 'pipa', 'bocor', 'apalagi', 'pihak', 'pdam', 'sendiri', 'tapi', 'alangkah', 'baiknya', 'cari', 'solusi', 'nya', 'supaya', 'gk', 'sering', 'bocor', 'atau', 'kalo', 'pun', 'bocor', 'bisa', 'diperbaiki', 'dgn', 'waktu', 'cepat', 'tanpa', 'menghambat', 'aktifitas', 'warga', 'yg', 'membutuhkan', 'air', 'karena', 'air', 'pdam', 'ini', 'warga', 'bayar', 'bukan', 'bantuan', 'gratis', 'apalagi', 'tagihan', 'air', 'jg', 'tidak', 'murah', 'kalo', 'sudah', 'tahu', 'sering', 'bocor', 'pipanyaharusnya', 'cari', 'solusi', 'pemerintah', 'saya', 'harus', 'tag', 'siapa', 'supaya', 'ada', 'yg', 'peduli', 'pemerintahnya', 'ini', 'masalah', 'bukan', 'masalah', 'kecil', 'yg', 'di', 'ulang <num>', 'terus', 'kalopun', 'masalah', 'kecil', 'jg', 'gk', 'bagus', 'kalo', 'diulang <num>', 'tanpa', 'ada', 'perubahan', 'dan', 'perbaikan']",
DP-hGTLkyG5,2025-10-19 16:03:23 WIB,lee_chamoomilee,"['dan', 'jawaban', 'balasan', 'jgn', 'template', 'mohon', 'maaf', 'dan', 'masih', 'dlm', 'perbaikan', 'bantuan', 'air', 'tangki', 'gratis', 'kalo', 'pun', 'di', 'bantu', 'pertanyaan', 'nya', 'yg', 'gk', 'punya', 'tandon', 'terus', 'air', 'bantuan', 'bisa', 'di', 'simpan', 'dimana', '?', 'kalo', 'cuma', 'isi', 'bak', 'kamar', 'mandi', 'saja', 'ya', 'bukan', 'solusi', 'juga', 'tolong', 'berpikir', 'cari', 'solusi', 'nya']",
DP-hGTLkyG5,2025-10-19 16:13:00 WIB,renoaap,"['tandon', 'belum', 'ke', 'isi', 'udah', 'mati', 'lagi']",
DP-hGTLkyG5,2025-10-19 17:04:55 WIB,34_abadi,"['woalah', 'yooo', 'maneh', 'gak', 'ados', 'maneh', 'cok', 'segawon']",
DP-hGTLkyG5,2025-10-19 17:24:34 WIB,esyakik,['setuju'],
DP-hGTLkyG5,2025-10-19 17:38:59 WIB,dikisvg,['tuwerus'],
DP-hGTLkyG5,2025-10-19 17:48:38 WIB,woywiywoiwoy,"['ya', 'allah', 'min', 'minta', 'tolong', 'banget', 'min', 'di', 'usahain', 'lebih', 'cepat', 'dari', 'perkiraan', 'waktu', 'aku', 'ga', 'menuntut', 'min', 'tapi', 'ya', 'apa', 'ya', 'min', 'aku', 'kemarin', 'di', 'pbi', 'itu', 'air', 'udah', 'ku', 'abiskan', 'sengaja', 'tidak', 'aku', 'isi', 'supaya', 'apa', 'supaya', 'pas', 'aku', 'balik', 'dari', 'perak', 'ke', 'pbi', 'air', 'itu', 'bening', 'soalnya', 'kemarin', 'abis', 'perbaikan', 'juga', 'dan', 'nyala', 'tapi', 'airnya', 'butek', 'super', 'butek', 'nah', 'tujuan', 'ku', 'habisin', 'tandon', 'supaya', 'minggu', 'pas', 'aku', 'balik', 'pbi', 'aku', 'nyalain', 'air', 'airnya', 'bening', 'lah', 'kok', 'minggu', 'malah', 'ada', 'perbaikan', 'lagi', 'toh', 'min', 'min', 'iyo', 'lek', 'perbaikan', 'nyala-air', 'bersihjernih', 'iki', 'ga', 'perbaikan-nyala-butek-cuilik', 'maneh', 'debit', 'air', 'e', 'innalilahi', 'ya', 'allah', 'min', 'min', 'minta', 'tolong', 'banget', 'usahain', 'selesai', 'sbeleum', 'perkiraan', 'waktuu']",
DP-hGTLkyG5,2025-10-19 18:02:10 WIB,dheaaapriyanti_,"['tiap', 'minggu', 'dibuat', 'emosi', 'sama', 'perkara', 'mati', 'air', 'sedih', 'bgt']",
DP-hGTLkyG5,2025-10-19 18:06:54 WIB,dhana_saja,"['mau', 'kate', 'nyiram', 'taman', 'gak', 'isok']",
DP-hGTLkyG5,2025-10-19 18:18:54 WIB,chaidardor_3,"['demoen', 'ae', 'mbeck']",
DP-hGTLkyG5,2025-10-19 19:01:17 WIB,np.ajeng,"['gara <num>', 'mati', 'kemarin', 'airnya', 'butek', 'knp', 'ya', '?', 'sampe', 'kapan', 'bening', 'sebntar', 'butek', 'lagi', 'baju', 'dicuci', 'malah', 'makin', 'kotor', 'gatau', 'tdi', 'pagi', 'ternyata', 'msih', 'butek', 'skrg', 'ya', 'masih', 'butek', 'hbis', 'mati', 'kualitas', 'menurun']",
DP-hGTLkyG5,2025-10-19 20:13:31 WIB,dheaaapriyanti_,"['tidack', 'ada', 'update', 'lagi', 'ini', '?', 'besok', 'senin', 'yakalai', 'mandi', 'dikantor']",
DP-hGTLkyG5,2025-10-19 20:43:07 WIB,purnomosudaryanto,"['sekedar', 'mengingatkan', 'motto', 'pdam', 'surabaya', 'adalah', '``', 'kami', 'melayani', 'lebih', 'baik', ""''"", 'seminggu', 'ada', '<num> x', 'gangguan', 'di', 'lokasi', 'yg', 'jaraknya', 'berdekatan', 'kenapa', 'tidak', 'dikerjakan', 'bersamaan', 'sehingga', 'tidak', 'menganggu', 'pelanggan']",
DP-hGTLkyG5,2025-10-20 02:50:37 WIB,bentosabaro102,"['hello', 'pdam', 'di', 'pondok', 'benowo', 'indah', 'sampai', 'skrg', 'lho', 'pak', 'air', 'mati', 'total']",
DP-hGTLkyG5,2025-10-20 02:58:08 WIB,bentosabaro102,"['pondok', 'benowo', 'sampai', 'sekarang', 'masih', 'mati', 'lho', 'pak']",
DP-hGTLkyG5,2025-10-20 03:05:18 WIB,flndiojs,"['tolong', 'ya', 'min', 'daritadi', 'blm', 'tdr', 'karna', 'harus', 'nandon', 'air', 'mana', 'debit', 'air', 'yang', 'keluar', 'sekecil', 'itu']",
DP-hGTLkyG5,2025-10-20 03:23:37 WIB,mayaprmtsr,['wkwkwk'],
DP-hGTLkyG5,2025-10-20 05:06:19 WIB,riopangestumandala,"['min', 'belum', 'menyala', 'air', 'dirumahku', 'bingung', 'yg', 'mau', 'mandi', 'sama', 'sholat', 'apalagi', 'lumayan', 'jauh', 'dari', 'masjid']",
DP-hGTLkyG5,2025-10-20 08:47:59 WIB,gebyjw,"['asemrowotanjungsari', '<num>', 'hari', 'ini', 'air', 'ga', 'nyala']",
DP-hGTLkyG5,2025-10-20 11:33:09 WIB,ainitull,"['ng', 'omahku', 'griya', 'surabaya', 'asri', 'gorong', 'sek', 'mati', 'iki', 'ape', 'umbah', 'umbah', 'seragame', 'bojoku', 'yo', 'mikir', 'gaonok', 'banyu', 'disanyo', 'banyune', 'butek', '<num> dino', 'di', 'pateni', 'banyune', 'awak', 'dewe', 'iki', 'bayar', 'paklek', 'duduk', 'subsidi']",
DP-hGTLkyG5,2025-10-20 12:49:04 WIB,aaaudiye_lyv,"['sumberrejo', 'mbak']",
DP-hGTLkyG5,2025-10-20 15:46:16 WIB,purnomosudaryanto,"['min', 'pbi', 'jam', '<num> <num>', 'pagi', 'kok', 'susah', 'keluar', 'airnya', '?', 'apa', 'harus', 'dipompa', 'pakai', 'sanyo', 'ya', '?']",
DP-hGTLkyG5,2025-10-20 21:00:34 WIB,andre.s.wijaya,"['ini', 'daerah', 'jojoran', 'apakah', 'mati', 'ya', 'airnya', '?']",
DP-hGTLkyG5,2025-10-21 04:37:03 WIB,rya.it09,"['sekarang', 'wilayah', 'krembangan', 'tidak', 'keluar', 'airnya', 'dan', 'tidak', 'ada', 'pemberitahuan', 'sebelumnya', 'bagaimana', 'ini', 'min']",
DP-hGTLkyG5,2025-10-26 08:54:51 WIB,purnomosudaryanto,"['sudah', 'terima', 'kasih', 'air', 'juga', 'makin', 'deras', 'dan', 'lancar', 'bravo', 'pdam', 'surabaya']",
DP-hGTLkyG5,2025-10-19 11:25:14 WIB,aaaudiye_lyv,"['ngene', 'ngene', 'ae', 'ki', 'sdah', 'tgl', '<num>', 'dr', 'tgl', '<num>', 'ra', 'nyala', 'ki', 'yaopo', 'uang', 'habis', 'cuma', 'buat', 'beli', 'air', 'galon', 'kmaren', 'di', 'tarik', 'tagihan', 'air', 'nk', 'tagihan', 'air', 'ae', 'gak', 'bsa', 'telat', 'skali', 'telat', 'kena', 'denda', 'tp', 'air', 'gak', 'pernah', 'nyala', 'wes', 'kterlaluan', 'nk', 'kayak', 'gini']",
DP-hGTLkyG5,2025-10-19 11:25:25 WIB,darso_nae,"['dari', 'tgl', '<num>', 'ada', 'perbaikan', 'aja', 'aliran', 'air', 'wilayah', 'sumberejo', 'debet', 'air', 'mengecil', 'sampe', 'isi', 'kamar', 'mandi', 'aja', 'susah', 'hari', 'ini', 'perbaikan', 'lagisampe', 'kapan', 'aliran', 'air', 'bisa', 'normal', 'kembali', '?']",
DP-hGTLkyG5,2025-10-19 11:26:34 WIB,puthree_setiawan,"['rekor', 'ckckckckckcck']",
DP-hGTLkyG5,2025-10-19 11:26:37 WIB,wildanrobih,['nemenwes <num>'],
DP-hGTLkyG5,2025-10-19 11:27:01 WIB,wildanrobih,"['mbk', 'ya', 'pbi', 'ta']",
DP-hGTLkyG5,2025-10-19 11:29:12 WIB,erryseptiawan,"['terusno', 'wes', 'terusnopatenono', 'terus', 'banyunemengko', 'lak', 'solusine', 'mobil', 'tangki', 'airbongkaren', 'wae', 'instalasi', 'piponewes', 'ra', 'usah', 'nggawe', 'pdam', 'sisambalek', 'jaman', 'bahula', 'maneh', 'ae', 'cok']",
DP-hGTLkyG5,2025-10-19 11:35:56 WIB,dhana_saja,"['pdam', 'gateli', 'bolak', 'balik', 'mati', 'tok', 'ae', 'su', 'blok']",
DP-hGTLkyG5,2025-10-19 11:36:01 WIB,yudyrukmana,"['wahh', 'kok', 'lagiiiii']",
DP-hGTLkyG5,2025-10-19 11:36:08 WIB,erryseptiawan,"['titenoni', 'yo', 'wes', 'sak', 'ulan', 'iki', 'mulai', 'tgl', '<num>', 'sept', 'sampek', 'saiki', '<num>', 'okt', 'banyune', 'bolak', 'balek', 'mbok', 'pateni', 'nek', 'ngalir', 'pun', 'debit', 'e', 'cilik', 'mari', 'ngunu', 'nggawe', 'alasan', 'opo', 'maneh', 'kanggo', 'mateni', 'banyunggateli', 'tenan']",
DP-hGTLkyG5,2025-10-19 11:36:26 WIB,ade_putri_wardani,"['ya', 'allah', 'pak', 'knapa', 'harus', 'terus', 'menerusss', 'sklian', 'biar', 'ga', 'bolak', 'balik', 'maslahnya', 'd', 'rumah', 'ini', 'ada', 'lansia', 'yg', 'g', 'bisa', 'kalau', 'air', 'terus', 'mati', 'sebulan', 'coba', 'deh', 'brpa', 'kali', 'mati', 'mati', 'mati', 'kok', 'heran', 'jadinya']",
DP-hGTLkyG5,2025-10-19 11:44:33 WIB,ayuwandini567,"['msok', 'wes', '<num> minggu', 'lek', 'lek', 'an', 'ngenteni', 'banyu', 'metu', 'gaes', 'lek', 'gak', 'jm', '<num> bengi', 'y', 'g', 'metu', 'trs', 'kiro <num>', 'sampai', '<num> bln', 'ta', 'iki', 'aq', 'g', 'turu', 'ngenteni', 'banyu', 'giliran', 'byr', 'telat', 'kene', 'dendo', 'bantu', 'bendino', 'g', 'metu <num>', 'gawe', 'sanyo', '<num> bln', 'y', 'legrek', 'gaes', 'listrik', 'e', 'iy', 'lek', 'listrik', 'subsidi', 'listrik', 'mandiri', 'gaes', 'alias', 'byr', 'sendiri', 'sekalinya', 'metu', 'banyune', 'ky', 'got', 'ireng', 'akeh', 'letek', 'ey', 'opo', 'gaesss']",
DP-hGTLkyG5,2025-10-19 11:44:57 WIB,rrydwnt,"['tiap', 'minggu', 'lo', 'perasaan', 'gangguan', 'air', 'pipa', 'bocor', 'terus', 'lo', 'heran', 'bget']",
DP-hGTLkyG5,2025-10-19 11:46:36 WIB,d1msumg0dok,"['kok', 'terus', 'terus', 'an', 'seh']",
DP-hGTLkyG5,2025-10-19 11:47:05 WIB,nine_wanda,"['ya', 'allah', 'jane', 'merek', 'pipa', 'dengan', 'kualitas', 'opo', 'yo', 'seng', 'di', 'pakai', 'iki', '\u200d', 'kok', 'sitik <num>', 'bocor', 'air', 'mati', 'woilah', 'bayar', 'tetep', 'malah', 'makin', 'mahal', 'bolak', 'balik', 'mati', 'terus', 'nek', 'minggu <num>', 'mati', 'umbah <num>', 'seragam', 'e', 'yak', 'opo', 'cak', 'kok', 'nganti', 'ngelus', 'dodo', 'aq', 'karo', 'iki', 'dipikir', 'air', 'tanki', 'solusi', 'yg', 'tepat', 'pikiren', 'iku', 'kudu', 'kolektif', 'rt', 'nek', 'mesen', 'dewe', 'banyu', 'sak', 'tanki', 'iki', 'di', 'wadah', 'i', 'opo', 'seng', 'gak', 'duwe', 'tandon', 'coba', 'pikiren', 'sek', 'wes', 'bener', 'ta', 'solusimu', 'iki']",
DP-hGTLkyG5,2025-10-19 11:54:58 WIB,erryseptiawan,"['apalagi', 'yg', 'nggak', 'pakai', 'pompa']",
DP-hGTLkyG5,2025-10-19 11:58:00 WIB,rickychen_as,"['kompensasi', 'yo', 'g', 'ono', 'piye', 'pak']",
DP-hGTLkyG5,2025-10-19 12:00:02 WIB,anggunnurmah,"['kok', 'bolak', 'balik', 'gangguan', 'heran', 'banget']",
DP-hGTLkyG5,2025-10-19 12:01:33 WIB,puthree_setiawan,"['minta', 'tolong', 'penjelasannya', 'knp', 'pipa', 'bocor', 'bisa', 'barengan', 'seperti', 'ini']",
DP-hGTLkyG5,2025-10-19 12:02:35 WIB,aaaudiye_lyv,"['pak', 'aq', 'punya', 'anak', '<num>', 'kcil', ""''"", 'saiki', 'lagi', 'pup', 'gak', 'ono', 'air', 'pak', 'beli', 'galon', 'gak', 'ada', 'krn', 'di', 'ge', 'tandon', 'orangnya', 'sdri', 'pak', 'ya', 'allah', 'pak', ""''"", 'trus', 'kon', 'nyeboki', 'ge', 'opo', 'pak', 'shalat', 'z', 'btuh', 'wudhu', 'pak', 'trus', 'ra', 'tau', 'ados', 'awak', 'pliket', 'kabeh', 'mok', 'kon', 'tayamun']",
DP-hGTLkyG5,2025-10-19 12:03:18 WIB,aaaudiye_lyv,"['terus', ""''"", 'an', 'ae', 'ngene', 'ya', 'allah']",
DP-hGTLkyG5,2025-10-19 12:04:00 WIB,aaaudiye_lyv,"['aq', 'ki', 'ngontrak', 'pak', 'ra', 'ono', 'tandon', 'air', 'mati', 'kok', 'ra', 'kiro', ""''"", 'sampek', 'pe', 'sminggu']",
DP-hGTLkyG5,2025-10-19 12:09:02 WIB,abetn86,"['ada', 'kebocoran', 'selalu', 'air', 'mati', 'yg', 'membutuhkan', 'air', 'bagaimana', '?']",
DP-hGTLkyG5,2025-10-19 12:15:08 WIB,wildanrobih,"['bisa', 'dong', 'pak', 'untuk', 'diadakan', 'keliling', 'air', 'bantuan', 'di', 'daerah', 'dreaming', 'land']",
DP-hGTLkyG5,2025-10-19 12:20:29 WIB,nyomudkecil_,"['gak', 'isok', 'berkata', ""''"", 'aq', 'wissan', 'reg', 'mbuh', 'aturren', 'trus', 'awurren']",
DP-hGTLkyG5,2025-10-19 12:24:09 WIB,ny_sbdayyuu,"['koo', 'podo', 'protes', 'bayu', 'mati', 'terus', 'lek', 'bocor <num>', 'gk', 'digenakno', 'ngono', 'ta', 'rek', 'astagfirullah']",
DP-hGTLkyG5,2025-10-19 12:26:44 WIB,inez_dvk,"['ya', 'allah', 'di', 'rmh', 'saya', 'blom', 'sampek', 'keluar', 'air', 'nya', 'sdh', 'mau', 'mati', 'lg', 'tagihan', 'air', 'makin', 'mahal', 'tp', 'tak', 'bisa', 'pernah', 'lancar', 'dpt', 'air', 'nya']",
DP-hGTLkyG5,2025-10-19 12:31:02 WIB,rikiebella0809,"['anakku', 'lg', 'diare', 'pak', 'soro', 'nemen', 'ngene', 'iki', 'lek', 'banyune', 'mota', 'mati', 'ae', 'kemarin', 'sdh', 'seharian', 'malam', 'bru', 'nyala', 'terpaksa', 'malam <num>', 'saya', 'nyuci', 'mandi', 'keramas', 'untung', 'sby', 'lg', 'panas <num> e', 'pak']",
DP-hGTLkyG5,2025-10-19 12:38:05 WIB,_mafifs_,"['haduuuuhhhhhhh', 'wes', 'panase', 'ngene', 'pdam', 'gangguan', 'sisan', 'menyala', 'suroboyo', 'mateng', ""''""]",
DP-hGTLkyG5,2025-10-19 12:41:24 WIB,indie_riawan,"['ya', 'ampun', 'payah', 'sekali', 'sih', 'pelayanan', 'mu', 'pdam']",
DP-hGTLkyG5,2025-10-19 12:42:32 WIB,indie_riawan,"['air', 'sudah', 'keluar', 'kecil', 'kok', 'malah', 'perbaikan <num>', 'terus']",
DP-hGTLkyG5,2025-10-19 12:43:19 WIB,indie_riawan,"['perbaikan', 'kok', 'ga', 'langsung', 'kok', 'bertahap', 'kasihan', 'warga', 'terdampak', 'jadi', 'korban']",
DP-hGTLkyG5,2025-10-19 12:47:00 WIB,indie_riawan,"['telat', 'bayar', 'kena', 'denda', 'air', 'kecil', 'keluarnya', 'ditambah', 'air', 'galon']",
DP-hGTLkyG5,2025-10-19 12:48:54 WIB,dyahfitria14,"['lagi', '?', '?', '?', 'gangguan', 'kok', 'isok', 'berturut', 'turut', 'jumat', 'sabtu', 'minggu', 'wayah', 'e', 'wong', 'tandang', 'gawe', 'malah', 'gak', 'metu', 'blas', '\u200d']",
DP-hGTLkyG5,2025-10-19 12:57:53 WIB,sandyirwansyah,"['ya', 'allah', 'mari', 'kendung', 'saiki', 'pakal', 'wes', 'wes', 'ra', 'tepak', 'blas']",
DP-hGTLkyG5,2025-10-19 13:09:27 WIB,elyvirgijanti,"['sebulan', 'dah', 'kesekian', 'kalinya', 'dan', 'tetep', 'dong', 'byrnya', 'spt', 'normal', 'pdhl', 'dah', 'brp', 'hari', 'gak', 'lancar']",
DP-hGTLkyG5,2025-10-19 13:17:39 WIB,chella.o,"['pbi', 'loo', 'belum', 'lancar', 'air', 'e', 'mosok', 'tiap', 'hari', 'begadang', 'nunggu', 'air', 'keluar', 'krna', 'debit', 'air', 'kecil', 'skrg', 'bocooorr', 'maneh', 'bocooorr', 'maneh', 'kapan', 'bener', 'e', 'seh', 'pdam', 'iki', 'wayahe', 'tagihan', 'byuuuuuuhh', 'regoe', 'meluberr', 'pdahal', 'banyune', 'gatau', 'meluber']",
DP-hGTLkyG5,2025-10-19 13:26:02 WIB,cokkrrooooo,"['gangguan', 'kok', 'trus']",
DP-hGTLkyG5,2025-10-19 13:35:31 WIB,titosimon,['lagi'],
DP-hGTLkyG5,2025-10-19 13:51:35 WIB,dewagstin,['astaganaga'],
DP-hGTLkyG5,2025-10-19 14:03:23 WIB,lailivitri,"['baru', 'nyala', 'pagi', 'tadi', 'skrg', 'lagiiii', 'trs', 'kasih', 'infonya', '<num>', 'jam', 'sebelum', 'di', 'matiin', 'lagi', 'giliran', 'telat', 'bayar', 'aja', 'dendanya', 'astagfirullah']",
DP-hGTLkyG5,2025-10-19 14:08:16 WIB,rhmtprdna,"['besok', 'mana', 'lagi', 'pak', 'yg', 'rusak', '?', '?', '?', 'mau', 'seminggu', 'loh', 'ini']",
DP-hGTLkyG5,2025-10-19 14:10:17 WIB,natnu.tt,"['pbi', 'lagi', 'yg', 'kmren', 'aja', 'masalah', 'kendung', 'belom', 'nyala', 'airnya', 'sampai', 'skrng', 'skrg', 'ada', 'tambahan', 'lagi', 'di', 'veteran']",
DPu9Q5Ak2LC,2025-10-13 12:35:52 WIB,rejja.aradika,"['yang', 'utara', 'kok', 'ga', 'dimasukan', '?']",
DPu9Q5Ak2LC,2025-10-13 17:23:08 WIB,dimanasajakerja,"['jambangan', 'baru', 'selatan', 'dan', 'sekitarnya', 'air', 'tidak', 'mengalir', 'sore', 'ini', '<num>']",
DPu9Q5Ak2LC,2025-10-13 18:57:30 WIB,asnazultifa,"['karah', 'mati', 'lagi']",
DPu9Q5Ak2LC,2025-10-13 18:57:53 WIB,asnazultifa,"['waktu', 'pagi', 'buat', 'masak', 'mati', 'pulang', 'kerja', 'mati', 'ga', 'mengalir', 'airnya']",
DPu9Q5Ak2LC,2025-10-13 19:31:45 WIB,arumanggiarini_,"['karah', 'matiiiu']",
DPu9Q5Ak2LC,2025-10-13 19:40:44 WIB,irishcartenz8,"['karah', 'nggak', 'keluar', 'blas', 'ada', 'yg', 'tau', 'knp', '?']",
DPu9Q5Ak2LC,2025-10-13 19:53:29 WIB,hnfada354,"['assalamualaikum', 'min', 'mau', 'tanya', 'daerah', 'bibis', 'karah', 'apa', 'ada', 'perbaikan', 'kah', 'terimakasih', 'dari', 'tadi', 'siang', 'airnya', 'kecil']",
DPu9Q5Ak2LC,2025-10-13 20:20:56 WIB,asnazultifa,"['halo', 'mana', 'lagi', 'yang', 'perbaikan', 'ini', '?', 'kemarin', 'perbaikan', 'sekarang', 'perbaikan', 'juga', 'kah', '?', 'infonya', 'dong', 'kemarin', 'waktu', 'pagi', 'mau', 'berangkat', 'kerja', 'mati', 'sekarang', 'pulang', 'kerja', 'mati', 'ga', 'mengalir', 'masak', 'beli', 'air', 'galon', 'isi', 'ulang', 'terus']",
DPu9Q5Ak2LC,2025-10-13 23:12:39 WIB,salman_sahabat_karib,"['rumah', 'saya', 'gubeng', 'klingsingan', 'kok', 'mati', 'juga', 'airnya', 'tolong', 'dong', 'pak', 'masak', 'begini']",
DPu9Q5Ak2LC,2025-10-13 23:27:38 WIB,aayyuukkk,"['minta', 'tolong', 'lain', 'kali', 'jika', 'ada', 'perbaikan', 'lagi', 'di', 'infokan', 'melalui', 'rt', 'atau', 'rw', 'tempat', 'yang', 'terdampak', 'karena', 'gak', 'semua', 'orang', 'punya', 'sosmed', 'ig']",
DPu9Q5Ak2LC,2025-10-14 01:50:57 WIB,arien.wardiansyah,"['dhrmawangsa', 'mati', 'ini', 'airnya', 'sampe', 'kpn', 'bisa', 'normal', 'lg', '?', 'kok', 'gk', 'ada', 'pmberitahuan', 'yah', 'sblumnya', '?']",
DPu9Q5Ak2LC,2025-10-14 03:34:52 WIB,roesindarto,"['iya', 'benar', 'tlong', 'informasi', 'perbaikan', 'disampaikan', 'ke', 'rt', 'dan', 'rw', 'setempat']",
DPu9Q5Ak2LC,2025-10-14 21:17:28 WIB,irishcartenz8,"['pada', 'saat', 'mati', 'kran', 'saya', 'on', 'akhirnya', 'saya', 'tau', 'udah', 'ngalir', 'saat', 'pertama', 'airnya', 'keruh', 'tapi', 'sekarang', 'sudah', 'normal', 'terimakasih', 'pdam']",
DPu9Q5Ak2LC,2025-10-15 09:00:36 WIB,griya69.id,"['tanggapan', 'yg', 'respon', 'ai']",
DPnYLyLE_Zd,2025-10-11 04:40:44 WIB,mayaprmtsr,"['min', 'kenapa', 'air', 'dirumahku', 'daerah', 'benowo', 'tiap', 'pagi', 'diatas', 'jam', '<num>', 'airnya', 'kecil', 'bahkan', 'mati', 'br', 'bs', 'nyala', 'yg', 'banter', 'lagi', 'kl', 'malam-subhh', 'di', 'dm', 'ga', 'dbls <num>']",
DPnYLyLE_Zd,2025-10-11 08:06:13 WIB,isnievanya,"['benerrrr', 'sudah', 'semingguan', 'ini', 'ya', 'allah', 'seminggu', 'ngangsu', 'min', 'peyok', 'tangan', 'ngangkati', 'galon']",
DPnYLyLE_Zd,2025-10-11 10:47:27 WIB,isnievanya,"['rejosari', 'benowo']",
DPnYLyLE_Zd,2025-10-11 10:56:43 WIB,mayaprmtsr,"['yaallah', 'sedihnya']",
DPnYLyLE_Zd,2025-10-11 11:50:28 WIB,isnievanya,"['masalahnya', 'rumah', 'yg', 'dikampung', 'kok', 'lancar', 'airnya', 'rumah <num>', 'yg', 'pinggir', 'jalan', 'raya', 'mati', 'air']",
DPnYLyLE_Zd,2025-10-11 15:21:59 WIB,mayaprmtsr,"['ini', 'gimana', 'min', 'kelanjutannya', '?', 'aku', 'sdh', 'telfon', 'call', 'center', 'dr', 'subuh', 'smpe', 'jam', 'sgini', 'blm', 'nyala', 'lo', 'area', 'benowo', 'sawah', 'nghambat', 'weh', 'tiap', 'hari', 'kaya', 'gini', 'br', 'nyala', 'kl', 'jam', '<num>', 'malam', 'keatas']",
DPnYLyLE_Zd,2025-10-11 19:06:05 WIB,bellaaristas,"['lah', 'podo', 'di', 'daerah', 'rumah', 'dari', 'pagi', 'sampe', 'sore', 'kecil', 'ga', 'bisa', 'naek', 'ke', 'lantai', '<num>', 'mlm', 'jam', '<num> an', 'pun', 'baru', 'banter', 'sampe', 'subuh', 'jam', '<num>', 'kudu', 'siap', 'air', 'dulu', 'sama', 'siang', 'jam', '<num> jam', '<num> an', 'lumayan', 'banter', 'jadi', 'bisa', 'isi', 'dulu', 'setelah', 'itu', 'balik', 'kecil', 'lagi']",
DPnYLyLE_Zd,2025-10-11 19:37:28 WIB,mayaprmtsr,"['min', 'dari', 'subuh', 'sampai', 'skg', 'air', 'ga', 'nyala', 'blas', 'ini', 'disuruh', 'aktivitas', 'jam', 'brp', '?', 'kok', 'parah', 'bgt', 'udah', 'telf', '<num> x', 'pegawai', 'ga', 'datang <num>', 'di', 'follow', 'up', 'follow', 'up', 'terus']",
DPnYLyLE_Zd,2025-10-11 19:41:02 WIB,stayoddbutgold,"['air', 'dirumah', 'mati', 'terus', 'tiap', 'subuh-malam']",
DPnYLyLE_Zd,2025-10-11 19:48:44 WIB,mayaprmtsr,"['telfon', 'call', 'center', '<num> x', 'dr', 'subuh', 'pun', 'sampai', 'skg', 'blm', 'ada', 'petugas', 'datang', 'untung', 'bukan', 'mermaid']",
DPnYLyLE_Zd,2025-10-14 00:25:35 WIB,danangadi545,"['air', 'didaerah', 'karah', '<num>', 'sering', 'mati']",
DPnEa37E3AX,2025-10-10 10:53:24 WIB,primadia_amanda,"['daerah', 'karah', 'min', 'airnya', 'mati', 'dari', 'semalam', 'gk', 'ada', 'pemberitahuan', 'kah', 'knp', 'airnya', 'mati', '?']",
DPnEa37E3AX,2025-10-11 00:11:42 WIB,raehalfajri17_,"['tolong', 'tolong', 'ini', 'sudah', 'jam', '<num>', 'tidak', 'nyala', 'sama', 'sekali', 'pengaduan', 'suruh', 'lewat', 'dm', 'gak', 'di', 'gubris', 'lewat', 'wa', 'juga', 'engga', 'gak']",
DPnEa37E3AX,2025-10-11 19:46:36 WIB,stayoddbutgold,['preketek'],
DPskeFYk9SU,2025-10-12 15:51:23 WIB,ambarwati7674,"['minkawasan', 'bratang', 'dari', 'pagi', 'tadi', 'air', 'nya', 'kecilll', 'bnaget']",
DPskeFYk9SU,2025-10-12 17:01:02 WIB,ambarwati7674,"['bratang', 'gede', 'pakini', 'sudah', 'agak', 'besar', 'tapi', 'dibanding', 'hari', 'biasa', 'nya', 'belum', 'normal']",
DPpuNpHk_YH,2025-10-11 10:22:36 WIB,irsan.s24,"['min', 'kenapa', 'daerah', 'balongsari', 'airnya', 'mati', 'dari', 'pagi', 'smpai', 'skrang', '?']",
DPpuNpHk_YH,2025-10-11 19:24:30 WIB,isapdam,"['semoga', 'dimudahkan', 'dan', 'dilancarkan', 'pekerjaan', 'rehab', 'dan', 'koneksi', 'pipanyasehat', 'sehat', 'selalu', 'tukang', 'ledeng']",
DPtjXMyE3Kn,2025-10-12 21:16:43 WIB,abyananda17,"['mau', 'sampai', 'kapan', 'air', 'mati-mati', '?']",
DPtjXMyE3Kn,2025-10-13 02:39:08 WIB,ditafirliaa,"['hampir', 'tiap', 'hari', 'mati', 'min']",
DPtjXMyE3Kn,2025-10-13 06:04:43 WIB,nkz_1917,"['gara <num>', 'box', 'culvert']",
DPtjXMyE3Kn,2025-10-13 06:16:27 WIB,beautyy_skinn,"['ya', 'allah', 'mota', 'mati', 'ae', 'miiiin']",
DPtjXMyE3Kn,2025-10-13 06:18:38 WIB,bellaaristas,"['jam', 'segini', 'air', 'udah', 'ga', 'bisa', 'naek', 'lantai', '<num>', 'tiap', 'hari', 'kayak', 'ni', 'min', 'ampun', 'dah', 'daerah', 'pakuwon', 'indah', 'surabaya', 'barat']",
DPtjXMyE3Kn,2025-10-13 06:25:17 WIB,annishafs,"['yaallah', 'min', 'ini', 'mati', 'lg', '?', '?', '?', 'di', 'saat', 'orang <num>', 'mau', 'kerja', 'malah', 'mati', 'mau', 'sampe', 'kapan', 'se', 'gini', 'terus', 'kok', 'sukanya', 'mempersulit', 'urusan', 'orang']",
DPtjXMyE3Kn,2025-10-13 06:38:58 WIB,rmayangd,"['again', '?', 'wow', 'amazing']",
DPtjXMyE3Kn,2025-10-13 07:34:00 WIB,kesurabaya,"['area', 'bratang', 'dan', 'ngagel', 'airnya', 'mati', 'kenapa', 'ya', '?']",
DPtjXMyE3Kn,2025-10-13 07:53:13 WIB,rejja.aradika,"['banyu', 'keruh', 'di', 'wonosari', 'besar']",
DPtjXMyE3Kn,2025-10-13 07:57:38 WIB,dyahnaw,"['sampai', 'sekarang', 'masih', 'mati', 'luar', 'biasa', 'memang']",
DPtjXMyE3Kn,2025-10-13 09:26:29 WIB,momohair_mua,"['aduh', 'alamak', 'galon', 'lagi', 'dung']",
DPtjXMyE3Kn,2025-10-13 09:55:43 WIB,rii.roo,"['estimasi', 'kapan', 'nyala', '?', 'tolong', 'bisa', 'dipercepat']",
DPtjXMyE3Kn,2025-10-13 09:57:02 WIB,rii.roo,"['percuma', 'mnt', 'air', 'tangki', 'gratis', 'ngga', 'dikirim', 'bisa', 'ga', 'tanpa', 'kita', 'minta', 'sudah', 'disediakan', 'dan', 'disalurkan', 'ke', 'daerah', 'yg', 'terdampak', '?']",
DPtjXMyE3Kn,2025-10-13 10:18:04 WIB,arsitadesi,"['kok', 'gak', 'ada', 'update', 'informasi', 'pengerjan', 'ya', '?', 'mau', 'nyala', 'jam', 'berapa', 'ini']",
DPtjXMyE3Kn,2025-10-13 10:20:11 WIB,aloysiushermanto,"['untuk', 'pengerjaan', 'yg', 'wisma', 'pagesangan', 'kurang', 'berapa', 'meter', 'min', '?']",
DPtjXMyE3Kn,2025-10-13 10:50:52 WIB,ifa_nurwahyuni,"['untuk', 'pengerjaan', 'pergeseran', 'pipa', 'ini', 'masih', 'kurang', 'berapa', 'meter', 'min', '?', 'kira <num>', 'sampai', 'jam', 'berapa', '?']",
DPtjXMyE3Kn,2025-10-13 17:24:17 WIB,nabilauww_,"['kok', 'gak', 'ada', 'update', 'info', 'pengerjaan', 'di', 'daerah', 'karah', 'ya', '?', 'ini', 'air', 'nya', 'mati', 'nyala', 'jam', 'berapa', 'ini']",
DPtjXMyE3Kn,2025-10-13 19:18:49 WIB,dimanasajakerja,"['air', 'hanya', 'ngalir', 'di', 'depan', 'sajahadeee', 'dari', 'tadi', 'siang']",
DPtjXMyE3Kn,2025-10-14 15:53:07 WIB,jastipbahagia,"['hampir', 'tiap', 'hari', 'air', 'mati', 'dari', 'jam', '<num>', 'pagi', 'sampai', '<num>', 'sore']",
DPtjXMyE3Kn,2025-10-14 16:30:49 WIB,budiwiratmo,"['aduh', 'pdam', 'gayungsari', 'barat', 'area', 'sekitar', 'resto', 'kampoeng', 'steak', 'saat', 'ini', 'ada', 'yg', 'bingung', 'tampungan', 'air', 'di', 'rumahnya', 'sudah', 'mau', 'habis', 'tiap', 'hari', 'mati', 'nyala', 'airnya', 'nyala', 'pun', 'cuma', 'beberapa', 'jam', 'ehh', 'mati', 'lagi', 'dan', 'kalau', 'nyala', 'ada', 'aja', '<num> <num>', 'rumah', 'yang', 'tetap', 'mati', 'tidak', 'kebagian', 'air', '?', 'tolong', 'bantu', 'kami', 'pdam']",
DPtjXMyE3Kn,2025-10-15 06:53:14 WIB,budiwiratmo,"['siap', 'terima', 'kasih', 'banyak', 'buat', 'kawan <num>', 'pdam', 'yg', 'sudah', 'peduli', 'berjuang', 'menyelesaikan', 'keluhan', 'kami', 'semangat']",
DPks4hKE3et,2025-10-09 15:59:41 WIB,bakulgedangsusu,"['mbayar', 'gaoleh', 'telat', 'banyu', 'mati', 'bolak', 'balik']",
DPks4hKE3et,2025-10-09 16:01:47 WIB,donny.wm,"['woi', 'jangan', 'asal', 'matiin', 'air', 'tanpa', 'pemberitahuan', 'air', 'kebraon', 'mati', 'asem', 'sudah', 'berulang', 'kali', 'kyk', 'gini', 'terus']",
DPks4hKE3et,2025-10-09 16:02:16 WIB,bakulgedangsusu,"['wes', 'gausah', 'aplikasi <num>', 'seng', 'ruwet', 'aduan', 'masyarakat', 'melalui', 'sosmed', 'wes', 'podo', 'ae']",
DPks4hKE3et,2025-10-09 16:04:48 WIB,bakulgedangsusu,"['koyo', ""'"", 'e', 'lagi', 'nggarap', 'ndek', 'cidek', 'warteg', 'cuma', 'yoo', 'infoen', 'reekk']",
DPks4hKE3et,2025-10-09 16:09:02 WIB,melvina_jch,"['kebraon', 'air', 'mati', 'beberapa', 'hari', 'ini', 'air', 'juga', 'kluar', 'kecill', 'sekali']",
DPks4hKE3et,2025-10-09 16:09:34 WIB,karunia_ayu_mukti,"['pakleeekkkebraon', 'airnya', 'mati']",
DPks4hKE3et,2025-10-09 16:14:38 WIB,fajaradisulaksonosemm,"['nang', 'kemlaten', 'sawah', 'mbongkar', 'got', ""ketok'ane"", 'nang', 'warteg', 'ngarungi', 'lempung', 'tok']",
DPks4hKE3et,2025-10-09 16:15:35 WIB,fajaradisulaksonosemm,"['kebraon', 'pada', 'sore', 'hari', 'ini', 'air', 'padam', 'kapan', 'selesai', 'dan', 'normalisasi', '?']",
DPks4hKE3et,2025-10-09 16:33:26 WIB,bakulgedangsusu,"['suwon', 'infone', 'ndan', 'admin', ""'"", 'e', 'ilang', 'dalan', ""'"", 'e']",
DPks4hKE3et,2025-10-09 16:40:12 WIB,devanjasmara,"['cek', 'dm', 'minnn']",
DPks4hKE3et,2025-10-09 16:57:49 WIB,ranie.albani,"['kebraon', 'air', 'matiiii', 'pakkkkk', 'bbrp', 'hari', 'mengalir', 'kecilllltdk', 'semua', 'punya', 'tandon', 'pak', 'mana', 'skrg', 'makin', 'mahal', 'aja', 'pak', 'tagihan', 'nya', 'tp', 'pelayanan', 'mirisssssssssssssssss']",
DPks4hKE3et,2025-10-09 19:14:06 WIB,bitsab34,"['tolong', 'dong', 'telat', 'aja', 'kena', 'denda', 'tp', 'kalian', 'telat', 'info', 'aja', 'engga', 'ada', 'tanggung', 'jawabnyaini', 'gimana', 'kebraon', '<num>', 'harian', 'air', 'susah', 'naik', 'aja', 'terus', 'biayanya', 'tolong', 'dong', 'di', 'notice', 'ini', 'yg', 'pada', 'komen <num>', 'jangan', 'diem', 'aja']",
DPks4hKE3et,2025-10-10 04:32:17 WIB,raehalfajri17_,"['karang', 'empat', 'kok', 'airnya', 'gak', 'nyala', 'sama', 'sekali', 'ya', '?']",
DPks4hKE3et,2025-10-10 05:57:33 WIB,rmayangd,"['bukannya', 'ga', 'menghargai', 'yg', 'kerja', 'di', 'lapangan', 'tapi', 'masa', 'sehari', 'aja', 'aliran', 'air', 'lancar', 'hari', 'ini', 'mampet', 'lagi', 'daerah', 'gayungan', 'ada', 'apa', 'lagi', 'kali', 'ini', '?', '?', '?', 'ini', 'masih', 'pagi', 'looo', 'ga', 'ada', 'info', 'update', '?', '?', '?', 'tolong', 'donk', 'ini', 'mengganggu', 'aktifitas']",
DPks4hKE3et,2025-10-10 06:09:39 WIB,rmayangd,"['ini', 'kalau', 'tagihan', 'air', 'tetap', 'tinggi', 'padahal', 'air', 'sering', 'mati', 'aneh', 'sih', 'ya']",
DPks4hKE3et,2025-10-10 06:20:57 WIB,raka.lola,"['halo', 'mimindaerah', 'gayungan', 'airnya', 'mati', 'kok', 'g', 'ada', 'pemberitahuan', '?']",
DPks4hKE3et,2025-10-10 06:45:53 WIB,annishafs,"['ya', 'allah', 'mati', 'lagi', 'airnya', 'sebenernya', 'kalian', 'kerjanya', 'gimanasiiiiii']",
DPks4hKE3et,2025-10-10 08:03:37 WIB,nabilauww_,"['karah', 'ada', 'perbaikan', 'atau', 'ada', 'yg', 'bocor', 'min', '?', 'kok', 'airnya', 'pagi', 'ini', 'tiba', 'tiba', 'mati']",
DPks4hKE3et,2025-10-10 08:24:22 WIB,annishafs,"['ya', 'masa', 'terus <num> an', 'kak', '?', 'kemarin', 'udah', 'bagus', 'nyala', 'eh', 'skrg', 'mati', 'lg', 'tanpa', 'pemberitahuan', 'semua', 'kerjaan', 'jadi', 'terhambat']",
DPks4hKE3et,2025-10-10 09:35:07 WIB,miftachul_retna,"['air', 'di', 'jambangan', 'mati', 'bisa', 'ga', 'sih', 'klo', 'ada', 'proyek', 'kyk', 'gini', 'gak', 'mengganggu', 'konsumen', 'bayar', 'loh', 'kita', 'inu']",
DPks4hKE3et,2025-10-10 09:40:43 WIB,annishafs,"['terus', 'kapan', 'ini', 'nyalanya', '?', 'hampir', 'seminggu', 'loh', 'ya', 'gangguan', 'air', 'terus', 'giliran', 'kapor', 'lewat', 'wa', 'eh', 'baru', 'dateng', '<num>', 'hari', 'kemudian', 'kan', 'kasep']",
DPks4hKE3et,2025-10-10 12:32:56 WIB,annishafs,"['mau', 'nampung', 'sebanyak', 'apa', 'kak', '?', 'nampung', 'pake', 'apa', '?', 'sebanyak <num> nya', 'nampung', 'ga', 'cukup', 'jg', 'kak', 'kl', 'dari', 'jam', '<num>', 'udah', 'selesai', 'dan', 'normalisasi', 'aliran', 'ke', 'pelanggan', 'tp', 'sampe', 'saat', 'ini', 'airnya', 'masih', 'mati']",
DPks4hKE3et,2025-10-10 20:08:36 WIB,dyahnaw,"['sudah', 'dua', 'minggu', 'berjalan', 'air', 'mati', 'terus', 'setiap', 'malam', 'kadang', 'sampai', 'siang', 'di', 'daerah', 'wisma', 'pagesangandampak', 'proyek', 'box', 'culvert', 'ke', 'depannya', 'masa', 'terus', 'saja', 'begini', '?', 'proyek', 'box', 'culvert', 'harusnya', 'hati', ""''"", 'dalam', 'bekerja']",
DPks4hKE3et,2025-10-10 22:46:12 WIB,dessyisardy,"['betullll', 'bikin', 'proyek', 'kok', 'nyusanin', 'masyrakat', 'hrusnya', 'dapat', 'refund', 'sih', 'atau', 'gratis', 'bayar', 'pdam', 'sebagai', 'kompensasi', 'masa', 'iya', 'seharian', 'airnya', 'mati', 'debit', 'terlalu', 'kecil']",
DPks4hKE3et,2025-10-10 22:47:30 WIB,raehalfajri17_,"['sudah', 'lwt', 'wa', 'juga', 'dm', 'tolong', 'juga', 'untuk', 'air', 'nyalanya', 'jangan', 'malem', ""''"", 'dulu', 'jam', '<num>', 'malam', 'sudah', 'nyala', 'sekarang', 'jam', 'setengah', '<num>', 'baru', 'nyala', 'saya', 'penampung', 'airnya', 'gak', 'banyak', 'cuma', '<num>', 'liter', 'jadi', 'setiap', 'hari', 'isi']",
DPks4hKE3et,2025-10-11 10:37:41 WIB,annishafs,"['selamat', 'pagi', 'ini', 'udah', 'nyala', 'tp', 'plis', 'bgt', 'bgt', 'jgn', 'mati', 'lagi']",
DPks4hKE3et,2025-10-11 19:47:05 WIB,stayoddbutgold,"['ngene', 'iki', 'proyek', 'negaea', 'korupsi', 'ga', 'tanggap', 'blas', 'mota', 'mati', 'ae']",
DPks4hKE3et,2025-10-13 06:26:17 WIB,annishafs,"['gajadi', 'nyala', 'ini', 'mati', 'lagi', 'hhhhhhhhhhh']",
DPks4hKE3et,2025-10-09 11:02:31 WIB,mhmdrizkyy12._,"['semangat', 'semangattt']",
DPks4hKE3et,2025-10-09 11:10:57 WIB,daienamite,"['kebraon', 'airnya', 'kok', 'ngalirnya', 'jd', 'pelankecil', 'terus', 'akhir <num>', 'ini', 'biasanya', 'kenceng', '\u200d']",
DPks4hKE3et,2025-10-09 12:47:51 WIB,nellis_md,"['daerah', 'tambak', 'pring', 'asem', 'rowo', 'air', 'nya', 'kecil', 'malah', 'ga', 'keluar', 'hari', 'ini', 'knp', 'ya', '?']",
DPks4hKE3et,2025-10-09 14:41:29 WIB,istifaniyah,"['iya', 'betul', 'airnya', 'kecil', 'sekali', 'apalagi', 'klo', 'pagi', 'alirannya', 'sekecil', 'rambut']",
DPks4hKE3et,2025-10-09 15:42:17 WIB,rasvvet,"['kebraon', 'airnya', 'mati', 'lho']",
DPks4hKE3et,2025-10-09 15:43:55 WIB,rizkirahmaw,"['kebraon', 'ada', 'perbaikan', 'atau', 'ada', 'yg', 'bocor', 'min', '?', 'kok', 'ini', 'airnya', 'tiba <num>', 'mati', 'dari', 'pagi', 'kecil', 'sekali', 'mengalirnya', 'ini', 'jam', '<num>', 'bener <num>', 'mati', 'ga', 'mengalir', 'sama', 'sekali', 'mohon', 'infonya', 'min']",
DPks4hKE3et,2025-10-09 15:45:29 WIB,oncemurti,"['pak', 'klo', 'mau', 'matiin', 'air', 'itu', 'ya', 'mbok', 'konfirmasi', 'dl', 'ini', 'kebraon', 'kok', 'tiba', 'tiba', 'mati', 'tanpa', 'ada', 'pemberitahuan']",
DPks4hKE3et,2025-10-09 15:46:56 WIB,ella_nurlailiyah,"['pak', 'kebraon', 'mesti', 'kok', 'mati', 'mati', 'nya', 'mesti', 'waktu', 'orng', 'aktivitas']",
DPks4hKE3et,2025-10-09 15:56:44 WIB,rtika.pm,"['sudah', '<num>', 'hari', 'ini', 'tiap', 'sore', 'kebraon', 'airnya', 'mati', 'lo', 'min']",
DPks4hKE3et,2025-10-09 15:58:17 WIB,bakulgedangsusu,"['kebraon', 'perbaikan', 'nandi', 'maneh']",
DPvFqvZk0Wu,2025-10-13 11:27:24 WIB,nuri1huda,"['ssemoga', 'pekerjaannya', 'lancar', 'dan', 'segera', 'bisa', 'selesai', 'tepat', 'waktu']",
DPvFqvZk0Wu,2025-10-13 11:51:20 WIB,agustini_yow_titin,"['sampe', 'jam', 'brp', 'pak', 'selese', 'nya', '?']",
DPvFqvZk0Wu,2025-10-13 11:54:07 WIB,widyarigga,"['semangat', 'cak', 'david', 'dan', 'tim', 'sehat', 'selalu']",
DPvFqvZk0Wu,2025-10-13 12:27:05 WIB,dyahnaw,"['semoga', 'lancar', 'dan', 'cepat', 'selesai']",
DPvFqvZk0Wu,2025-10-13 13:39:27 WIB,shafaardini,"['airnya', 'kok', 'keruh', 'ya']",
DPvFqvZk0Wu,2025-10-13 16:38:06 WIB,anggachristianhananta,"['semangat', 'mas', 'david', 'dan', 'tim', 'semoga', 'diberikan', 'kelancaran', 'dan', 'kemudahan']",
DPvFqvZk0Wu,2025-10-13 16:41:15 WIB,tkdfigther,"['bambe', 'dukuh', 'menanggal', 'keruh']",
DPvFqvZk0Wu,2025-10-13 17:17:05 WIB,imam_ahmad87,"['pak', 'untuk', 'lokasi', 'tanjungan', 'sumput', 'kok', 'belum', 'lancar', 'airnya']",
DPvFqvZk0Wu,2025-10-13 17:26:29 WIB,novandiaznicko,"['kok', 'wilayah', 'jambangan', 'mati', 'ya', 'airnya', '?', '?']",
DPvFqvZk0Wu,2025-10-13 18:08:29 WIB,dimanasajakerja,"['apa', 'berimbas', 'ke', 'debit', 'air', 'jambangan', 'baru', 'selatan', 'gak', 'ngalir', 'sama', 'sekali', 'di', 'kran', 'depan']",
DPvFqvZk0Wu,2025-10-13 19:09:41 WIB,asnazultifa,"['karah', 'belum', 'normal', 'ini', 'karah', 'karah', 'airnya', 'tidak', 'mengaliirrrrr']",
DPvFqvZk0Wu,2025-10-13 19:43:03 WIB,arumanggiarini_,"['giliran', 'komen', 'positif <num>', 'ditanggapi', 'kalo', 'komen', 'tanya', 'air', 'mati', 'smpe', 'kapan', 'ngga', 'ditanggapi', 'kita', 'cm', 'butuh', 'djawab', 'ngga', 'sih', 'biar', 'tau', 'estimasientah', 'itu', 'tepat', 'ati', 'ngga', 'urusan', 'nanti']",
DPvFqvZk0Wu,2025-10-13 19:45:36 WIB,april_sayogo,"['apakah', 'bisa', 'diinfo', 'yg', 'terdampak', 'mana', 'saja', 'ya', '?']",
DPvFqvZk0Wu,2025-10-13 20:00:31 WIB,dahayubymega,"['karah', 'mati', 'aernyaaa', 'kapan', 'bisa', 'nyala', 'heeii']",
DPvFqvZk0Wu,2025-10-13 20:18:49 WIB,asnazultifa,"['halo', 'sampe', 'kapan', 'ga', 'mengalir', 'ini', '?']",
DPvFqvZk0Wu,2025-10-13 20:58:52 WIB,shafaardini,"['siap', 'terimakasih']",
DPvFqvZk0Wu,2025-10-13 22:54:04 WIB,novita_wilujeng,"['kapan', 'karah', 'ngalir', 'pak', 'habis', 'air']",
DPvFqvZk0Wu,2025-10-13 23:32:57 WIB,dessyisardy,"['perbaikan', 'mati', 'nanti', 'normalisasinya', 'seharian', 'lagi', 'debit', 'kecil', 'bgt', 'jdi', 'gbsa', 'ngalir', 'dengan', 'baik', 'kmrn', 'di', 'wisma', 'pagesangan', 'skrg', 'karah', 'gitu', 'aja', 'terus', 'min', 'tolong', 'dong', 'lebih', 'diperhatikan']",
DPvFqvZk0Wu,2025-10-14 12:19:39 WIB,dimanasajakerja,"['pagi', 'ini', 'air', 'tidak', 'sampai', 'ke', 'dapur', 'selalu', 'di', 'pagi', 'hari', 'baru', 'normal', 'pas', 'siang', 'jam', '<num>']",
DPsLQhhk2I7,2025-10-12 08:15:03 WIB,mhmdrizkyy12._,['jawatimurkuu'],
DPtCTQvk6VT,2025-10-12 16:26:09 WIB,fachryandd,"['wow', 'wow', 'wow']",
DPtCTQvk6VT,2025-10-12 16:29:43 WIB,mhmdrizkyy12._,['serunyooo'],
DPtCTQvk6VT,2025-10-12 16:34:10 WIB,presarioqalamm,"['kerenn', 'bangett']",
DPtCTQvk6VT,2025-10-12 16:50:56 WIB,febiabdillahh,"['ayah', 'selalu', 'support', 'kamu', 'fachry']",
DPtCTQvk6VT,2025-10-12 17:14:05 WIB,nibrassy,"['wahh', 'baru', 'tauu']",
DPtCTQvk6VT,2025-10-12 17:38:45 WIB,rendraxvsn,"['om', 'bangga', 'banget', 'sama', 'kamu', 'le']",
DPtCTQvk6VT,2025-10-12 20:39:07 WIB,akmalreyhnth,"['menarik', 'nih', 'buat', 'warga', 'sby']",
DPtCTQvk6VT,2025-10-13 10:30:59 WIB,sheiraekaa,"['wahh', 'jadi', 'pengen', 'kesana', 'dehh']",
DPtCTQvk6VT,2025-10-13 11:52:55 WIB,widyarigga,"['keren', 'min', 'kontenmu', 'edukatif']",
DPvpp9NExBo,2025-10-13 17:38:22 WIB,novandiaznicko,"['kok', 'di', 'wilayah', 'jambangan', '-', 'ketintang', 'madya', 'airnya', 'mati', 'pak', '?']",
DPvpp9NExBo,2025-10-13 17:57:03 WIB,ivon_tria,"['percuma', 'lapor', 'pdam', 'air', 'keruh', 'dan', 'bau', 'got', 'berbulan', 'bulan', 'tidak', 'diatasi', 'bayar', 'tagihan', 'telat', 'langsung', 'd', 'denda']",
DPvpp9NExBo,2025-10-13 18:08:23 WIB,primadia_amanda,"['air', 'daerah', 'karah', 'mati', 'lagi', 'min', 'mohon', 'info']",
DPvpp9NExBo,2025-10-13 19:01:55 WIB,asnazultifa,"['ayo', 'min', 'di', 'jawab', 'kapan', 'ini', 'mengalirnya', 'ga', 'mandi', 'ini', 'pulang', 'kerja', 'menyebalkan']",
DPvpp9NExBo,2025-10-13 19:41:19 WIB,arumanggiarini_,"['ayo', 'dijawab', 'donkini', 'air', 'mati', 'smpe', 'kapan', '?', '?', 'daerah', 'karahjambangan', '?', '?']",
DPvpp9NExBo,2025-10-13 21:42:18 WIB,kanszarra,"['besok', 'pagi', 'uda', 'bisa', 'belum', 'pak', 'daerag', 'ketintang', 'karah', '?', '?']",
DPvpp9NExBo,2025-10-13 23:03:13 WIB,annishafs,"['iyaaa', 'matinya', 'sampe', 'kapan', '?', 'seminggu', 'kemaren', 'udah', 'mati', 'lo']",
DPvpp9NExBo,2025-10-13 23:09:21 WIB,annishafs,"['pipa', 'bocor', 'bolak', 'balik', 'emang', 'ga', 'belajar', 'dr', 'kesalahan', 'kah', '?']",
DPvpp9NExBo,2025-10-13 23:32:16 WIB,annishafs,"['terus', 'tanggung', 'jawab', 'kalian', 'apa', 'kepada', 'pelanggan', 'yg', 'terdampak', '?']",
DPvpp9NExBo,2025-10-14 00:06:14 WIB,primadia_amanda,"['terimakasih', 'min', 'semoga', 'sehat', 'selalu', 'bapak <num>', 'pekerja', 'usul', 'aja', 'sih', 'min', 'mungkin', 'bisa', 'dikasih', 'peta', 'pipa', 'pdam', 'yg', 'melintasi', 'area', 'galian', 'biar', 'hati <num>', 'jg', 'bapak <num>', 'yg', 'gali']",
DPvpp9NExBo,2025-10-14 07:02:21 WIB,dimanasajakerja,"['sudah', 'sebulan', 'tiap', 'pagi', 'jam', '<num>', 'sd', '<num>', 'siang', 'air', 'tidak', 'sampai', 'dapur', 'trus', 'aktifitas', 'dapur', 'kapan', '?', 'kualitas', 'air', 'hanya', 'bisa', 'dipakai', 'mandi', 'dan', 'cuci', 'piring', '-', 'jambangan', 'baru', 'selatan', 'dan', 'sekitarnya']",
DPvpp9NExBo,2025-10-15 07:47:07 WIB,dimanasajakerja,"['hari', 'ini', 'aliran', 'tidak', 'sampai', 'ke', 'belakang', 'masa', 'tiap', 'hari', 'seperti', 'ini', 'cuci', 'piringnya', 'gmn', '?', 'dapur', 'iso', 'kemproh', 'lek', 'gak', 'ndang', 'dicandak', 'kualitas', 'air', 'berminyak']",
DPjCaGKjle0,2025-10-08 19:19:57 WIB,mhmdrizkyy12._,"['keren', 'banget', 'pdam']",
DPjCaGKjle0,2025-10-08 19:24:13 WIB,rizqiamrii,['alhamdulillah'],
DPjCaGKjle0,2025-10-08 19:59:36 WIB,isnievanya,"['min', 'dari', 'minggu', 'kmrn', 'tiap', 'pagi', 'air', 'mati', 'hari', 'ini', 'dari', 'pagi', 'sampe', 'sekarang', 'gak', 'ngalir <num>', 'tetangga', 'kanan', 'kiri', 'air', 'nya', 'juga', 'mati', 'min', 'lokasi', 'rejosari', 'selatan', 'smpn', '<num>', 'surabaya', 'korahan', 'piringku', 'numpuk', 'min']",
DPjCaGKjle0,2025-10-11 08:08:03 WIB,isnievanya,"['walah', 'min', 'wes', 'seminggu', 'lha', 'sampe', 'kapan', 'ngene', 'min', 'kampung', 'mburi', 'air', 'e', 'lancar', 'omah', 'pinggir', 'embong', 'mati', 'karepe', 'pie', 'seminggu', 'ngangsu', 'gempor', 'tangan', 'ngangkati', 'galon', 'ngene', 'suk', 'mbayare', 'tetep', 'akeh', 'dzolim', 'iku', 'jeneng', 'e', 'min']",
DPxtYS3E2LB,2025-10-14 13:18:16 WIB,mhmdrizkyy12._,['josjisss'],
DPye4yzk-TI,2025-10-14 19:47:52 WIB,cholil_zaenuri,"['min', 'bulak', 'banteng', 'baru', 'daripagi', 'airnya', 'gak', 'nyala', 'sampe', 'skrg']",
DPye4yzk-TI,2025-10-15 06:08:51 WIB,primadia_amanda,"['kenapa', 'daerah', 'karah', 'mati', 'lagi', 'airnya', 'pagi', 'ini', 'ya', 'min', '?', 'kemarin', 'udh', 'nyala', 'sekarang', 'mati', 'lagi']",
DPye4yzk-TI,2025-10-15 08:58:55 WIB,griya69.id,"['info', 'nomer', 'yang', 'bisa', 'di', 'hungi', 'hoe']",
DPye4yzk-TI,2025-10-15 08:59:09 WIB,griya69.id,"['ngasih', 'nomer', 'yg', 'bales', 'ai', 'semua']",
DPye4yzk-TI,2025-10-15 09:51:24 WIB,annishafs,"['duh', 'kak', 'kemaren', 'katanya', 'udah', 'selesai', 'trs', 'skrg', 'msh', 'di', 'perbaiki', 'mau', 'sampe', 'kapan', 'se', 'mati', 'terus', 'itu', 'hhhhhh']",
DPfZkBJEwxX,2025-10-07 10:12:24 WIB,r32a_way,"['koreksi', 'min', '<num>', 'oktober', 'itu', 'bukan', 'senin', 'tp', 'hari', 'ahadminggu']",
DPfZkBJEwxX,2025-10-07 10:54:01 WIB,gagahkusumadinatha,"['pdam', 'tolong', 'bantu', 'saya', 'air', 'di', 'rumah', 'mati']",
DPfOgRpE4MY,2025-10-07 07:45:01 WIB,fitri_diaahhh,"['knp', 'info', 'nya', 'mendadak', 'sekaliminimal', 'h <num>', 'donk']",
DPfOgRpE4MY,2025-10-07 08:14:32 WIB,yuliagigikita,"['mendadak', 'pemberitahuannya', 'dari', 'pagi', 'udah', 'nggk', 'keluar', 'airnya', 'min']",
DPfOgRpE4MY,2025-10-07 08:42:41 WIB,nndyasav,"['halo', 'min', 'daerah', 'karah', 'di', 'surabaya', 'selatan', 'kok', 'air', 'nya', 'mati', 'ya', 'kenapa']",
DPfOgRpE4MY,2025-10-07 08:52:02 WIB,triszavia,"['min', 'sampai', 'kapan', 'ini', '?']",
DPdPpqFEwnS,2025-10-06 15:21:37 WIB,chintyacyndcyndt,"['kebraon', 'mati', 'ya', 'min', '?']",
DPdPpqFEwnS,2025-10-06 21:03:38 WIB,chintyacyndcyndt,"['sdh', 'nyala', 'min']",
DPdPpqFEwnS,2025-10-07 04:33:17 WIB,nur_saraya7,"['ini', 'daerah', 'bulak', 'sampai', 'jam', 'brp', 'ya', '?']",
DPdPpqFEwnS,2025-10-07 06:17:17 WIB,cakbe_jr,"['selasa', 'pagi', 'ini', 'blm', 'jg', 'ada', 'air']",
DPdPpqFEwnS,2025-10-07 08:18:50 WIB,cakbe_jr,"['area', 'bulak', 'setro']",
DPdPpqFEwnS,2025-10-07 10:03:54 WIB,nur_saraya7,"['tadi', 'sdh', 'nyala', 'airnya', 'skrg', 'kok', 'mampet', 'lagi', '?', '?']",
DPdPpqFEwnS,2025-10-07 10:25:49 WIB,nur_saraya7,"['sdh', 'nyala', 'lagi', 'terima', 'kasih']",
DPdPpqFEwnS,2025-10-07 14:08:14 WIB,fuad_eskrim_buku,"['sudah', 'selesai', 'tapi', 'siang', 'gak', 'ngalir', 'juga', 'min']",
DPdPpqFEwnS,2025-10-07 17:47:04 WIB,yulia.harini,"['minbulak', 'belum', 'normal', 'air', 'belum', 'mengalir']",
DPdPpqFEwnS,2025-10-07 19:27:20 WIB,arn_d_laugner,"['bulak', 'setro', 'kok', 'belum', 'nyala', 'ya', 'min']",
DPdPpqFEwnS,2025-10-07 20:27:01 WIB,vicka_luvv07,"['bulak', 'kali', 'tinjang', 'air', 'belum', 'keluar', 'udah', 'hampir', '<num> jam']",
DPf2hmmDtCm,2025-10-07 13:24:58 WIB,rii.roo,"['gmn', 'ini', 'tanggung', 'jawabnya', 'bapakibu', 'yg', 'terhormat', 'sudah', 'lebih', 'dari', '<num>', 'jam']",
DPf2hmmDtCm,2025-10-07 14:04:19 WIB,rmayangd,"['dari', 'semalam', 'mati', 'dilanjut', 'siang', 'ini', 'hebat']",
DPf2hmmDtCm,2025-10-07 14:15:27 WIB,rii.roo,"['lah', 'iyaa', 'kok', 'bisa', 'bocor', '<num>', 'selesai', 'jam', '<num>', 'air', 'bocor', 'setinggi', 'itu', 'dan', 'baru', 'di', 'respon', 'jam', '<num>']",
DPf2hmmDtCm,2025-10-07 14:18:30 WIB,a.paramita_s,"['bu', 'ini', 'kayaknya', 'krn', 'protek', 'goronh <num> nya', 'pak', 'yg', 'mbuh', 'pekerjanya', 'area', 'menanggal', 'muesti', 'ga', 'beres', 'krn', 'tak', 'iteni', 'setiap', 'ada', 'proyek', 'galiane', 'eri', 'mesti', 'bocor', 'kayak', 'mereka', 'ga', 'paham', 'di', 'situbada', 'karingan', 'pipa', 'apa', 'aja', 'dgn', 'jarak', 'brp <num> nya']",
DPf2hmmDtCm,2025-10-07 23:35:29 WIB,ardiana.arraz_,"['lagian', 'masang', 'gorong <num>', 'nak', 'kunu', 'cek', 'opo', 'ga', 'ga', 'lak', 'banjir', 'e', 'sak', 'dukur', 'e', 'omh']",
DPf2hmmDtCm,2025-10-08 08:39:51 WIB,ardiana.arraz_,"['ndang', 'uripno', 'pak', 'waduh', 'gak', 'mari <num>', 'ae']",
DPgdsBmDqNh,2025-10-07 22:20:47 WIB,mhmdrizkyy12._,"['bermanfaat', 'bget']",
DPgdsBmDqNh,2025-10-08 09:21:23 WIB,kharistiano28,"['keren', 'edukatif', 'buat', 'pelanggan', 'nih', 'min']",
DPgdsBmDqNh,2025-10-08 16:06:25 WIB,muhamadgozalirachman,"['sore', 'kak', 'air', 'pdam', 'daerah', 'taman', 'pondok', 'indah', 'kok', 'mati', 'air', 'nya', 'gak', 'ada', 'informasi', 'nya', 'kak', 'kenapa', 'ya', 'kak', '?']",
DPgdsBmDqNh,2025-10-08 16:30:23 WIB,andrawibisono,"['ini', 'di', 'benowo', 'air', 'gk', 'nyala', 'mohon', 'infonya']",
DPgdsBmDqNh,2025-10-08 17:05:54 WIB,muhamadgozalirachman,"['udh', 'nyala', 'kak', 'brsan', 'kak']",
DPgdsBmDqNh,2025-10-08 17:21:58 WIB,damar_dafi,"['kemlaten', 'kebraon', 'mati', 'dari', 'pagi', 'haloooo']",
DPgdsBmDqNh,2025-10-08 17:36:30 WIB,muhamadgozalirachman,"['udah', 'nyala', 'kak', 'makasih', 'banyak', 'kak']",
DPgdsBmDqNh,2025-10-08 18:39:35 WIB,oeschar,"['halo', 'min', 'ini', 'air', 'ga', 'nyala', 'lagi', 'ya', 'di', 'daerah', 'benowo', 'kira-kira', 'sampai', 'berapa', 'lama', 'lagi', 'sampai', 'nyala', '?', 'mohon', 'informasinya']",
DPgdsBmDqNh,2025-10-09 16:03:20 WIB,bakulgedangsusu,"['kebraon', 'matek', 'terooosss', 'gaonok', 'info']",
DPgdsBmDqNh,2025-10-10 04:33:04 WIB,listyoningrum,"['gayungsari', 'mati', 'lagi', 'kenapa', 'min', '?']",
DPgdsBmDqNh,2025-10-10 06:52:36 WIB,dyahnaw,"['wisma', 'pagesangan', 'dan', 'sekitarnya', 'mati', 'lagii', 'mulai', 'tadi', 'malam', 'jam', '<num> an', 'sampai', 'sekarang', 'tidak', 'keluar', 'air', 'sama', 'sekali']",
DPdt0yCkycf,2025-10-06 18:38:16 WIB,dyahnaw,"['allahu', 'akbar']",
DPdt0yCkycf,2025-10-07 05:55:33 WIB,dyahnaw,"['apakah', 'sudah', 'selesai', 'perbaikannya', '?']",
DPdt0yCkycf,2025-10-07 06:03:19 WIB,rmayangd,"['masih', 'ga', 'keluar', 'daerah', 'gayungan', 'ini', 'gimana', 'mandi', 'orang', 'rumah']",
DPdt0yCkycf,2025-10-07 08:27:07 WIB,annishafs,"['jambangan', 'sampe', 'skrg', 'mati', 'pet', 'ga', 'keluar', 'air', 'ini', 'gimana', 'ya']",
DPdt0yCkycf,2025-10-07 08:36:39 WIB,angger_jengger,"['tolong', 'ga', 'keluar', 'sampe', 'sekarang', 'tolong', 'donk', 'bagian', 'humaspr', 'jikalau', 'ada', 'perbaikan', 'sosialisasinya', 'ga', 'hanya', 'di', 'sosial', 'media', 'krn', 'ga', 'smua', 'follow', 'insta', 'pdam', 'kalau', 'bs', 'sosialisasinya', 'di', 'tmpt', 'terdampak', 'dan', 'jg', 'ksi', 'solusi', 'dan', 'ga', 'smua', 'pny', 'water', 'tank', 'sy', 'komen', 'krn', 'sy', 'feel', 'sorry', 'sm', 'tetangga', 'yg', 'harus', 'jalan', 'ke', 'tmpt', 'sy', 'angkut', 'air', 'pdhl', 'org', 'tua', 'makasi', 'mohon', 'bekerja', 'lebih', 'bijak']",
DPdt0yCkycf,2025-10-07 12:11:40 WIB,dyahnaw,"['di', 'depan', 'warung', 'sayur', 'masih', 'bocor', 'pak']",
DPdt0yCkycf,2025-10-07 12:46:31 WIB,rarirurero19,"['perbaikan', 'di', 'menanggal', 'depan', 'toko', 'plastik', 'itu', 'apakah', 'sdh', 'ada', 'tukang', 'perbaikannya', 'ya', '?', 'kok', 'airnya', 'mancur', 'dari', 'pipa', 'tp', 'gada', 'yg', 'benerin', '?', 'nunggu', 'smpe', 'jam', 'brp', 'ini', 'yg', 'daerah', 'menanggal']",
DPdt0yCkycf,2025-10-07 12:48:37 WIB,rii.roo,"['bagaimana', 'ini', 'sampai', 'saat', 'ini', 'daerah', 'menanggal', 'tidak', 'keluar', 'sama', 'sekali', 'tolong', 'dong', 'kerjasamnyaa']",
DPdt0yCkycf,2025-10-07 12:53:01 WIB,astriratiiih,"['kasihan', 'orang <num>', 'apalagi', 'anak <num>', 'dan', 'lansia <num>', 'yg', 'dirumah', 'butuh', 'air', 'buat', 'kebutuhannya', 'tolonglah', 'daerah', 'yg', 'menanggal', 'segera', 'diperbaiki']",
DPf-U2djmLw,2025-10-08 05:07:54 WIB,anitaoffice2025,"['pagi', 'ini', 'gayungkebonsari', 'dalam', 'juga', 'mati', 'lagi', 'sudah', '<num>', 'hari', 'berturut', 'turut', 'mohon', 'bantuannya']",
DPf-U2djmLw,2025-10-08 06:23:26 WIB,rmayangd,"['edyan', 'dari', 'selasa', 'malam', 'sampe', 'pagi', 'ini', 'kacau', 'semua', 'urusan', 'permandian', 'dan', 'urusan', 'rumah']",
DPf-U2djmLw,2025-10-08 07:03:48 WIB,momohair_mua,"['ya', 'allah', 'beli', 'galon', 'lagi']",
DPf-U2djmLw,2025-10-08 07:27:54 WIB,dyahnaw,"['masih', 'belum', 'keluar', 'airnya', '?']",
DPf-U2djmLw,2025-10-08 07:28:59 WIB,yaniwardhani1,"['astaga', 'min', 'ini', 'kebraon', 'kenapa', 'mati', 'lagi', 'dari', 'kemarin', 'gak', 'ada', 'pengumumannya', 'juga', 'kita', 'bayar', 'gak', 'pernah', 'telat', 'tp', 'jarang', 'mandi', 'mota', 'mati', 'ae', 'minnnn']",
DPf-U2djmLw,2025-10-08 09:10:57 WIB,rmayangd,"['ok', 'makasih', 'ya', 'semoga', 'ga', 'da', 'gini <num>', 'lagi', 'repot', 'semua', 'makasih', 'buat', 'tim', 'yg', 'di', 'lapangan']",
DPf-U2djmLw,2025-10-08 09:53:04 WIB,miftachul_retna,"['jambangan', 'air', 'mati', 'dan', 'berpasir', 'gak', 'layak', 'pakai', 'gimana', 'ini', 'min']",
DPf-U2djmLw,2025-10-08 10:59:46 WIB,rockafellaz_kliwon,"['tenane', 'kok', 'msh', 'blm', 'ngalir', 'air', 'nya', '?', '?']",
DPf-U2djmLw,2025-10-08 11:44:53 WIB,kaarenoka,"['min', 'kenapa', 'tiap', 'pagi', 'dari', 'hari', 'selasa', 'air', 'mati', 'ya', '?', 'gangguan', 'seperti', 'ini', 'sampai', 'kapan', '?', 'di', 'jalan', 'gayung', 'kebonsari', 'manunggal']",
DPf-U2djmLw,2025-10-08 12:29:25 WIB,mie.bang.minul,"['air', 'di', 'gayungsari', 'barat', 'masih', 'kotor', 'dan', 'keruh', 'sampai', 'kapan', 'ini', 'min']",
DPf-U2djmLw,2025-10-08 12:41:25 WIB,annishafs,"['jambangan', 'belum', 'kak']",
DPf-U2djmLw,2025-10-08 14:21:14 WIB,kaarenoka,"['kurang', 'tau', 'min', 'saya', 'lagi', 'dikantor', 'ntar', 'sore', 'coba', 'saya', 'pastikan', 'lagi']",
DPf-U2djmLw,2025-10-08 16:36:59 WIB,rockafellaz_kliwon,['menanggal'],
DPf-U2djmLw,2025-10-08 16:52:13 WIB,annishafs,"['stop', 'krannya', 'sudah', 'posisi', 'terbuka', 'tetangga', 'jg', 'blm', 'keluar']",
DPf-U2djmLw,2025-10-08 17:12:22 WIB,dhanis.an,"['info', 'daerah', 'benowo', 'air', 'mati', 'lagi', 'ya', 'min', '?']",
DPf-U2djmLw,2025-10-08 22:29:10 WIB,b11waa,"['air', 'terpantau', 'mati', 'lagi', 'tolong', 'update', 'kondisi', 'share', 'info', 'ya', 'kalo', 'air', 'mati', 'biar', 'aware', 'dan', 'bisa', 'siapin', 'air']",
DPf-U2djmLw,2025-10-08 22:29:23 WIB,astriratiiih,"['hallo', 'mati', 'lagi', 'nih', 'daerah', 'menanggal']",
DPf-U2djmLw,2025-10-08 22:49:04 WIB,rii.roo,"['ini', 'kenapa', 'sekarang', 'mati', 'lagi', '?', 'tidak', 'ada', 'pemberitahuan']",
DPf-U2djmLw,2025-10-08 22:53:41 WIB,ansty_08,"['min', 'hari', 'ini', 'apa', 'mati', 'lagi', 'airnya', 'daerah', 'bambe', 'dukuh', 'menanggal']",
DPf-U2djmLw,2025-10-09 20:35:27 WIB,treestywardhani,"['kebraon', '<num>', 'hari', 'air', 'mati']",
DPf-U2djmLw,2025-10-09 23:50:55 WIB,dyahnaw,"['air', 'setiap', 'malam', 'mati', 'ketika', 'telpon', 'call', 'center', 'selalu', 'tidak', 'bisa', 'bagaimana', 'ini']",
DPf-U2djmLw,2025-10-10 19:01:36 WIB,asnazultifa,"['ini', 'karah', 'air', 'mati', 'miin']",
DPf-U2djmLw,2025-10-18 18:02:25 WIB,bakri_a.a.k,"['sampe', 'kapan', 'to', 'kaya', 'gini', '?', '?', '?', 'mau', 'nyuci', 'baju', 'aja', 'tunggu', 'jam', '<num> malam', 'dulu']",
DPf-U2djmLw,2025-10-18 18:04:10 WIB,bakri_a.a.k,"['tgl', '<num>', 'magrib', 'tadi', 'udah', 'habis', 'keluar', 'air', 'lagi', 'jam', 'stgh <num>', 'nanti']",
DPf-U2djmLw,2025-10-07 15:19:43 WIB,shafaardini,"['setiap', 'hari', 'mati', 'hmm', 'luar', 'biasa']",
DPf-U2djmLw,2025-10-07 15:48:59 WIB,dyahnaw,"['pak', 'gara', ""''"", 'proyek', 'box', 'culvert', 'ini', 'pak', 'menyusahkan', 'warga']",
DPf-U2djmLw,2025-10-07 15:55:27 WIB,rii.roo,"['lagii', '?', 'luar', 'biasaa', 'ini']",
DPf-U2djmLw,2025-10-07 15:56:01 WIB,cahayaningrum,"['matinya', 'udah', 'dari', 'hari', 'selasa', 'dini', 'hari', 'bukan', 'selasa', 'jam', '<num>']",
DPf-U2djmLw,2025-10-07 15:56:20 WIB,arsitadesi,"['bukannya', 'tadi', 'dinyatakan', 'selesai', '?']",
DPf-U2djmLw,2025-10-07 16:41:36 WIB,dyahnaw,"['nanti', 'malam', 'mati', 'lagi', 'mbak']",
DPf-U2djmLw,2025-10-07 16:53:52 WIB,cahayaningrum,"['lha', 'ya', 'mbakakal <num> an', 'di', 'kasih', 'flyer', 'gangguan', 'baru', 'aslinya', 'ya', 'dari', 'dini', 'hari', 'tadi', 'sekarang', 'nyala', 'cuma', 'bisa', 'di', 'depan', 'doank', 'itupun', 'sebesar', '<num>', 'lidi', 'para', 'lansia', 'yang', 'tdk', 'punya', 'tandon', 'kan', 'kasian', 'banget', 'masak', 'iya', 'disuruh', 'angkut <num>']",
DPf-U2djmLw,2025-10-07 17:36:30 WIB,aleeansea,"['min', 'kebraon', 'kenapa', 'lagi', '?', 'kok', 'mati', 'tiba <num>']",
DPf-U2djmLw,2025-10-07 18:01:21 WIB,ella_nurlailiyah,"['haduh', 'kebraon', 'lagi']",
DPf-U2djmLw,2025-10-07 18:23:51 WIB,rtika.pm,"['kebraon', 'kenapa', 'mati', 'tiba <num>', 'min']",
DPf-U2djmLw,2025-10-07 18:36:43 WIB,loeqmansyah,"['kebraon', 'dari', 'siang', 'mati', 'sampai', 'skrg', 'nih', 'apa', 'ada', 'gangguan', '?', '?']",
DPf-U2djmLw,2025-10-07 19:08:05 WIB,dyahnaw,"['bener', 'banget', 'mbak', 'kasian', 'kita', 'mau', 'aktifitas', 'juga', 'terganggu', 'menyebalkan', 'sekali']",
DPf-U2djmLw,2025-10-07 21:29:38 WIB,istifaniyah,"['kebraon', 'air', 'mengecil', 'apa', 'lagi', 'ada', 'perbaikan', 'juga', '?']",
DPf-U2djmLw,2025-10-07 22:29:02 WIB,annishafs,"['ini', 'disuruh', 'tayamum', 'ta']",
DPf-U2djmLw,2025-10-07 22:46:07 WIB,sari_hapsarimaya,"['kapan', 'selesainya', 'ini', '?']",
DPf-U2djmLw,2025-10-07 23:15:23 WIB,riaimarotuz,"['tadi', 'siang', 'saya', 'lewat', 'sudah', 'bocor', 'air', 'pdam', 'nya', 'kemudian', 'antisipasi', 'nandon', 'air', 'langsung', 'sblm', 'pemberitahuan', 'ini']",
DPfpPQSEzUh,2025-10-07 11:32:02 WIB,triszavia,"['min', 'suara', 'jalan', 'lebih', 'kenceng', 'drpd', 'narasumber']",
DPfpPQSEzUh,2025-10-07 11:32:12 WIB,natalinashelvy,"['min', 'daerah', 'jlidro', 'sambikerep', 'dr', 'semalam', 'air', 'tdk', 'nyala', 'karena', 'ada', 'pengerjaan', 'bpx', 'culvert', 'sampai', 'kapan', 'ya', 'min', 'tdk', 'nyalanya', '?']",
DPfpPQSEzUh,2025-10-07 11:40:42 WIB,bapakduaanak,"['iki', 'balas', 'klumprik', 'lapo', 'mati', 'maneh', '?', '?', 'pancet', 'ae', 'mateni', 'banyu', 'gak', 'onok', 'infonsak', 'durunge']",
DPfpPQSEzUh,2025-10-07 11:49:19 WIB,exa2809_,"['panjang', 'jiwo', 'masih', 'mati']",
DPfpPQSEzUh,2025-10-07 12:20:04 WIB,aromfirmansyah,"['veteran', 'mati', 'gak', 'dapat', 'air', 'sama', 'sekali']",
DPfpPQSEzUh,2025-10-07 13:53:54 WIB,riduwan_r,"['memang', 'terbaik', 'hari', 'selalu', 'menuju', 'pelayanan', 'terbaik']",
DPfpPQSEzUh,2025-10-07 15:13:48 WIB,aromfirmansyah,"['jln', 'veteran', 'gang', '<num> d', 'no', '<num>', 'kabupaten', 'gresik']",
DPfpPQSEzUh,2025-10-07 19:12:35 WIB,sugengwaluyo60,"['semenjak', 'gg', 'tomat', 'di', 'perbaiki', 'grya', 'kbraon', 'tgh', 'sekarang', 'air', 'nya', 'mengecil']",
DPfpPQSEzUh,2025-10-07 22:19:38 WIB,cabeutifull,"['kebraon', 'mati', 'ta', 'iki', 'boskuuuuuuuuuuuu', 'gasido', 'ngeseng', 'ikiiii', 'heeeee']",
DPfpPQSEzUh,2025-10-09 19:15:49 WIB,ariefizzu89,"['yang', 'saya', 'heran', 'apa', 'pdam', 'tidak', 'punya', 'maps', 'digital', 'untuk', 'di', 'berikan', 'ke', 'pu', 'sebelum', 'mengerjakan', 'agar', 'mengurangi', 'kesalahan', 'galian']",
DPfpPQSEzUh,2025-10-10 20:14:07 WIB,nikkoiswantoro,"['the', 'real', 'urgent', 'yg', 'bs', 'dirasakan']",
DPTAo9MEzo5,2025-10-02 15:53:06 WIB,izulkarn41n,"['lidah', 'kulon', 'jek', 'mati', 'pdam', 'pam', 'ledenge', 'e']",
DPTAo9MEzo5,2025-10-02 15:53:44 WIB,izulkarn41n,"['kaet', 'isuk', 'soboh', 'matek']",
DPTAo9MEzo5,2025-10-02 20:27:30 WIB,komandanhartono66,"['semangat', 'buat', 'teman', 'teman', 'satgas', 'jangan', 'mengeluh', 'dengan', 'pekerjaan']",
DPTAo9MEzo5,2025-10-02 20:44:15 WIB,bellaaristas,"['daerah', 'pakuwon', 'indah', 'surabaya', 'barat', 'airnya', 'ga', 'waras <num>', 'kecil', 'terus', 'ga', 'pagi', 'ga', 'siang', 'ga', 'sore', 'sama', 'aj', '?']",
DPTAo9MEzo5,2025-10-03 06:29:40 WIB,shintaarnt,"['benowo', 'pagi', 'ini', 'kok', 'gk', 'keluar', 'lagi', 'airnya', 'min', '?']",
DPTAo9MEzo5,2025-10-03 06:51:57 WIB,bellaaristas,"['apalagi', 'kalau', 'jam', 'segini', 'pagi', 'siang', 'sore', 'kecil', 'mulu', 'air', 'nya', 'ga', 'bisa', 'naik', 'ke', 'lain', '<num>', 'pak']",
DPTAo9MEzo5,2025-10-03 06:52:26 WIB,bellaaristas,"['lantai', '<num>']",
DPVPGZ9kxVg,2025-10-03 11:11:01 WIB,mhmdrizkyy12._,['wowww'],
DPQjlUpDs0p,2025-10-02 07:22:08 WIB,bagasdwiki,"['iyaa', 'terima', 'kasih', 'mimin', 'sehat', 'sehat', 'buat', 'tim']",
DPQjlUpDs0p,2025-10-02 07:27:57 WIB,latifa.azizaa,"['pakal', 'amd']",
DPQjlUpDs0p,2025-10-02 07:28:44 WIB,latifa.azizaa,"['sudah', 'dm', 'ga', 'dibls']",
DPQjlUpDs0p,2025-10-02 07:31:27 WIB,abdul_rahman_amank,"['sudah', 'nyala', 'min']",
DPQjlUpDs0p,2025-10-02 07:45:45 WIB,garin06,"['alhamdulillah', 'sudah', 'td', 'malam', 'jam', '<num> <num>', 'an']",
DPQjlUpDs0p,2025-10-02 07:53:37 WIB,gheayaya,"['ga', 'usah', 'berharap', 'kompensasi', 'mbak', 'bumd', 'dan', 'bumn', 'selama', 'ga', 'punya', 'saingan', 'bisnis', 'ya', 'gini', 'ini', 'karepe', 'dewe']",
DPQjlUpDs0p,2025-10-02 08:20:54 WIB,bapakduaanak,"['banyumu', 'terpantau', 'gorong', 'munggahbnang', 'daerah', 'sumberan', 'klakuanmu', 'ubahen', 'sak', 'durunge', 'mateni', 'banyu', 'gae', 'perbaikan', 'jaringanmu', ""info'en"", 'disek', 'uwong <num>', 'iki', 'gak', 'nganggur', 'isuk', 'ate', 'nyambut', 'gawe', 'banyu', 'mati', 'fungsine', 'uwong <num>', 'ngefollow', 'akunmu', 'iku', 'pengen', 'ngerti', 'informasi', 'gak', 'klarifikasi', 'iki', 'ta', 'bukti', 'sloganmu', 'gerakcepat', ""opo'ne"", 'seng', 'cepat', '?', '?', 'seng', 'kudune', 'informasi', 'malah', 'dadi', 'klarifikasi', 'ancengoblok']",
DPQjlUpDs0p,2025-10-02 08:32:12 WIB,dewiiiiaaaaaa,"['pakkk', 'kebraon', 'masih', 'mati', 'airnya']",
DPQjlUpDs0p,2025-10-02 08:43:31 WIB,istifaniyah,"['normalisasi', 'itu', 'berapa', 'jam', 'ya', '?', 'ini', 'sudah', '<num>', 'jam', 'masih', 'kecil', 'sekali', 'airnya']",
DPQjlUpDs0p,2025-10-02 08:51:59 WIB,ekahadiyani,"['halo', 'min', 'saya', 'dapat', 'info', 'katanya', 'akan', 'ada', 'kenaikan', 'tarif', 'bulan', 'ini', 'apakah', 'benar', 'dan', 'urgensinya', 'apa', 'ya', 'naik', 'tarif', 'di', 'saat', 'ekonomi', 'seperti', 'ini', '?']",
DPQjlUpDs0p,2025-10-02 09:10:56 WIB,latifa.azizaa,"['sudah', 'saya', 'dm', 'datany', 'ya', 'min']",
DPQjlUpDs0p,2025-10-02 09:17:50 WIB,ira.ch___,"['tapi', 'di', 'rumah', 'saya', 'airnya', 'belum', 'kluar', 'min']",
DPQjlUpDs0p,2025-10-02 10:31:54 WIB,duwiq2805,"['min', 'apakah', 'ada', 'perbaikan', 'krn', 'dr', 'td', 'pagi', 'air', 'di', 'daerah', 'klampis', 'ngasem', 'gang', 'masjid', 'keluarmya', 'sedikit']",
DPQjlUpDs0p,2025-10-02 10:56:53 WIB,loeqmansyah,"['sudah', 'siang', 'gini', 'tak', 'kunjung', 'keluar', 'air', 'ya', 'gmn', 'nihhhhh', 'tagihan', 'naek', 'trus', 'pelayanan', 'malah', 'turun', 'hadehh']",
DPQjlUpDs0p,2025-10-02 20:41:51 WIB,dewirofita,"['baik', 'terima', 'kasih', 'pagi', 'sudah', 'nyala', 'dan', 'bisa', 'aktifitas', 'lagi']",
DPQjlUpDs0p,2025-10-03 02:13:18 WIB,halimacuss,"['min', 'omaku', 'daerah', 'hr', 'muhammad', 'lek', 'mari', 'onok', 'kebocoran', 'trus', 'wes', 'mari', 'diperbaiki', 'ngunu', 'banyune', 'mili', 'terus', 'isuk', 'awan', 'bengi', 'mantap', 'lah', 'tp', 'marungunu', 'ga', 'suwe', 'isuk', 'jam', '<num>', 'wes', 'ga', 'nyala', 'kran', 'dapur', 'ngenteni', 'awan', 'jam', '<num>', 'baru', 'isok', 'mili', 'nak', 'dapur', 'lek', 'ga', 'disanyo', 'ga', 'bakal', 'iso', 'mili', 'ngunuku', 'tanda', 'onok', 'kebocoran', 'ta', 'minnnnn']",
DPQjlUpDs0p,2025-10-03 15:47:52 WIB,muhammadfathurrochman7,"['min', 'tagihan', 'air', 'saya', 'perbulan', 'biasanya', '<num> <num>', 'perbulan', 'tp', 'sejak', 'd', 'ganti', 'meteran', 'yang', 'baru', 'kok', 'jadi', 'kena', '<num>', 'an']",
DPQjlUpDs0p,2025-10-05 15:58:56 WIB,ron_ihidayat,"['<num>', 'mohon', 'bantuannya', 'pak']",
DPQjlUpDs0p,2025-10-02 05:13:37 WIB,earthakelana,"['balas', 'klumprik', 'air', 'matii', 'todak', 'nyala <num>']",
DPQjlUpDs0p,2025-10-02 05:15:06 WIB,loeqmansyah,"['kebraon', 'mati', 'dari', 'semalam', 'ini', 'ngk', 'ada', 'info', 'gangguan', 'dan', 'respon', 'apa', 'yah', '?', '?', '?']",
DPQjlUpDs0p,2025-10-02 05:42:56 WIB,beninghallenda,"['maksud-', 'e', 'opo', 'kebraon', 'air', 'mati']",
DPQjlUpDs0p,2025-10-02 05:45:54 WIB,ella_nurlailiyah,"['woyyy', 'kebraon', 'mati', 'ya', 'opoo', 'iki', 'sampe', 'yamene']",
DPQjlUpDs0p,2025-10-02 05:48:11 WIB,rafixuniverse,"['he', 'kebraon', 'moro', 'moro', 'mati', 'piye', '?', 'wayahe', 'wong', 'makaryo', 'ape', 'adus', 'raiso']",
DPQjlUpDs0p,2025-10-02 06:02:10 WIB,karunia_ayu_mukti,"['mati', 'sampe', 'pondok', 'maritim', 'oiii', 'karang', 'kumplrik', 'timur']",
DPQjlUpDs0p,2025-10-02 06:15:05 WIB,bakulgedangsusu,"['kebraon', 'wooiiii']",
DPQjlUpDs0p,2025-10-02 06:19:35 WIB,melvina_jch,"['kebraon', 'air', 'mati', 'blm', 'nyalah', 'sampai', 'skrg']",
DPQjlUpDs0p,2025-10-02 06:23:36 WIB,berrinarina,"['daerah', 'kebraon', 'surabaya', 'air', 'mati', 'sejak', 'tadi', 'malam', 'sampai', 'hari', 'ini', 'dan', 'tanpa', 'informasi', 'kami', 'bayar', 'nggak', 'pernah', 'terlambat', 'harusnya', 'ada', 'kompensasi', 'buat', 'warga']",
DPQjlUpDs0p,2025-10-02 06:35:26 WIB,fajaradisulaksonosemm,"['untuk', 'pemasangan', 'pipa', 'di', 'kebraon', 'gang', 'tomat', 'selesai', 'dan', 'normalisasi', 'pada', 'pukul', 'berapa', '?']",
DPQjlUpDs0p,2025-10-02 06:37:10 WIB,revian_jovianto,"['yang', 'tidak', 'terdampak', 'kok', 'bisa', 'ikut', 'mati', 'airnya', 'min', 'seperti', 'daerah', 'kebraon', 'dan', 'sekitarnya']",
DPQjlUpDs0p,2025-10-02 06:49:11 WIB,beninghallenda,"['turu', 'ta', 'min', 'kok', 'gak', 'onok', 'respon', '?']",
DPQjlUpDs0p,2025-10-02 07:03:07 WIB,chocomoussecake_,"['pakis', 'gunung', 'sawahan', 'udah', '<num>', 'hari', 'air', 'cuma', 'nyala', 'dijam', '<num>', 'malam', '-', '<num>', 'pagi', 'min', 'mana', 'pas', 'hari', 'pertama', 'gak', 'ada', 'info', 'lagii', 'ini', 'sampai', 'kapan', 'ya', 'min', 'air', 'nyal', 'cuman', '<num>', 'jam', 'sehari']",
DPQjlUpDs0p,2025-10-02 07:12:26 WIB,rafixuniverse,"['oke', 'min', 'thx', 'infonya', 'lain', 'kali', 'jangan', 'mendadak', 'gini', 'min', 'seenggaknya', 'ada', 'info', 'sebelum', 'pemadaman', 'biar', 'kami', 'nandon', 'air', 'terlebih', 'dahulu']",
DPQjlUpDs0p,2025-10-02 07:12:45 WIB,beninghallenda,"['alhamdulillah', 'terimakasih']",
DPQjlUpDs0p,2025-10-01 21:03:23 WIB,ferli.i9,"['min', 'pbi', 'surabaya', 'barat', 'belum', 'menyala']",
DPQjlUpDs0p,2025-10-01 21:34:28 WIB,meida_r_imani,"['pakal', 'air', 'mati', 'lagi']",
DPQjlUpDs0p,2025-10-01 21:36:31 WIB,anggunerviana,"['pakal', 'mati', 'maneh', 'min']",
DPQjlUpDs0p,2025-10-01 21:44:12 WIB,derjoe21,"['sekarang', 'kebraon', 'air', 'mati', 'min']",
DPQjlUpDs0p,2025-10-01 21:49:21 WIB,ranie.albani,"['kebraonnn', 'saat', 'ini', 'air', 'matiiitarif', 'air', 'meningkat', 'tp', 'air', 'sering', 'kecillllll', 'solusinyaaa', 'apa', 'ini']",
DPQjlUpDs0p,2025-10-01 21:49:38 WIB,sudahpagikopi.id,"['kebraon', 'mendadak', 'mati', 'pet', 'piye', 'min', '?']",
DPQjlUpDs0p,2025-10-01 21:56:29 WIB,belindayohana,"['saya', 'tlp', 'call', 'center', 'katanya', 'belum', 'ada', 'pemberitahuan', 'air', 'mati', 'ini', 'dri', 'kmrin', 'mati', 'terus', 'di', 'pakal', 'benowo']",
DPQjlUpDs0p,2025-10-01 22:01:31 WIB,abdul_rahman_amank,"['air', 'pdam', 'di', 'pakal', 'mati', 'lagi', 'min']",
DPQjlUpDs0p,2025-10-01 22:03:52 WIB,silvia.ari96,"['benowo', 'mati', 'airnya', 'miiiin']",
DPQjlUpDs0p,2025-10-01 22:04:45 WIB,titissasongko,"['kenapa', 'air', 'di', 'kebraon', 'mlm', 'ini', 'mati', '?', '?']",
DPQjlUpDs0p,2025-10-01 22:05:31 WIB,novi_e_mulyanti,"['lha', 'iya', 'ga', 'ada', 'info', 'gangguan', 'tiba <num>', 'mati', 'pet', 'klo', 'pas', 'ada', 'info', 'biasanya', 'malah', 'ga', 'bnr <num>', 'mati', 'dan', 'ini', 'udah', 'berulang <num>', 'begitu', 'sering', 'bgt', 'ga', 'ada', 'info', 'tiba <num>', 'mati', 'kdg', 'sampe', 'luamaa', 'bsk', 'pdhl', 'hari', 'kerjahr', 'sekolah', 'malem', 'waktunya', 'food', 'prep', 'buat', 'bsk', 'pagi', 'air', 'malah', 'mati', 'gimana', 'pdam', 'ini', 'pelayanannya', 'dr', 'dulu', 'ga', 'jg', 'membaik']",
DPQjlUpDs0p,2025-10-01 22:08:55 WIB,ranie.albani,"['iyaaa', 'benerrrr', 'kakmana', 'tagihan', 'makin', 'lama', 'makin', 'mahalllllllllll', 'tp', 'pelayanan', 'zeroooooooo']",
DPQjlUpDs0p,2025-10-01 22:21:03 WIB,dewirofita,"['kebraon', 'kok', 'mati', 'juga', 'ya']",
DPQjlUpDs0p,2025-10-01 22:28:44 WIB,daienamite,"['kebraon', 'tbtb', 'ikutan', 'mati', 'airnya', 'bjir', 'nyala', 'air', 'kapan', '?']",
DPQjlUpDs0p,2025-10-01 22:48:07 WIB,karunia_ayu_mukti,"['kok', 'mati', 'air', 'kebraon', '?']",
DPQjlUpDs0p,2025-10-01 22:51:34 WIB,cabeutifull,"['kebraon', 'mati', 'gaonok', 'info <num>', 'blas', 'rekkkkk']",
DPQjlUpDs0p,2025-10-01 22:51:40 WIB,inggit_putri18,"['knp', 'ga', 'ad', 'info', 'tiba <num>', 'air', 'pdam', 'mati', 'di', 'kebraonsegera', 'benerin', 'bsk', 'pagi', 'waktunya', 'anka', 'sklh', 'da', 'krj']",
DPQjlUpDs0p,2025-10-01 23:34:54 WIB,dellapuspita0491,"['kebraon', 'masih', 'mati', 'min']",
DPQjlUpDs0p,2025-10-02 00:13:32 WIB,lapis_lesbi,"['kenbraon', 'air', 'mati', 'dadakan', 'kek', 'mana', 'ini', 'bjir', 'plis', 'nyala', 'kapaaan']",
DPQjlUpDs0p,2025-10-02 00:43:26 WIB,bapakduaanak,"['sumberan', 'mati', 'info', 'gak', 'onok', 'terus', 'fungsine', 'wong <num>', 'ngefollow', 'akunmu', 'gae', 'opo', '?', '?', 'mending', ""gawe'en"", 'akun', 'judol', 'ae', 'akunmu', 'lek', 'gak', 'iso', 'melaksanakan', 'tugas', 'semestinya']",
DPQjlUpDs0p,2025-10-02 00:44:31 WIB,beninghallenda,"['minnn', 'air', 'kebraon', 'mati', 'gak', 'ada', 'info', '?', 'yok', 'opo', 'se', '?', '?', '?', '?', '?']",
DPQjlUpDs0p,2025-10-02 00:49:39 WIB,beninghallenda,"['kebraon', 'air', 'mati', 'min', 'yok', 'opo', '?']",
DPQjlUpDs0p,2025-10-02 00:52:27 WIB,bakulgedangsusu,"['kebraon', 'gaonok', 'info', 'rekk', 'kulino']",
DPQjlUpDs0p,2025-10-02 01:04:08 WIB,gheayaya,"['malam', 'ini', 'air', 'di', 'kebraon', 'mati', 'tanpa', 'ada', 'pemberitahuan', 'gangguan']",
DPQjlUpDs0p,2025-10-02 01:32:35 WIB,y.alviann,"['kabraon', 'mati', 'ayoo', 'aku', 'kate', 'umbah', ""''"", 'tell']",
DPQjlUpDs0p,2025-10-02 01:33:35 WIB,y.alviann,"['ayo', 'kebraon', ""''""]",
DPQjlUpDs0p,2025-10-02 02:10:14 WIB,c14photos,"['mati', 'air', 'mbok', 'ya', 'bikin', 'pengumuman', 'ojok', 'ngiklan', 'ae', 'min', 'mbayar', 'banyu', 'tambah', 'larang', 'mati', 'pet', 'gaknok', 'woro <num>']",
DPQjlUpDs0p,2025-10-02 02:38:57 WIB,latifa.azizaa,"['sama', 'kak', 'dari', 'hari', 'minggu', 'di', 'rumah', 'pakal', 'sudah', 'ga', 'nyala']",
DPQjlUpDs0p,2025-10-02 03:08:27 WIB,vivien_aisyah,"['air', 'wilayah', 'kebraon', 'dari', 'semalam', 'mati', 'gimana', 'ini']",
DPQjlUpDs0p,2025-10-02 03:57:30 WIB,novi_e_mulyanti,"['iya', 'skrg', 'retribusinya', 'aja', 'udah', '<num> rb', 'di', 'luar', 'pemakaian', 'air', 'tapi', 'pelayanan', 'zonk', 'kebraon', 'sering', 'bgt', 'kena', 'air', 'mati', 'tanpa', 'info']",
DPQjlUpDs0p,2025-10-02 04:02:02 WIB,steph.palas,['kebraon'],
DPQjlUpDs0p,2025-10-02 04:03:08 WIB,novi_e_mulyanti,"['min', 'udah', 'shubuh', 'ini', 'mau', 'wudhu', 'masak', 'mandi', 'gmn', '?', 'ini', 'kenapa', 'gangguannya', 'dan', 'sampe', 'jam', 'brp', 'min', '?']",
DPQjlUpDs0p,2025-10-02 04:13:55 WIB,dshellysss,"['min', 'mbok', 'yo', 'ngomong <num>', 'isuk', 'mau', 'wayahe', 'saur', 'masak', 'ados', 'banyu', 'kok', 'g', 'ngalir', 'iki', 'piegek', 'ndak', 'fulli', 'bak', 'mandi', 'misan']",
DPQjlUpDs0p,2025-10-02 04:27:49 WIB,cyfuse,"['kebraon', 'sampai', 'jam', 'segini', 'belum', 'nyala']",
DPQjlUpDs0p,2025-10-02 04:36:29 WIB,sintaaiu,"['heran', 'tingg', 'di', 'kota', 'air', 'sering', 'mati', 'tagihan', 'e', 'larang', 'banyune', 'matian']",
DPQjlUpDs0p,2025-10-02 04:37:00 WIB,cimol_libra,"['miinnn', 'kebraon', 'min', 'belum', 'nyala']",
DPQjlUpDs0p,2025-10-02 04:39:51 WIB,77mandali,"['k', 'e', 'b', 'r', 'a', 'o', 'n', 'b', 'a', 'n', 'y', 'u', 'n', 'e', 'm', 'a', 't', 'i']",
DPQjlUpDs0p,2025-10-02 04:41:20 WIB,qryaina,"['air', 'di', 'kebraon', 'mati', 'tanpa', 'pemberitahuan', 'dari', 'malem', 'sampai', 'subuh', 'waktunya', 'orang', 'beraktivitas', 'masih', 'mati', 'sangat', 'ga', 'profesional']",
DPQjlUpDs0p,2025-10-02 04:43:00 WIB,sintaaiu,"['banyune', 'banyune', 'kate', 'budal', 'kerjo', 'tolong', 'gwendeng', 'mesti', 'isuk <num>', 'wayahe', 'wong', 'kerjo']",
DPQjlUpDs0p,2025-10-02 04:46:39 WIB,gheayaya,"['luar', 'biasa', 'air', 'gangguan', 'ga', 'ada', 'pemberitahuan', 'sebelumnya', 'sama', 'sekali', 'dan', 'matinya', 'sampe', 'jam', '<num>', 'sing', 'ate', 'budhal', 'kerjo', 'awakmu', 'thok', 'ta', '?', 'manajemen', 'sangat', 'buruk', 'pdam', 'm', 'nya', 'gabisa', 'diminum']",
DPQjlUpDs0p,2025-10-02 04:47:38 WIB,parhanpatur_,"['kebraon', 'due', 'masalah', 'opo', 'min', 'sampek', 'yahngene', 'sek', 'mati', ""kora'anku"", 'akeh', 'iki']",
DPQjlUpDs0p,2025-10-02 04:48:36 WIB,bagasdwiki,"['pondok', 'maritim', 'tiba', 'tiba', 'mati', 'lah', 'mbok', 'kiro', 'omahku', 'onok', 'sumber', 'banyu', 'ta', 'kebelet', 'ngeseng', 'iki', 'bos']",
DPQjlUpDs0p,2025-10-02 04:49:13 WIB,oncemurti,"['pak', 'kebraon', 'dari', 'kemaren', 'malem', 'ampe', 'sekarang', 'blm', 'nyala', 'dan', 'gak', 'ada', 'pemberitahuan', 'sama', 'sekali', 'maksude', 'opo', 'iki']",
DPQjlUpDs0p,2025-10-02 04:49:23 WIB,oceanabblue,"['pak', 'kebraon', 'mati', 'pak', 'ga', 'isok', 'wudhu', 'pak']",
DPQjlUpDs0p,2025-10-02 04:54:23 WIB,yaniwardhani1,"['minnnn', 'kebraon', 'airnya', 'mati', 'dari', 'semalem', 'jam', '<num>', 'an', 'sampek', 'sekarang', 'belom', 'keluar', 'min', 'kate', 'budal', 'sekolah', 'kerjo', 'iki', 'mi']",
DPQjlUpDs0p,2025-10-02 04:54:47 WIB,ranie.albani,"['pakkkkkk', 'butuh', 'air', 'pak', 'warha', 'kebraonnnnnnnnnnn']",
DPQjlUpDs0p,2025-10-02 05:02:46 WIB,mayanajwa19,"['smpe', 'kapan', 'ini', 'air', 'di', 'kebraon', 'mati', 'udah', 'dri', 'smlm', 'gak', 'ada', 'kabar', 'tiba <num>', 'mati']",
DPQjlUpDs0p,2025-10-02 05:05:29 WIB,thejourney.zf,"['pondok', 'maritim', 'air', 'mati', 'total', 'gimana', 'ini', '?', '?', 'ga', 'ada', 'pemberitahuan', 'sama', 'sekali', 'bener <num>', 'menyebalkan', 'banget', 'kasian', 'anak', 'saya', 'sakit', 'perut', 'ga', 'ada', 'air', 'krn', 'ga', 'ada', 'info', 'bakalan', 'kalian', 'matiin', 'aliran', 'air', 'keterlaluan']",
DPQjlUpDs0p,2025-10-02 05:06:07 WIB,reszarusdiantoro,"['semaleman', 'dan', 'sampai', 'saat', 'ini', 'air', 'mati', 'di', 'daerah', 'kebraongmna', 'ini', 'min', 'gak', 'ada', 'pemberitahuan', 'juga', 'sampai', 'jam', 'berapa', 'ini', 'matinya', '?', '?', '?', '?', '?']",
DPQjlUpDs0p,2025-10-01 14:47:48 WIB,endahw12,"['makanya', 'belakangan', 'ini', 'air', 'kuecil', 'bgt', 'keluarnya', 'daerah', 'dukuh', 'kawal', 'gak', 'selancar', 'dulu']",
DPQjlUpDs0p,2025-10-01 17:28:19 WIB,ron_ihidayat,"['biasanya', 'tagihan', 'air', 'saya', 'bulan', 'hanya', '<num> <num> rb', 'tapi', 'sekarang', 'kok', 'bengkak', 'jadi', '<num> rban']",
DPQjlUpDs0p,2025-10-01 17:31:17 WIB,dephii_cute,"['tolong', 'segera', 'di', 'selesaikan', 'secepatnya', 'karna', 'warga', 'butuh', 'airr', 'cepaatt']",
DPQjlUpDs0p,2025-10-01 20:14:22 WIB,garin06,"['medayu', 'belum', 'airnya', 'gak', 'keluar', 'ya', '?']",
DPQjlUpDs0p,2025-10-01 20:21:54 WIB,latifa.azizaa,"['min', 'pakal', 'kapan', 'air', 'nyala', '?', 'udah', 'dr', 'minggu']",
DPXhiYwE4J5,2025-10-04 08:47:33 WIB,ropik.ropik.3139241,"['jvc', 'utjgj', 'nng', 'cb', 'bv', 'vv', 'vbvv']",
DPXhiYwE4J5,2025-10-05 21:30:28 WIB,afzaluredo,"['untuk', 'daerah', 'sidorame', 'apanjuga', 'terdampak', '?', 'soalnya', 'sanyo', 'saya', 'jadi', 'kecil', 'keluarnya', 'padahal', 'g', 'pernah <num>', 'nya', 'keluarnya', 'kecil', 'tolong', 'dong', 'tanggapannya']",
DPXhiYwE4J5,2025-10-06 08:07:48 WIB,afzaluredo,"['saya', 'sudah', 'dm', 'tidak', 'ada', 'tanggapan', 'sama', 'sekali']",
DPXhiYwE4J5,2025-10-06 09:32:04 WIB,mone.ymoney834,"['staff', 'anda', 'atas', 'nama', 'ernawati', 'suruh', 'bayar', 'utang', 'pinjol', 'nya', 'sekarang']",
DPXhiYwE4J5,2025-10-16 13:17:12 WIB,enysetya2902,"['daerah', 'rungkut', 'kenapa', 'kok', 'jg', 'g', 'nyala', 'airnya']",
DPXhiYwE4J5,2025-10-16 13:37:27 WIB,enysetya2902,"['medayu', 'utara']",
DPXhiYwE4J5,2025-10-16 13:38:21 WIB,enysetya2902,"['medayu', 'utara', 'gg', '<num>', 'raya', 'no', '<num>', 'rungkut', 'sby']",
DPSrrfJkzsD,2025-10-02 10:57:50 WIB,loeqmansyah,"['kebraon', 'kebraon', 'masih', 'mati', 'gmn', 'kabar', 'katanya', 'pagi', 'sudah', 'kelar', 'susah', 'ngk', 'ada', 'info', 'gangguan', 'sampai', 'siang', 'air', 'tak', 'kunjung', 'keluar', 'gmn', 'nihhhhh']",
DPSrrfJkzsD,2025-10-02 11:05:26 WIB,duwiq2805,"['klampis', 'ngasem', 'gang', 'masjid', 'airnya', 'keluar', 'kecil', 'apakah', 'ada', 'perbaikan', 'di', 'sekitarnya', 'min', '?']",
DPSrrfJkzsD,2025-10-02 12:13:18 WIB,izulkarn41n,"['air', 'pdam', 'pam', 'mati', 'sejak', 'pagi', 'di', 'lidah', 'kulon']",
DPSrrfJkzsD,2025-10-02 19:09:16 WIB,loeqmansyah,"['sore', 'baru', 'keluar', 'air', 'tapi', 'kecil', 'banget', 'beberapa', 'tetangga', 'juga', 'mengeluhkan', 'seperti', 'itu']",
DPSrrfJkzsD,2025-10-02 19:39:59 WIB,yulitaanida,"['malam', 'admin', 'daerah', 'mleto', 'surabaya', 'timur', 'sukolilo', 'dari', 'bulan', 'september', 'kemarin', 'sering', 'banget', 'setiap', 'habis', 'shubuh', 'sampe', 'jam', '<num> siang', 'mati', 'tidak', 'keluar', 'air', 'sama', 'sekali', 'air', 'lancar', 'saat', 'siang', 'dan', 'sore', 'saja', 'jam', '<num>', 'sampe', 'jam', '<num>', 'malam', 'mati', 'lagi', 'biasanya', 'mati', 'air', 'jam', '<num> an', 'pagi', 'aja', 'ngga', 'sampe', 'jam', '<num>', 'repot', 'banget', 'pas', 'pagi', 'mau', 'berangkat', 'kerja']",
DPS0uyyk99w,2025-10-02 13:17:20 WIB,theycallme_chus,"['terimakasih', 'bapak <num>']",
DPS0uyyk99w,2025-10-02 16:00:54 WIB,kharistiano28,"['sabar', 'min', 'suroboyo', 'lg', 'panas <num> e', 'panggah', 'semangat', 'yo', 'min']",
DPS0uyyk99w,2025-10-02 18:12:07 WIB,alfaaz_onecare,"['selesai', 'nya', 'jam', 'berapa']",
DPS0uyyk99w,2025-10-02 21:28:26 WIB,damaxrif,"['puanas', 'pwoll', 'es', 'teh', 'jumbo', 'mbak', 'nar', 'enak', 'iki']",
DPS0uyyk99w,2025-10-02 21:29:45 WIB,kharistiano28,"['konten', 'belum', 'kelar', 'udh', 'minta', 'mbak', 'nar']",
DPakmu0DkFf,2025-10-05 12:58:15 WIB,nuke_nirvana,"['kira <num>', 'sampai', 'jam', 'brp', 'ya', 'pak', 'pdam', '?']",
DPakmu0DkFf,2025-10-05 13:01:17 WIB,d_nos1106,"['pancet', 'ae', 'blox', 'cluvert']",
DPakmu0DkFf,2025-10-05 15:29:35 WIB,igedesutawa,"['gangguan', 'lagi', 'teruskan', 'aja']",
DPakmu0DkFf,2025-10-05 20:07:28 WIB,msaddammmmm,"['nyrimpeti', 'wong', 'urep']",
DPakmu0DkFf,2025-10-06 07:18:11 WIB,mzidanalfn,"['kebraon', 'sempet', 'ga', 'ada', 'air', 'ngalir', 'mau', 'mandi', 'aja', 'harus', 'nyalain', 'sanyo', 'biasanya', 'tanpa', 'sanyo', 'airnya', 'deres']",
DPWJxhhk7sX,2025-10-03 23:38:37 WIB,aaffuuck,"['ini', 'daerah', 'lidah', 'kulon', 'udah', '<num>', 'hari', 'g', 'ada', 'air', 'jg', 'g', 'ada', 'informasi', 'perbaikan']",
DPa-OW_DmAj,2025-10-06 04:59:08 WIB,aharnoldi,"['lain', 'kali', 'jangan', 'estimasi', '-', '<num>', 'jam', 'mending', 'estimasi', 'nya', '-', '<num>', 'jam']",
DPa-OW_DmAj,2025-10-06 06:01:42 WIB,luulaa.esw,"['smngaattt', 'pak', 'smga', 'cpt', 'selesai', 'ya', 'smntara', 'sya', 'hemat', 'air', 'dlu', 'hrsnya', 'sya', 'punya', 'tandon', 'sih']",
DPa-OW_DmAj,2025-10-06 06:02:01 WIB,luulaa.esw,"['benerin', 'sndri', 'bang']",
DPSka2HE_TK,2025-10-02 09:40:05 WIB,dinkopdag_surabaya,"['selamat', 'hari', 'batik', 'nasional', 'mari', 'jaga', 'kelestarian', 'batik', 'untuk', 'anak', 'cucu', 'kita']",
DPLHwIlE0ry,2025-10-01 09:56:22 WIB,46_afni.aisyah,"['ini', 'daerah', 'benowo', 'tidak', 'mengalir', 'ini']",
DPLHwIlE0ry,2025-10-01 22:00:33 WIB,abdul_rahman_amank,"['hari', 'ini', '<num>', 'oktober', 'pukul', '<num>', 'mati', 'lagi', 'min']",
DPOdvh4E27Q,2025-10-03 10:08:49 WIB,kebenaranpastiterjadi,"['kisah', 'para', 'rasul', '<num>', 'tb', 'jawab', 'mereka', '``', 'percayalah', 'kepada', 'tuhan', 'yesus', 'kristus', 'dan', 'engkau', 'akan', 'selamat', 'engkau', 'dan', 'seisi', 'rumahmu', ""''""]",
DPQQ3ybE9TD,2025-10-01 13:27:25 WIB,otnielsusanto,"['min', 'call', 'centernya', 'susah', 'banget', 'dihubungin', 'sudah', 'nunggu', 'lama', 'banget', 'akhirnya', 'tersambung', 'tapi', 'suara', 'saya', 'tidak', 'kedengaran', 'akhirnya', 'ditutup']",
DPQQ3ybE9TD,2025-10-01 13:27:40 WIB,otnielsusanto,"['pengaduan', 'via', 'whatsapp', 'lama', 'juga', 'ga', 'dibales <num>']",
DPQQ3ybE9TD,2025-10-02 06:33:08 WIB,bakulgedangsusu,"['wes', 'ngerti', 'ngene', 'banyu', 'mati', 'gaonok', 'pemberitahuan', 'blaass', 'daerah', 'kebraon']",
DPQQ3ybE9TD,2025-10-02 13:59:15 WIB,faris_gta22,"['boleh', 'minta', 'botol', 'nya', 'gak', 'min']",
DPOAl3MjhAb,2025-10-01 06:16:14 WIB,cahcilik123456,"['yakin', 'min', '?', '?', 'udah', 'turun', 'lapangan', 'blm', '?']",
DPOAl3MjhAb,2025-10-02 06:34:49 WIB,bakulgedangsusu,"['lek', 'sambatan', 'banyu', 'moro <num>', 'mati', 'tapi', 'gaoleh', 'info', 'opo <num>', 'sambat', 'nandi', 'min', '?', '?', '?']",
DPOAl3MjhAb,2025-10-04 03:50:16 WIB,agus.kusbiantoro1,"['izin', 'mengadu', 'di', 'sini', 'saya', 'dikenakan', 'biaya', '<num>', 'juta', 'pada', 'pemasangan', 'tidak', 'tahu', 'lapor', 'kemana']",
DPOAl3MjhAb,2025-10-04 07:22:15 WIB,agus.kusbiantoro1,"['cek', 'dm', 'min']",
DPIGmZnExJk,2025-10-01 22:13:12 WIB,silvia.ari96,"['benowo', 'airnya', 'mati', 'lagi', 'miiinnn']",
DPIGmZnExJk,2025-10-01 22:13:36 WIB,silvia.ari96,"['baru', 'ngerasain', 'air', 'mengalir', 'senin', 'malam', 'rabu', 'malam', 'udah', 'mati', 'lagi', 'benowo', 'miiiinnnnn']",
DPIGmZnExJk,2025-10-02 08:04:05 WIB,silvia.ari96,"['sudah', 'ngalir', 'min', 'makasih']",
DPIGmZnExJk,2025-10-03 06:45:25 WIB,shintaarnt,"['mota', 'mati', 'ae', 'banyu', 'ne', 'min', 'min', 'benowo', 'iki']",
DPOCNs4DqIT,2025-10-01 04:18:04 WIB,ote_05,"['sek', 'gorong', 'mari', 'ta', 'min']",
DPOCNs4DqIT,2025-10-01 14:42:51 WIB,endahw12,"['hr', 'muhammad', 'apa', 'ada', 'pipa', 'bocor', 'ya', '?']",
DPOCNs4DqIT,2025-10-01 17:40:56 WIB,ote_05,"['gak', 'onok', 'banyu', 'blasss']",
DPOCNs4DqIT,2025-10-04 06:45:46 WIB,aaffuuck,"['iso', 'kena', 'penyakit', 'kulit', 'mergo', 'g', 'adus', 'g', 'umbah <num>', 'g', 'sak', 'barang', 'e', 'sing', 'gae', 'banyu', 'min', '<num>', 'dino', 'daerah', 'lidah', 'kulon', 'banyune', 'g', 'milii']",
DPdGuHbk4_4,2025-10-06 12:12:14 WIB,decciii_,"['kalau', 'pengaduan', 'ke', 'pdam', 'lewat', 'mana', 'lagi', 'ya', 'yang', 'cepat', 'ke', 'call', 'center', 'sibuk', 'terus', 'ke', 'cis', 'pdam', 'sby', 'masih', 'di', 'proses', 'sedang', 'meteran', 'berputar', 'trs', 'pdhl', 'kran', 'mati', 'call', 'center', 'nya', 'cs', 'nya', 'apa', 'cm', '<num>', 'ya', 'bpk', ""''"", 'pdam', 'mesti', 'kemana', 'lg', 'pengaduannya', 'sedang']",
DPMKPJ8kwIo,2025-10-01 04:15:37 WIB,mauludiyahabd,"['terimakasih', 'atas', 'respon', 'nya', 'kemarin', 'sdh', 'ada', 'petugas', 'pdam', 'yg', 'sudah', 'dtg', 'kerumah']",
DPMKPJ8kwIo,2025-10-01 10:09:43 WIB,me.gasilvi_a,"['sudah', 'kak', 'pukul', '<num>', 'nyala']",
DPMKPJ8kwIo,2025-10-01 11:30:32 WIB,nurlaili06,"['air', 'mati', 'sampai', 'tgl', '<num>', 'ya', 'min', 'berarti', 'wow']",
DPMKPJ8kwIo,2025-10-01 17:36:30 WIB,nurlaili06,"['baik', 'terimakasih', 'atas', 'responnya', 'mohon', 'segera', 'direlokasi', 'supaya', 'ada', 'keluar', 'mespikun', 'sedikit <num>']",
DPMKPJ8kwIo,2025-10-01 18:13:30 WIB,dessyjazzy,"['sudah', 'pernah', 'pengaduan', 'lewat', 'cispetugasnya', 'datang', 'pas', 'airnya', 'keluar', 'jadi', 'ya', 'tidak', 'ada', 'tindakan']",
DQG3-iaE_Lz,2025-10-22 17:09:15 WIB,fredlina,"['kok', 'sering', 'wilayah', 'kebraon', 'air', 'tidak', 'mengalir', 'harusnya', 'lsg', 'dapat', 'kompensasi', 'kirim', 'truk', 'tangki']",
DQG3-iaE_Lz,2025-10-22 17:18:33 WIB,katonsetyawan,"['kok', 'mendadak', 'informasinya', '?', 'mengapa', 'tidak', 'disampaikan', 'sebelumnya', '?']",
DQG3-iaE_Lz,2025-10-22 17:19:21 WIB,fredlina,"['kenapa', 'sering', 'sekali', 'di', 'wilayah', 'kebraon', 'air', 'tidak', 'ngalir', 'dan', 'kompensasi', 'truk', 'tangi', 'langsung', 'dikirim', 'lah']",
DQG3-iaE_Lz,2025-10-22 17:20:23 WIB,fredlina,"['pak', 'ery', 'mohon', 'diperhatikan', 'kinerja', 'pdam', 'khusus', 'nya', 'wilayah', 'kebraon', 'sering', 'tidak', 'mengalir']",
DQG3-iaE_Lz,2025-10-22 17:27:55 WIB,itasari.inge,"['daerah', 'karah', 'dari', 'jam', '<num>', 'malam', 'smpk', 'skrng', 'nggak', 'hidup <num>', 'airnya', 'gimana', 'pak', '?', 'pegel', 'pak', 'nimbo <num>', 'trs', 'gak', 'morop <num>', 'cek', 'suwine']",
DQG3-iaE_Lz,2025-10-22 18:17:55 WIB,rifaldokaka,"['di', 'daerah', 'pakal', 'beji', 'pdam', 'juga', 'air', 'padam', 'dampaknya', 'luas', 'yaa']",
DQG3-iaE_Lz,2025-10-22 18:20:00 WIB,meida_r_imani,"['pakal', 'beji', 'air', 'mati']",
DQG3-iaE_Lz,2025-10-22 18:41:44 WIB,dahayubymega,"['pas', 'jam', 'jam', 'penting', 'butuh', 'bny', 'air', 'kok', 'karah', 'mati', '?', '?', '?']",
DQG3-iaE_Lz,2025-10-22 18:42:01 WIB,dahayubymega,"['sampai', 'kapan', 'airny', 'di', 'karah', 'bisa', 'nyala', '?', '?', '?']",
DQG3-iaE_Lz,2025-10-23 00:13:03 WIB,riri_kurokocchi,"['kemlaten', 'kok', 'mati', 'lagi', 'airnya', '?', 'beberapa', 'hari', 'lalu', 'mati', 'sekarang', 'mati', 'lagi']",
DQG3-iaE_Lz,2025-10-23 04:06:28 WIB,erlina_han,"['katanya', 'pengerjaan', 'estimasi', '<num>', 'jam', 'ini', 'subuh', 'air', 'malah', 'mati', 'daerah', 'kemlaten']",
DQG3-iaE_Lz,2025-10-23 05:25:54 WIB,dahayubymega,"['karah', 'kok', 'mati', 'lagiii', 'pagi <num>', 'bkin', 'repot', 'ae']",
DQG3-iaE_Lz,2025-10-23 06:36:32 WIB,nabilauww_,"['karah', 'kok', 'air', 'nya', 'mati', 'lagi', 'ya', 'min']",
DQG3-iaE_Lz,2025-10-23 07:35:08 WIB,silvia.ari96,"['benowo', 'airnya', 'mati', 'min']",
DQG3-iaE_Lz,2025-10-23 08:43:02 WIB,dimanasajakerja,"['jambangan', 'baru', 'selatan', 'dan', 'sekitarnya', 'pdam', 'tidak', 'mengalir']",
DPDtycQk5S2,2025-10-21 22:57:15 WIB,ikanpaus_777,"['min', 'mati', 'air', 'lagi', 'loh', 'bener', 'kan', 'sebulan', 'sekali', 'mati', 'air']",
DPAyWZQEwmO,2025-10-02 04:44:41 WIB,qryaina,"['ya', 'kalau', 'tau', 'begitu', 'pengerjaan', 'perbaikan', 'yang', 'efektif', 'dan', 'efisien', 'kasih', 'pemberitahuan', 'yg', 'jelas', 'supaya', 'siap', 'siap', 'air', 'itu', 'sangat', 'dibutuhkan', 'pemberhentian', 'tiba <num>', 'sangat', 'mengganggu', 'aktivitas']",
DOsdDy9k-UR,2025-10-01 07:39:59 WIB,pipit_widi,"['apakah', 'ada', 'yg', 'sama', 'sejak', 'bbrp', 'harimungkin', 'sekitar', '<num> mingguan', 'aroma', 'air', 'pdam', 'spt', 'amis', 'ya', 'beneran', 'bau', 'nya', 'nyengat', 'banget']",
DOsdDy9k-UR,2025-10-01 08:16:21 WIB,herbrandedsale,"['min', 'tambak', 'medokan', 'ayu', 'airnya', 'butek', 'nemen', 'ya', 'allahhh']",
DOsdDy9k-UR,2025-10-08 06:13:46 WIB,dimanasajakerja,"['tolong', 'dong', 'aliran', 'air', 'daerah', 'jambangan', 'baru', 'selatan', 'dan', 'sekitarnya', 'mengecil', 'tiap', 'pagi', 'jam', '<num>', '-', '<num>', 'aliran', 'tidak', 'sampai', 'dapur', 'sudah', '<num>', 'hari', 'tidak', 'ada', 'progress']",
DKJE6y4vqri,2025-10-08 14:49:54 WIB,andifirmans,"['gangguan', 'listrik', 'lapor', 'ng', 'ndi', 'min', '?']",
DGC6AaMvfdh,2025-10-01 21:30:26 WIB,putri.wilujeng,"['jika', 'terlewat', 'tidak', 'cetak', 'struk', 'pembayaran', 'saat', 'itu', 'dan', 'mau', 'cetak', 'struk', 'sekarang', 'masuk', 'menu', 'mana', '?', 'karena', 'tidak', 'ada', 'menu', 'riwayat', 'transaksi']",
DD09ZduPnnr,2025-10-26 16:41:25 WIB,cak_mat3002,"['hari', 'ini', 'minggu', 'tgl', '<num>', 'oktober', '<num> air', 'pdam', 'tdk', 'mengalir', 'di', 'wilayah', 'kelurahan', 'manyar', 'sabrangan', 'kec', 'mulyorejo']",
C8jD4uDP9Bt,2025-10-05 16:44:33 WIB,oke____________m,"['mat', 'malam']",
C8jD4uDP9Bt,2025-10-05 16:45:29 WIB,oke____________m,"['selamat', 'malam', 'di', 'jln', 'sp <num>', 'jlr', '<num>', 'ada', 'pipa', 'bocor']",
C8jD4uDP9Bt,2025-10-16 01:37:13 WIB,mamaerisma30,"['pdampdamtolong', 'dong', 'jgn', 'bikin', 'tambah', 'hidupku', 'susahmasak', 'hrs', 'begadang', 'tiap', 'haribayar', 'lharus', 'lancar', 'air', 'tidak', 'pernah', 'lancarkenapa', 'pdam', 'slalu', 'bikin', 'orang', 'hidup', 'orang', 'susah']",
C8jD4uDP9Bt,2025-10-23 06:20:37 WIB,babyjotuhumena,"['pdam', 'memang', 'hebat', 'kl', 'ada', 'keterlambatan', 'membayar', 'cepat <num>', 'memutus', 'aliran', 'air', 'ke', 'pelanggan', 'tapi', 'kalau', 'bikin', 'pelanggan', 'bingung', 'dg', 'air', 'tdk', 'mengalir', 'tanpa', 'ada', 'pemberitahuan', 'paling', 'nomor', 'satusaya', 'warga', 'taman', 'telaga', 'bodas', 'karangrejo', 'gajahmungkur', 'semarang']",
C8jD4uDP9Bt,2025-10-25 14:55:57 WIB,melongrus,"['yaa', 'ini', 'diwilayah', 'kami', 'dilendang', 'beso', 'dari', 'kemaren', 'smpe', 'hari', 'ini', 'blm', 'nyala', 'masih', 'mati', 'tolong', 'dong']",
C8jD4uDP9Bt,2025-10-30 14:25:29 WIB,moh.asyari3112,"['wilayah', 'lampung', 'bisa', 'pengaduan', 'disini', 'nga', 'ya']",
C8jD4uDP9Bt,2025-10-31 11:07:28 WIB,mainhati2022,"['pdam', 'prigen', 'pasuruan', 'jatim', 'tolong', 'dibenahi', 'air', 'nya']",
