post_id,created_at,username,text,parent_comment_id
DQ51a5oEw2y,2025-11-11 13:17:55 WIB,heframid,"['selamat', 'ulang', 'tahun', 'ke <num>', 'harian', 'surya', 'semoga', 'terus', 'menjadi', 'sumber', 'informasi', 'terpercaya', 'dan', 'inspiratif', 'bagi', 'masyarakat', 'terima', 'kasih', 'juga', 'atas', 'kolaborasi', 'positif', 'bersama', 'perumda', 'air', 'minum', 'surya', 'sembada']",
DQ51a5oEw2y,2025-11-11 20:49:17 WIB,kharistiano28,"['selalu', 'menjalin', 'kerjasama', 'yg', 'baik', 'dgn', 'media', 'keren']",
DQ5v5UsE4As,2025-11-11 11:13:37 WIB,mhmdrizkyy12._,"['selamatt', 'dan', 'semangattt', 'indonesiaku']",
DQ5ldh8E_V7,2025-11-11 09:48:57 WIB,panggilnaw,"['dm', 'ku', 'ga', 'dibales', 'kak']",
DQ6J9gWE8rk,2025-11-11 16:04:18 WIB,baang_aziz,"['salam', 'buat', 'tim', 'spi', 'min']",
DQ6J9gWE8rk,2025-11-11 18:17:34 WIB,bellaaristas,"['ini', 'kenapa', 'lagi', 'surabaya', 'barat', 'daerah', 'ptc', 'airnya', 'tiba <num>', 'mati', 'parah', 'banget', 'udah', 'kecil', 'mati', 'pula']",
DQ6J9gWE8rk,2025-11-11 20:17:03 WIB,mbembis92,"['waalaikumussalam', 'bang', 'aziz']",
DQ6J9gWE8rk,2025-11-12 06:47:24 WIB,bellaaristas,"['udah', 'nyala', 'kemarin', 'jam', '<num>', 'mlm', 'an']",
DQ6J9gWE8rk,2025-11-12 20:19:44 WIB,mbembis92,"['sehat', 'selalu', 'min']",
DQ3lIqwk3zn,2025-11-11 09:49:33 WIB,panggilnaw,"['dm', 'ku', 'direspon', 'dong', 'kak']",
DPiRgn6k9BI,2025-10-29 23:44:51 WIB,n_aiiniiii,"['maaf', 'nanya', 'agak', 'gak', 'paham', 'min', 'ini', 'harga', 'untuk', 'pemasangan', 'pdam', 'kan', 'min', '?']",
DPiRgn6k9BI,2025-10-30 05:38:39 WIB,raymundus_aryo,"['maw', 'rame', 'nih', 'kdm', 'min']",
DPiRgn6k9BI,2025-10-31 04:47:10 WIB,opera8176,"['min', 'pdam', 'jalan', 'gresik', 'mati', 'gimana', 'ini', '?']",
DPiRgn6k9BI,2025-10-31 10:05:24 WIB,matokebenny,"['petugas', 'wilayah', 'ploso', 'timur', '<num> b', 'itu', 'tolong', 'di', 'sp', 'udah', 'beberapa', 'kali', 'cara', 'cek', 'airnya', 'itu', 'macam', 'preman', 'cara', 'ngetuk', 'pagar', 'ugal <num> anbawa', 'kayu', 'pentungan', 'macam', 'preman', 'naik', 'pagar', 'tetangga', 'depan', 'saya']",
DPiRgn6k9BI,2025-10-31 10:06:07 WIB,matokebenny,"['udah', 'beberapa', 'kali', 'ngirim', 'komplain', 'langsung', 'harusnya', 'udah', 'dipecat', 'itu', 'petugas']",
DPiRgn6k9BI,2025-10-31 16:44:04 WIB,opera8176,"['terimakasih', 'banyak', 'min']",
DPiRgn6k9BI,2025-11-01 04:14:31 WIB,wien_reyki,"['min', 'pbi', 'pondok', 'benowo', 'indah', 'pdam', 'nya', 'gak', 'keluar', 'gmn', 'ini', '?']",
DPiRgn6k9BI,2025-11-01 10:42:39 WIB,wii1i,"['pbi', 'mati', 'lagi', 'baru', 'nyalah', 'lancar', 'ga', 'sampai', '<num>', 'hari', 'mati', 'lagi']",
DPiRgn6k9BI,2025-11-03 07:14:48 WIB,ikacuby,"['min', 'griya', 'citra', 'asri', 'pdam', 'mengecil', 'dr', 'kemarin', 'pagi', 'sampai', 'skrg', 'kenapa', 'ya', '?']",
DPiRgn6k9BI,2025-11-03 18:09:53 WIB,rahul.bahrom,"['hallo', 'min', 'saya', 'coba', 'daftar', 'lewat', 'website', 'kok', 'internal', 'server', 'error', 'yaa', '?', 'kalo', 'daftar', 'lewat', 'website', 'apakah', 'juga', 'dapet', 'promo', 'diskon', '?']",
DPiRgn6k9BI,2025-11-04 14:48:56 WIB,nelchia,"['selamat', 'sore', 'saya', 'mau', 'melaporkan', 'petugas', 'dilapangan', 'terutama', 'sopir', 'dg', 'nopol', 'difoto', 'tertera', 'kronologisnya', 'sekitar', 'jam', '<num>', 'di', 'depan', 'rumah', 'saya', 'terdengar', 'suara', 'berisik', 'seperti', 'mobil', 'molen', 'beroperasi', 'pada', 'saat', 'saya', 'mau', 'menjemput', 'anak', 'ternyata', 'pas', 'didepan', 'pagar', 'saya', 'ada', 'pikup', 'milik', 'pdam', 'saya', 'sampai', 'berteriak', 'agar', 'dipindahkan', 'mobil', 'tsb', 'krn', 'suara', 'berisik', 'dr', 'mobil', 'tersebut', 'tapi', 'semua', 'pura <num>', 'tuli', 'tidak', 'mendengar', 'akhirnya', 'mobil', 'tersebut', 'dimajukan', 'agar', 'motor', 'saya', 'bisa', 'keluar', 'rumah', 'tp', 'pada', 'saat', 'saya', 'pulang', 'jemput', 'anak', 'mobil', 'tersebut', 'nangkring', 'lagi', 'pas', 'didepan', 'pagar', 'saya', 'blg', 'saya', 'keberatan', 'mobil', 'tsb', 'nangkring', 'depan', 'pagar', 'eh', 'bukannya', 'minta', 'maaf', 'mlh', 'mengejek', 'saya', 'ktnya', 'dia', 'ga', 'ganggutrs', 'bisa', 'motor', 'tsb', 'masuk', 'rumah', 'pdhl', 'jelas <num>', 'berada', 'dpn', 'pagar', 'saya', 'mmg', 'pada', 'akhirnya', 'dipindahkan', 'setelah', 'saya', 'menyatakan', 'keberatan', 'yg', 'jadi', 'pertanyaan', 'saya', 'mobil', 'tersebut', 'bisa', 'parkir', 'ditempat', 'lain', 'yg', 'tdk', 'mengganggu', 'pintu', 'saya', 'kenapa', 'memilih', 'pintu', 'pagar', 'saya', 'kedua', 'bukan', 'saya', 'yang', 'mau', 'pasang', 'pdam', 'kenapa', 'saya']",
DPiRgn6k9BI,2025-11-04 14:49:53 WIB,nelchia,"['yang', 'dirugikan', 'saya', 'tdk', 'terima', 'dengan', 'attitudenya', 'sopir', 'tersebut']",
DPiRgn6k9BI,2025-11-04 14:53:57 WIB,nelchia,"['nopol', 'l <num>', 'baa', 'foto', 'sdh', 'saya', 'kirimkan']",
DPiRgn6k9BI,2025-11-04 17:05:33 WIB,kakak_mondy_,"['min', 'estimasi', 'berapa', 'lama', 'proses', 'antri', 'pemasangan']",
DPiRgn6k9BI,2025-11-04 19:04:20 WIB,bagus_1453,"['kalau', 'suratnya', 'di', 'bank', 'bisa', 'ka', 'min']",
DPiRgn6k9BI,2025-11-04 21:57:42 WIB,nurulazizaahh15,"['ini', 'kenapa', 'saya', 'sering', 'bgt', 'kena', 'denda', 'ya', 'min', 'parahhh', 'bgt', 'sih', 'padahal', 'bayar', 'gapernah', 'diatas', 'tgl', '<num>', 'selalu', 'di', 'tgl', '<num> <num>', 'loh', 'mana', 'dendanya', '<num> rb', 'ya', 'allah', 'saya', 'wa', 'juga', 'gaada', 'solusi', 'tolong', 'dibls']",
DPiRgn6k9BI,2025-11-05 07:27:46 WIB,aslkhtl_anyah,"['itu', 'bneran', 'kah', 'min', 'pemasangan', 'baru', 'daya', 'listrik', '<num> w', 'byr', 'cuma', '<num> k']",
DPiRgn6k9BI,2025-11-05 11:33:37 WIB,bagus_1453,"['foto', 'copynya', 'gak', 'ada', 'ganti', 'pbb', 'bisa', 'ta']",
DPiRgn6k9BI,2025-11-05 15:41:00 WIB,kakak_mondy_,"['nomor', 'pendaftaran', 'pasang', 'baru', 'anda', 'b <num>']",
DPiRgn6k9BI,2025-11-05 17:16:24 WIB,aslkhtl_anyah,"['apa', 'ada', 'biaya', 'tambahan', 'lainnya', 'kak']",
DPiRgn6k9BI,2025-11-08 11:50:05 WIB,budijuarangaji,"['rmh', 'sy', 'daerah', 'karahdidatangi', 'katanya', 'petugas', 'dr', 'pdam', '<num> hr', 'lalukatanya', 'ada', 'program', 'pembaruan', 'meteran', 'apakah', 'itu', 'memang', 'program', 'dr', 'pdam', 'kah', 'atau', 'penipuan', '?', '?']",
DPiRgn6k9BI,2025-11-08 23:05:17 WIB,budijuarangaji,"['ok', 'trims']",
DPiRgn6k9BI,2025-11-09 20:03:15 WIB,umilatifah402,"['mohon', 'info', 'apa', 'harga', 'air', 'pdam', 'ini', 'naik', '?', '?', 'atau', 'berpa', 'harga', 'perkubiknya']",
DPiRgn6k9BI,2025-11-10 11:17:43 WIB,inces_runy,"['halo', 'min', 'bulan', 'ini', 'saya', 'bayar', 'pdam', 'tapi', 'kok', 'ada', 'dendatunggakan', '?', 'pdhal', 'oktober', 'sudah', 'saya', 'bayar', 'lohh', 'tagihan', 'cuma', '<num> rb', 'dendanya', '<num> rb', 'denda', 'apa', 'ini', '?', 'udah', 'laporan', 'ke', 'watsap', 'surya', 'sembada', 'gak', 'diresponudah', 'kasih', 'bukti', 'bayar', 'oktober', 'november']",
DPiRgn6k9BI,2025-11-10 11:41:39 WIB,futureman850,"['min', 'galianmu', 'pemeliharaan', 'pipa', 'seng', 'dikerjakno', 'rekanan', 'daerah', 'pertigaan', 'depan', 'depo', 'lokomotif', 'sidotopo', 'nggarakno', 'truk', 'keblowok', 'trus', 'mau', 'bengi', 'yo', 'onok', 'tabrakan', 'daerah', 'kunu', 'betul', 'seh', 'wes', 'onok', 'pagaer', 'kayu', 'dan', 'tandae', 'mbok', 'yo', 'ojok', 'suwe', 'suwe', 'proyekee', '<num>', 'bulan', 'lebih', 'gk', 'mari', 'mari']",
DPiRgn6k9BI,2025-11-10 18:59:54 WIB,inces_runy,"['siappsudah', 'saya', 'dm', 'min']",
DPiRgn6k9BI,2025-11-11 09:48:29 WIB,panggilnaw,"['dm', 'ku', 'kok', 'ga', 'dibales', 'kaka']",
DPiRgn6k9BI,2025-10-12 07:34:51 WIB,shelomitaayr,"['knp', 'pdam', 'air', '<num>', 'hati', 'kecil', 'ngalirnya', 'tlg', 'di', 'benahi']",
DPiRgn6k9BI,2025-10-12 09:16:25 WIB,shelomitaayr,"['kebraon', 'pak', 'saya', 'jadi', 'susah', 'beraktivitas']",
DPiRgn6k9BI,2025-10-12 17:15:13 WIB,ifa8416,"['masih', 'berlaku', 'gak', 'min', '?', '?']",
DPiRgn6k9BI,2025-10-12 23:38:52 WIB,andini_rahmadwiandini,"['stelah', 'persyaratan', 'lengkap', 'berapa', 'lama', 'proses', 'pemasangan', 'nya']",
DPiRgn6k9BI,2025-10-13 17:23:11 WIB,ibuk.acid,"['karah', 'kenapa', 'mati', 'lagi', 'airnya', '?', '?', '?', 'jam', 'segini', 'lho', 'gak', 'ada', 'pemberitahuan', 'moso', 'harus', 'tayamum']",
DPiRgn6k9BI,2025-10-13 19:40:37 WIB,alicee.veronaaa,"['saya', 'pengajuan', 'tgl', '<num>', 'sept', 'baru', 'keluar', 'rincian', 'tgl', '<num>', 'septitupun', 'kok', '<num>', 'blm', 'saya', 'bayar', 'batas', 'byr', 'smp', '<num>', 'oktober', 'knp', 'tdk', 'ikut', 'hrg', 'promo', '?', 'pdhal', 'agust', 'smp', '<num>', 'sept', 'ada', 'promo', 'jg']",
DPiRgn6k9BI,2025-10-14 13:37:42 WIB,alicee.veronaaa,"['saya', 'dm', 'ya', 'kak']",
DPiRgn6k9BI,2025-10-14 14:57:07 WIB,irma.vidy,"['rungkur', 'industri', 'airnya', 'mati']",
DPiRgn6k9BI,2025-10-15 10:12:41 WIB,supri.mundo,"['pdam', 'airnya', 'keruhbos']",
DPiRgn6k9BI,2025-10-15 20:01:41 WIB,ichsanguntur,"['kertjaya', '<num> c', 'kok', 'mengecil', 'pak', 'airnya', 'tidak', 'seperti', 'biasanya']",
DPiRgn6k9BI,2025-10-15 21:58:31 WIB,superdeden_,"['karang', 'menjangan', 'susah', 'air', 'boss']",
DPiRgn6k9BI,2025-10-16 08:16:36 WIB,raatihangraenii,"['ini', 'kenapa', 'tagihan', 'pdam', 'melonjak', 'drastiss']",
DPiRgn6k9BI,2025-10-16 18:00:59 WIB,roymarten,"['pdam', 'wonorejo', 'rungkut', 'kok', 'mati', '?', '?', '?']",
DPiRgn6k9BI,2025-10-17 10:18:29 WIB,novia.turrachmah,"['min', 'pengaduan', 'kok', 'ga', 'digubris', 'ya', 'cs', 'cuma', 'iya <num>', 'aja', 'tp', 'gaada', 'petugas', 'yg', 'dateng', '?', 'air', 'mati', 'udah', 'berhari <num>', 'krn', 'meterannya', 'bocor', 'awalnya', 'ga', 'kenapa <num>', 'habis', 'diganti', 'meteran', 'malah', 'bermasalah']",
DPiRgn6k9BI,2025-10-18 22:47:54 WIB,mam_tutz,"['info', 'gangguan', 'air', 'wilayah', 'babat', 'jerawat', 'bawah', 'pondok', 'benowo', 'indah']",
DPiRgn6k9BI,2025-10-19 04:12:37 WIB,diska_kristiani,"['lapor', 'pdam', 'gara <num>', 'banyu', 'ket', 'jumat', 'jam', '<num>', 'sampe', 'iki', 'mau', 'jam', '<num>', 'bengiii', 'lagek', 'nyala', 'ak', 'terpaksa', 'g', 'turu', 'howo', 'panasss', 'badan', 'pliket', 'kabehhh', 'nyala', 'langsung', 'mandi', 'isi', 'semua', 'bak', 'air', 'umbah <num>', 'jam', '<num>', 'subuhhh', 'yahmene', 'lagek', 'ape', 'turu', 'bossss']",
DPiRgn6k9BI,2025-10-19 09:43:35 WIB,quinthariarh,"['katanya', 'perbaikan', 'sudah', 'selesai', '?', 'tapi', 'kenapa', 'air', 'gak', 'nyala', 'apa', 'sudah', 'menjadi', 'rutinitas', 'pdam', 'setiap', 'wekeend', 'air', 'gak', 'nyala', '!', '!']",
DPiRgn6k9BI,2025-10-20 21:39:47 WIB,irwanagatot,"['ini', 'jl', 'juwingan', 'air', 'nya', 'mati', 'gak', 'ada', 'info', 'mohon', 'infonya', 'sampai', 'kapan', 'mati', '?']",
DPiRgn6k9BI,2025-10-21 16:25:53 WIB,elmidwi_hartanti,"['info', 'sampek', 'tgl', 'brp', 'promo', 'nya']",
DPiRgn6k9BI,2025-10-23 09:08:55 WIB,irishcartenz8,"['karah', 'air', 'mati', 'lagi', 'knp', 'min', 'pas', 'nggak', 'punya', 'air']",
DPiRgn6k9BI,2025-10-23 10:03:50 WIB,kokobramiko,"['ruwet', 'wes', 'mbayar', 'gak', 'dipasang-pasang', 'wes', 'meh', 'sebulan']",
DPiRgn6k9BI,2025-10-25 14:52:38 WIB,hameedaa71,"['mau', 'daftar', 'pasang', 'pdam', 'gimana', 'daftarnya']",
DPiRgn6k9BI,2025-10-26 08:35:02 WIB,rafikaiffah,"['knp', 'pdam', 'air', 'belum', 'normal', 'ini', 'sudah', 'satu', 'mingguan', 'inipagi', 'gak', 'nyala', 'wonorejo', 'manukan', 'kulon']",
DPiRgn6k9BI,2025-10-26 18:31:12 WIB,rizamuhammad260491,"['woeee', 'lidah', 'kulon', 'banyu', 'ne', 'matek', 'sedinoan']",
DPiRgn6k9BI,2025-10-26 20:28:56 WIB,rizamuhammad260491,"['terus', 'ini', 'ga', 'ada', 'perbaikan', '?', 'mati', 'mulai', 'kemarin', 'malam', 'lohh']",
DPiRgn6k9BI,2025-10-29 14:56:53 WIB,april.liatri,"['pdam', 'yang', 'terbaik', 'kenapa', 'air', 'saya', 'selalu', 'keruh', 'dan', 'bau', 'nya', 'kayak', 'air', 'airnya', 'bagus', 'hanya', 'di', 'jam', 'jam', 'tertentu', 'saya', 'sudah', 'pengajuan', 'complain', 'tapi', 'pas', 'di', 'cek', 'airnya', 'bersih', 'pas', 'saya', 'isi', 'di', 'jam', 'pagi', 'aja', 'semisal', 'airnya', 'bau', 'keruh', 'gimana', 'dong', 'pdam', 'saya', 'harus', 'mengadu', 'ke', 'siapa', 'dong', '?', '?', 'petugasnya', 'mungkun', 'sampek', 'bosen', 'tiap', 'hari', 'kerumah']",
DPiRgn6k9BI,2025-10-09 16:08:06 WIB,bakulgedangsusu,"['kebraon', 'banyune', 'mateek', 'caakkk']",
DPiRgn6k9BI,2025-10-09 16:09:05 WIB,karunia_ayu_mukti,"['paaakkleekk', 'kebraon', 'airnya', 'matiii']",
DPiRgn6k9BI,2025-10-09 16:12:18 WIB,inggit_putri18,"['kok', 'mati', 'lagi', 'pdam', 'kebraondan', 'seperti', 'bisa', 'ga', 'ad', 'pemberitahuan']",
DPiRgn6k9BI,2025-10-10 06:16:36 WIB,mayarini29,"['di', 'karah', 'airny', 'mati', 'ada', 'ap', 'yaaaaduuuh', 'efek', 'gorong <num>', 'ini', 'bikin', 'sedih', 'masak', 'dua', 'minggu', 'ini', 'gantian', 'yo', 'air', 'yo', 'wifi', 'moro', 'mati', 'trus']",
DPiRgn6k9BI,2025-10-10 11:49:52 WIB,susii_lowati19,"['saya', 'ngajukan', 'dari', 'tanggal', '<num>', 'september', 'sampai', 'sekarang', 'masih', 'blm', 'ada', 'pemasangan', 'sudah', '<num>', 'hari', 'masih', 'blm', 'ada', 'pemasangan']",
DPiRgn6k9BI,2025-10-10 11:51:09 WIB,susii_lowati19,"['padahal', 'kata', 'petugas', 'nya', 'waktu', 'saya', 'ngumpulin', 'berkas', 'menginfokan', 'semingguan', 'untuk', 'pemasangan', 'nya']",
DPiRgn6k9BI,2025-10-11 21:21:09 WIB,sawnturns,"['kebraonnn', 'mati', 'airnyaa', 'pakkk']",
DFKccJJPeW_,2025-06-27 00:43:33 WIB,handokomulyoadi,"['pdam', 'nok', 'kampung', 'candi', 'kuwukan', 'baru', 'metu', 'e', 'dalu', 'dalu', 'yo', 'kudu', 'melek', 'bendino', 'ket', 'masang', 'ga', 'tau', 'isok', 'ngerasakno', 'banyu', 'mancur', 'teko', 'kran', 'ya', 'opo', 'min', 'ben', 'laporan', 'ga', 'tau', 'onok', 'hasil', 'e', 'karo', 'solusi', 'e', 'di', 'janjikan', 'tok', 'sampe', 'sak', 'iki', 'yo', 'pancet', 'ae', 'ga', 'onok', 'perkembangan', 'e']",
DFKccJJPeW_,2025-07-08 20:39:55 WIB,johanliebertttt_,"['pdam', 'noroki', 'keluargaku', 'terus', 'tagihan', 'gamasuk', 'akal', 'mesti', 'alasane', 'ada', 'aja', 'yang', 'pelampung', 'rusak', 'lah', 'meteran', 'kurang', 'tinggi', 'lah', 'dll', 'howalah', 'yooo <num> mangkelno']",
DFKccJJPeW_,2025-07-14 15:15:24 WIB,paul7539459,"['sampaikan', 'kepegawai', 'anda', 'atas', 'nama', 'glen', 'putra', 'pradana', 'setiadarma', 'untuk', 'segera', 'bayar', 'tagihannya']",
DFKccJJPeW_,2025-07-14 15:22:13 WIB,paul7539459,"['suruh', 'bayar', 'hutang', 'kak']",
DFKccJJPeW_,2025-07-15 12:51:20 WIB,johanliebertttt_,"['nyenyenye', 'kesel', 'aku', 'ngrasakno', 'awkmu']",
DFKccJJPeW_,2025-07-16 07:19:52 WIB,mardhairaa_,"['air', 'di', 'wilayah', 'bungkal', 'sambikerep', 'mati']",
DFKccJJPeW_,2025-07-22 17:39:40 WIB,kamilaevi,"['hallo', 'min', 'bagaimana', 'ini', 'untuk', 'tanggapanpergsntian', 'meteran', 'yang', 'gagal', 'kebetulan', 'hari', 'ini', 'ada', 'petugas', 'dari', 'pdam', 'mengganti', 'meteran', 'rumah', 'saya', 'dserah', 'surabaya', 'pusat', 'kecamatankelurahan', 'bubutan', 'tetapi', 'justru', 'airnya', 'tidak', 'nyala', 'sama', 'sekali', 'mohon', 'untuk', 'fast', 'respon']",
DFKccJJPeW_,2025-07-29 10:38:33 WIB,chichit_maharanie_almuchtar,"['daftar', 'pasang', 'baru', 'hampir', '<num>', 'bulan', 'g', 'di', 'pasang <num>', 'ngerti', 'ngene', 'mending', 'borr', 'sumur', 'aja', 'kesuen']",
DFKccJJPeW_,2025-08-15 17:13:38 WIB,pram_de_loviennalkha,"['saiki', 'wilayah', 'pagedangan', 'dan', 'sekitarnya', 'ga', 'mari <num>', 'banyune', 'mati', 'jam', 'piro', 'iso', 'mirip', 'normal']",
DFKccJJPeW_,2025-09-01 13:18:34 WIB,endahhtopa,"['maaf', 'mau', 'nanya', 'min', 'apa', 'tarif', 'golongan', '<num>', 'bakal', 'dihapus', 'ya', 'karena', 'rumah', 'saya', 'ini', 'termasuk', 'tarif', 'golongan', '<num>', 'dan', 'itu', 'mahal', 'untuk', 'orang', 'gak', 'mampu', 'seperti', 'saya', 'tapi', 'rumah', 'rumah', 'sebelah', 'saya', 'masih', 'golongan', '<num>', 'waktu', 'saya', 'tanya', 'kepetugas', 'meteran', 'yang', 'keliling', 'katanya', 'itu', 'karena', 'tarif', 'golongan', '<num>', 'akan', 'dihapus']",
DFKccJJPeW_,2025-09-01 16:32:46 WIB,srikotiah,"['gila', 'ini', 'semenjak', 'meteran', 'diganti', 'tagihannya', '<num> <num> x', 'lipat', 'apa <num> an', 'ini']",
DFKccJJPeW_,2025-09-01 18:16:52 WIB,srikotiah,"['uda', 'dm', 'uda', 'chat', 'whatsapp', 'uda', 'telfon', 'juga', 'gaada', 'respon', 'semua']",
DFKccJJPeW_,2025-09-18 15:47:20 WIB,nurulwaki,"['mau', 'apakah', 'wilayah', 'lidah', 'kulon', 'pedukuhan', 'sepat', 'ada', 'peremajaan', 'meteran', 'dr', 'pdam', '?']",
DFKccJJPeW_,2025-09-18 15:48:48 WIB,nurulwaki,"['jika', 'ada', 'peremajaan', 'kenapa', 'setelah', 'diganti', 'meteran', 'putaranya', 'cepat', 'sekali']",
DFKccJJPeW_,2025-09-20 15:12:54 WIB,dougmiddlee_,"['tolong', 'pdam', 'bagian', 'surabaya', 'itu', 'diganti', 'kayak', 'di', 'sidoarjo', 'bening', 'seger', 'adem', 'surabaya', 'kok', 'keruh', 'apalagi', 'bagian', 'menganti', 'juga']",
DFKccJJPeW_,2025-10-10 06:33:39 WIB,primadia_amanda,"['pagi', 'ini', 'air', 'daerah', 'karah', 'mati', 'tidak', 'ada', 'pemberitahuan', 'ada', 'apa', 'ya', 'ini', '?']",
DFKccJJPeW_,2025-10-14 15:51:52 WIB,jastipbahagia,"['air', 'hampir', 'mati', 'tiap', 'hari', 'gimana', 'ini', 'min']",
DFKccJJPeW_,2025-10-15 00:50:45 WIB,shafaardini,"['air', 'mati', 'lagi', 'di', 'wisma', 'pagesangan', 'tidak', 'ada', 'pemberitahuan', 'tiba', ""''"", 'mati']",
DFKccJJPeW_,2025-10-19 10:36:23 WIB,kris_acenk,"['barusan', 'rumah', 'saya', 'didatangi', 'yg', 'mengaku', 'petugas', 'pdam', 'dengan', 'tujuan', 'mengganti', 'meteran', 'pdam', 'saat', 'saya', 'tanya', 'surat', 'tugas', 'beliau', 'tidak', 'bisaenunjukkan', 'saya', 'sempat', 'foto', 'orange', 'dan', 'kendaraan', 'setalah', 'tidak', 'bisa', 'menunjukkan', 'surat', 'tugas', 'mereka', 'langsung', 'pergi', 'dengan', 'alasan', 'terlalu', 'rumit', 'bongkarnya']",
DFKccJJPeW_,2025-10-22 19:36:51 WIB,putridaniarw,"['simo', 'tambaan', 'tadi', 'barusan', 'mertua', 'didatangi', 'petugas', 'abal', ""''"", 'disuruh', 'ganti', 'meteran']",
DFKccJJPeW_,2025-10-27 13:59:14 WIB,astrichanteratai,"['kenapa', 'meteran', 'masih', 'ok', 'walaupun', 'lama', 'kenapa', 'harus', 'ganti', 'segala', '?']",
DFKccJJPeW_,2025-10-27 20:47:59 WIB,ekypradana,"['tidak', 'ada', 'petugas', 'yg', 'datang', 'buat', 'cek', 'meteran', 'nanti', 'selalu', 'yg', 'disalahkan', 'pelanggan']",
DFKccJJPeW_,2025-11-11 14:12:01 WIB,sholikinwatanabe,"['apa', 'ada', 'peremajaan', 'meteran', 'di', 'wilayah', 'rungkut']",
DFKccJJPeW_,2025-11-12 13:40:47 WIB,sholikinwatanabe,"['baik', 'min', 'makasih', 'infonya', 'soalnya', 'gak', 'ada', 'info', 'dari', 'pihak', 'terkait', 'rtrw', 'takutnya', 'modus', 'penipuan', 'kemarin', 'sempat', 'curiga', 'pas', 'tiba-tiba', 'ada', '<num>', 'orang', 'mau', 'ganti', 'meteran', 'air', 'untungnya', 'pas', 'saya', 'tanya', 'spk', 'dan', 'id', 'cardnya', 'ada', 'semua']",
DFKccJJPeW_,2025-11-14 06:17:50 WIB,kanawaaan,"['wi', 'pdam', 'ajg', 'ari', 'ga', 'nyala', 'sampe', '<num>', 'minggu', 'gabisa', 'mandi', 'ga', 'bisa', 'sekolah', 'ni', 'gimana', 'lu', 'bego', 'kali', 'ya', 'pdam', 'masa', 'ada', 'pembenahan', 'doang', 'dimatiin', 'ga', 'kasian', 'ama', 'yang', 'ga', 'gabisa', 'sekolah', 'garagara', 'air', 'matigabisa', 'mandi', '?']",
DFKccJJPeW_,2025-04-30 15:44:23 WIB,sismianah,"['terimakasih', 'pelayanannya']",
DFKccJJPeW_,2025-04-30 22:25:09 WIB,diandrawulan113,"['kalijudan', '<num>', 'kadang', 'nyala', 'itupun', 'kecil', 'sekali', 'kadang', 'mati', 'udah', '<num>', 'hari', 'ini', 'kalau', 'emang', 'ada', 'perbaikan', 'kenapa', 'lama', 'sekali', 'daerah', 'mana', 'yg', 'diperbaiki', 'kok', 'imbasnya', 'lama', 'sekali', 'd', 'kalijudan']",
DFKccJJPeW_,2025-05-04 10:49:59 WIB,mc_rinov,"['gmn', 'pemberitahuan', 'resminya', 'kalo', 'memang', 'peraturan', 'kost', '<num>', 'kamar', 'dikenakan', 'tarif', '<num> a', '?', 'apa', 'akal <num> an', 'petugas', 'aja', 'dikira', 'kalo', 'punya', 'kost', 'penghasilan', 'banyak', 'gitu', '?', 'trs', 'diganti', 'dari', '<num>', 'ke', '<num> a', '?', 'ini', 'cuma', '<num>', 'kamar', 'bukan', '<num>', 'atau', '<num>', 'kamar']",
DFKccJJPeW_,2025-05-06 11:45:05 WIB,achmad_syarifudin91,"['air', 'pdam', 'makin', 'hari', 'makin', 'kotor', 'sekali', 'apa', 'nggak', 'd', 'treatment', '?', 'masak', 'perusahaan', 'daerah', 'air', 'minum', 'jangankan', 'air', 'nya', 'di', 'minum', 'mau', 'mandi', 'aja', 'nggak', 'layak', 'sudah', 'dpasang', 'filter', '<num>', 'micron', 'pun', 'nggak', 'ada', 'hasil']",
DFKccJJPeW_,2025-05-14 10:47:37 WIB,firdaulyh,"['gimana', 'si', 'udah', 'menghubungi', 'layanan', 'pengaduan', 'sudah', 'hampir', 'seminggu', 'tidak', 'ada', 'tindak', 'lanjut']",
DFKccJJPeW_,2025-05-15 10:25:34 WIB,achmad_vetty_fino,"['biaya', 'retribusi', 'itu', 'untuk', 'apa', 'ya']",
DFKccJJPeW_,2025-05-16 11:18:50 WIB,reika.id,"['ini', 'kok', 'tagihan', 'saya', 'naik', 'terus', 'ya', 'penggunaan', 'normal', 'max', '<num> rb', 'bulan', 'lalu', 'membengkak', 'jadi', '<num> rb', 'sekian', 'karna', 'ada', 'kerusakan', 'di', 'pelampung', 'tandon', 'tapi', 'sudah', 'dibetulkan', 'dari', 'bulan', 'lalu', 'sekarang', 'kok', 'tagihannya', 'malah', 'jadi', '<num> rb']",
DFKccJJPeW_,2025-05-18 16:31:34 WIB,mohcatur,"['kalilom', 'lor', 'timur', 'gang', '<num>', 'air', '<num>', 'hari', 'gak', 'masuk', 'duh', 'susah']",
DFKccJJPeW_,2025-05-18 16:32:38 WIB,mohcatur,"['pdam', 'tdk', 'keluar', 'kalilom', 'lor', 'timur', 'gang', '<num>', 'aduh', 'susah', 'udah', 'komplain', 'tapi', 'lama', 'aduh']",
DFKccJJPeW_,2025-05-19 13:51:09 WIB,rahmawati__r,"['tadi', 'barusan', 'ada', 'entah', 'oknum', 'atau', 'pegawai', 'pdam', 'datang', 'tapi', 'tidak', 'sesuai', 'sop', 'tolong', 'untuk', 'wilayah', 'kebraon', 'dipantau', 'lagi', 'dan', 'disesuaikan', 'dengan', 'sop', 'yang', 'sudah', 'dibuat', 'oleh', 'pdam', 'sendiri', 'saya', 'ada', 'videonya', 'jadi', 'saya', 'ada', 'bukti', 'bilang', 'begitu', 'mohon', 'di', 'perketat', 'lagi', 'untuk', 'petugas', 'lapangan', 'supaya', 'kita', 'sebagai', 'konsumen', 'juga', 'yakin', 'bahwa', 'itu', 'dari', 'pdam', 'pusat']",
DFKccJJPeW_,2025-05-20 11:41:24 WIB,kang_min_pcn,"['halo', 'kenapa', 'hot', 'line', '<num>', 'tidak', 'bisa', 'dihubungi', '?', 'sudah', 'saya', 'coba', 'tiap', 'hari', 'beberapa', 'kali', 'semingguan', 'ini', 'menu', '<num>', 'sibuk', 'terus', 'mau', 'konfirmasi', 'sudah', 'disurvey', 'tapi', 'tidak', 'ada', 'kelanjutan']",
DFKccJJPeW_,2025-05-20 13:42:35 WIB,elok_praptiningsih,"['iya', 'kenapa', 'banget', 'gini', 'selalu', 'beeberapa', 'bulan', 'pasti', 'ada', 'kejutan', 'tiba <num>', 'tagihan', 'jadi', 'berlipat', 'lipat', 'kenanya']",
DFKccJJPeW_,2025-05-23 21:51:09 WIB,papowbaby,"['penangganan', 'nya', 'lama', 'sekali', 'di', 'wa', 'tidak', 'ada', 'kelanjutan', 'di', 'dm', 'juga', 'lama', 'skali']",
DFKccJJPeW_,2025-05-25 09:50:54 WIB,rrosedee,"['halo', 'pdam', 'daerah', 'simomulyo', 'baru', 'mati', 'aliran', 'airnya', 'kok', 'ndak', 'ada', 'pemberitahuan', 'ya']",
DFKccJJPeW_,2025-05-25 09:51:39 WIB,rrosedee,"['dari', 'sabtu', 'malam', 'sampai', 'skr', 'minggu', 'tgl', '<num>', 'mei', 'masih', 'belum', 'nyala']",
DFKccJJPeW_,2025-05-25 09:52:20 WIB,rrosedee,"['sdh', 'laporan', 'hotline', 'blm', 'ada', 'petugas', 'yg', 'datang', 'tolong', 'responnya']",
DFKccJJPeW_,2025-05-26 11:13:15 WIB,fatimah_imey93,"['saya', 'juga', 'min', 'untuk', 'pemasangan', 'baru', 'survei', 'sdah', 'lewat', '<num>', 'minggu', 'levih', 'tpi', 'belum', 'ada', 'kelanjutan', 'bisa', 'apa', 'ga', 'bisanya']",
DFKccJJPeW_,2025-05-28 16:25:16 WIB,yuliarahmayr,"['ini', 'gimana', 'min', 'wonosari', 'bulak', 'banteng', 'dan', 'sekitarnya', 'airnya', 'mati', 'haduhhh', 'haduhhh-']",
DFKccJJPeW_,2025-05-31 09:28:08 WIB,permenkaki500,"['tolong', 'sampaikan', 'kepada', 'karyawan', 'yg', 'bernama', 'imam', 'chanafi', 'untuk', 'membayar', 'hutang', 'nya']",
DFKccJJPeW_,2025-06-03 15:30:16 WIB,albaniraditya.ss,"['pak', 'masak', 'belum', 'bayar', '<num>', 'bulan', 'biaya', 'admin', 'udah', '<num> k', 'ajaaini', 'bener', 'harga', 'segitu', 'gilaa']",
DFKccJJPeW_,2025-06-07 01:17:03 WIB,triswanhars,"['antri', 'survey', 'terus', 'update', 'statusnya', 'ganti', 'alamt', 'tidak', 'ketemu', 'disuruh', 'hubungi', 'wa', 'bot', 'lagi', 'padahal', 'pas', 'pengajuan', 'sudah', 'di', 'pin', 'lokasinya', 'nomer', 'rumah', 'juga', 'ada', 'jelas', 'kok', 'bisa', 'gak', 'ketemu', '?', 'gak', 'niat', 'banget', 'wtf', 'cek', 'dm', 'min']",
DFKccJJPeW_,2025-06-08 14:25:36 WIB,karinabeautysafira,"['barusan', 'ada', 'petugas', 'pdam', 'dtg', 'kerumah', 'saya', 'dg', 'tujuan', 'peremajaan', 'meteran', 'tetapi', 'petugas', 'tdk', 'memberikan', 'surat', 'tugasnya', 'dan', 'tdk', 'memakai', 'idcard', 'apakah', 'memang', 'benar', 'sedang', 'ada', 'peremajaan', 'meteran', 'air', 'untuk', 'wilayah', 'kel', 'nginden', 'jangkungan']",
DFKccJJPeW_,2025-06-09 17:32:12 WIB,ikha.y16,"['komplen', 'kenapa', 'beberapa', 'bulan', 'tagihan', 'air', 'naik', 'terus', 'ya']",
DFKccJJPeW_,2025-06-09 17:33:39 WIB,ikha.y16,"['kenapa', 'beberapa', 'bulan', 'tagihan', 'air', 'naik', 'terus', 'ya']",
DFKccJJPeW_,2025-06-10 08:14:11 WIB,im_happy1617,"['pdam', 'kota', 'bogor', 'tolong', 'di', 'bagusin', 'pak', 'biar', 'klo', 'pagi', 'dan', 'sore', 'ga', 'mati', 'air', 'jd', 'mau', 'ngapa', 'ngapain', 'gak', 'bisa']",
DFKccJJPeW_,2025-06-13 13:06:34 WIB,ekypradana,"['pelayanan', 'pemerintah', 'modern', 'tapi', 'dilapangan', 'seperti', 'jaman', 'majapahit', 'nagih', 'nomor', '<num>', 'pelayanan', 'stagnan']",
DFKccJJPeW_,2025-06-13 14:45:06 WIB,ekypradana,"['saya', 'telpon', '<num>', 'hari', 'sibuk', 'terus']",
DFKccJJPeW_,2025-06-13 22:21:52 WIB,arifwardani27,"['malam', 'pdam', 'surabayaini', 'saya', 'mau', 'mengajukan', 'pengaduanini', 'saya', 'mau', 'meninggikan', 'meteran', 'airterus', 'di', 'suruh', 'bayar', '<num> ksetelah', 'bayar', 'kok', 'gak', 'di', 'respons', 'ya', 'di', 'wasudah', '<num>', 'minggu', 'lebih', 'setelah', 'bayar', 'gak', 'ada', 'petugas', 'yang', 'datangterus', 'uang', 'yang', 'saya', 'bayar', 'kemarin', 'kemanaminta', 'tolong', 'untuk', 'di', 'tindak', 'lanjuti']",
DFKccJJPeW_,2025-06-15 17:37:43 WIB,beruangkentut01,"['kebraon', 'air', 'mati', 'ya', '?']",
DFKccJJPeW_,2025-06-15 17:40:18 WIB,wennyisnaeni,"['malam', 'ini', 'di', 'wilayah', 'balas', 'klumprikpondok', 'maritim', 'pdam', 'mati', 'yakok', 'tdk', 'ada', 'pemberitahuan', 'to']",
DFKccJJPeW_,2025-06-15 17:59:00 WIB,arumdewi06,"['air', 'mati', 'area', 'dukuh', 'pakis', 'gak', 'ada', 'pemberitahuan', 'sih', 'min']",
DFKccJJPeW_,2025-06-15 18:09:49 WIB,susanti.efi84,"['halo', 'pdam', 'wilayah', 'babatan', 'kec', 'wiyung', 'airnya', 'mati', 'sampe', 'kapan', 'mengalir', 'lagi']",
DFKccJJPeW_,2025-06-15 18:53:28 WIB,hendy_dwihari,"['selamat', 'malam', 'daerah', 'putat', 'jaya', 'air', 'tidak', 'keluar', 'apa', 'ada', 'kendala']",
DFKccJJPeW_,2025-06-18 08:37:06 WIB,assyahh5,"['maaf', 'min', 'mau', 'nayakalu', 'ganti', 'meteran', 'apa', 'harus', 'bayar', 'ya']",
DFKccJJPeW_,2025-04-11 06:16:42 WIB,tiara_180319,"['pemasangan', 'baru', 'tidak', 'ada', 'kelanjutan', 'setelah', 'surveykatanya', 'bisa', 'komplain', 'cs', 'lewat', 'wasedangkan', 'di', 'wa', 'gak', 'ada', 'tanggapan', '...']",
DFKccJJPeW_,2025-04-11 10:04:43 WIB,tiara_180319,"['siap', 'terima', 'kasih', 'pak']",
DFKccJJPeW_,2025-04-12 15:06:26 WIB,leonidas_alexanders_strongest,"['aliran', 'air', 'di', 'mojo', 'segera', 'ditindak', 'lanjuti', 'dari', 'pada', 'saya', 'datangi', 'kantornya']",
DFKccJJPeW_,2025-04-13 17:57:29 WIB,dianto0996,"['maaf', 'ni', 'mau', 'tanya', 'kalau', 'air', 'pdam', 'daerah', 'surabaya', 'wiyung', 'kotor', 'sminggu', 'lebih', 'tolong', 'di', 'cek', 'kondisi', 'tandon', 'atau', 'stok', 'air', 'trimakasih']",
DFKccJJPeW_,2025-04-20 19:44:40 WIB,shicya_cute,"['min', 'kalau', 'puteran', 'pdam', 'dol', 'itu', 'sya', 'ngadu', 'kesiapa', 'ya']",
DFKccJJPeW_,2025-04-21 08:24:24 WIB,faizahindryna,"['pdam', 'ga', 'waras', 'tagihan', 'setelah', 'hari', 'raya', 'selalu', 'tiba <num>', 'naik', 'drastis', 'petugas', 'salah', 'nyatat', 'harusnya', '<num>', 'malah', 'ditulis', '<num>', 'gilak', 'tagihanku', 'jadi', '<num> rb', 'bulan', 'ini', 'gila', 'jgn', 'ngawur', 'lah', 'org', 'di', 'rmh', 'isinya', 'cmn', '<num>', 'org', 'gaada', 'kebocoran', 'sama', 'sekali', 'gaada', 'kolam', 'renang', 'air', 'cmn', 'di', 'pake', 'buat', 'mandi', 'saka', 'cuci', 'baju', 'kok', 'bisa', 'tagihan', 'bulan', 'mei', 'kmrn', '<num> rb', 'gils']",
DFKccJJPeW_,2025-04-21 14:50:33 WIB,niarizkyy,"['td', 'ada', 'petugas', 'pdam', 'ke', 'rmh', 'namun', 'tdk', 'menggunakan', 'seragam', 'resmin', 'pdam', 'katanya', 'mau', 'peremajaan', 'meteran', 'apa', 'betul', '?', 'untuk', 'kelurahan', 'dukuh', 'menanggal']",
DFKccJJPeW_,2025-04-21 19:58:19 WIB,harry_loe,"['ngajuin', 'surat', 'keberatan', 'tagihan', 'dari', 'bulan', 'januari', 'sampe', 'sekarang', 'gak', 'ada', 'tanggapan', 'tagihan', 'naik', 'gara <num>', 'meter', 'pdam', 'yg', 'rusak', 'malah', 'pelanggan', 'yang', 'harus', 'bayar', 'kelebihan', 'tagihannya', 'sekelas', 'perusahaan', 'daerah', 'koq', 'gak', 'profesional', 'gini']",
DFKccJJPeW_,2025-04-21 21:12:50 WIB,harry_loe,"['sy', 'sudah', 'pernah', 'dm', 'telpon', 'cs', 'masa', 'iya', 'kalo', 'serius', 'di', 'follow', 'up', 'sampe', '<num>', 'bulan', '?', '?']",
DFKccJJPeW_,2025-04-22 12:09:23 WIB,shicya_cute,"['iya', 'stop', 'kran', 'atau', 'puteran', 'yg', 'dimeteran', 'airnya', 'itu', 'sya', 'sudah', 'telp', 'ke', 'call', 'center', 'pdam', 'tapi', 'gk', 'aktif', 'gk', 'bisa', 'ditelp']",
DFKccJJPeW_,2025-04-22 19:58:28 WIB,shicya_cute,"['sya', 'sudah', 'whatsapp', 'centernya', 'pdam', 'sudah', 'direspon', 'harus', 'ganti', 'stopkrannya', 'dgn', 'harga', '<num>']",
DFKccJJPeW_,2025-04-22 20:33:43 WIB,essazulfikarsalas,"['halo', 'kak', 'selamat', 'malam', 'maaf', 'mengganggu', 'waktunya', 'saya', 'ingin', 'menyampaikan', 'keluhan', 'terkait', 'aliran', 'air', 'pdam', 'di', 'wilayah', 'tempat', 'tinggal', 'saya', 'di', 'daerah', 'keputih', 'makam', 'blk', 'e <num>', 'sudah', 'cukup', 'lama', 'air', 'hanya', 'mengalir', 'pada', 'malam', 'hari', 'sekitar', 'pukul', '<num>', 'ke', 'atas', 'sedangkan', 'dari', 'pagi', 'hingga', 'sore', 'hari', 'sama', 'sekali', 'tidak', 'ada', 'aliran', 'air', 'hal', 'ini', 'tentu', 'sangat', 'menyulitkan', 'aktivitas', 'rumah', 'tangga', 'kami', 'selain', 'itu', 'tekanan', 'air', 'yang', 'masuk', 'ke', 'rumah', 'sangat', 'kecil', 'bahkan', 'jika', 'saya', 'lupa', 'menutup', 'valve', 'pipa', 'air', 'di', 'tandon', 'bisa', 'tersedot', 'habis', 'diduga', 'karena', 'sistem', 'distribusi', 'air', 'di', 'lingkungan', 'kami', 'menggunakan', 'skema', 'seri', 'bukan', 'paralel', 'ini', 'menyebabkan', 'aliran', 'air', 'tidak', 'stabil', 'dan', 'tidak', 'tersedia', 'selama', '<num>', 'jam']",
DFKccJJPeW_,2025-04-22 22:07:37 WIB,ainunnadifah22,"['tagihan', 'yg', 'sangat', 'tidak', 'masuk', 'akal', 'jika', 'kelas', 'tarif', 'dipindah', 'ya', 'harus', 'info', 'dong', 'ga', 'langsung', 'di', 'naikkan', 'harga', 'pdam', 'dr', 'harga', '<num> rb', 'bulan', 'ini', 'masuk', '<num> rb', 'usaha', 'kecil', 'diperkampung', 'untung', 'pun', 'hanya', 'sedikit']",
DFKccJJPeW_,2025-04-23 09:21:26 WIB,esuhar1,"['air', 'pdam', 'daerah', 'jemurwonosari', 'pagi', 'sdh', 'mati', 'sore', 'juga', 'kalau', 'pun', 'keluar', 'kecil', 'juga', 'kotor', 'tolong', 'd', 'cek']",
DFKccJJPeW_,2025-04-24 08:59:27 WIB,hermawan_soekadi,"['ancene', 'lemot', 'pdam', 'iku', 'q', 'ae', 'hmpir', '<num>', 'minggu', 'wes', 'laporan', 'materan', 'q', 'mati', 'n', 'banyu', 'metu', 'e', 'ciliksampek', 'saiki', 'lho', 'grong', 'ditangani']",
DFKccJJPeW_,2025-04-24 09:01:08 WIB,hermawan_soekadi,"['yo', 'sido', 'tak', 'ajak', 'ngopi', 'lak', 'ketemu', 'q', 'bah', 'orie', 'bah', 'gakmbulet', 'sikat', 'ae', 'langsung', 'prei', 'wong', 'ruwet']",
DFKccJJPeW_,2025-04-24 10:51:48 WIB,hermawan_soekadi,"['wes', 'mari', 'ket', 'mau']",
DFKccJJPeW_,2025-04-24 10:53:07 WIB,hermawan_soekadi,"['wes', 'mari', 'ket', 'mau', 'wes', 'kunu', 'ndang', 'diwoco', 'dm', 'q', 'n', 'lngsung', 'bergerak', 'ngunu', 'lho']",
DFKccJJPeW_,2025-04-24 22:46:59 WIB,bakoelkopi_sby,"['pertanyaan', 'retribusi', '<num> rb', 'di', 'kampung', 'itu', 'buat', 'apa', 'ya']",
DFKccJJPeW_,2025-04-25 19:16:56 WIB,novandi_dwi,"['pak', 'tolong', 'tenggumung', 'wetan', 'gang', 'garuda', 'mati', 'udah', '<num>', 'hari', 'ini', 'tolong', 'di', 'tindak', 'lanjuti']",
DFKccJJPeW_,2025-04-27 09:26:16 WIB,maykliray,"['dds', 'e', 'g', 'dzddanz']",
DFKccJJPeW_,2025-04-28 00:08:03 WIB,diandrawulan113,"['kenapa', 'air', 'd', 'kalijudan', 'mati', 'hari', 'ini', 'sampai', 'sekarang', 'blm', 'klwr']",
DFKccJJPeW_,2025-04-28 05:44:36 WIB,sismianah,"['air', 'pdam', 'wilayah', 'utara', 'surabaya', 'setro', 'baru', 'utara', 'sulit', 'mengalir', 'kecil', 'tolong', 'di', 'tl']",
DFKccJJPeW_,2025-04-28 05:46:32 WIB,sismianah,"['tolong', 'dicek', 'setro', 'baru', 'utara', 'air', 'terlalu', 'kecil', 'sehingga', 'tandon', 'tidak', 'mengisi', 'tolong', 'di', 'tindak', 'lanjuti', 'terimakasih', 'setro', 'baru', 'utara', '<num>']",
DFKccJJPeW_,2025-04-28 16:30:12 WIB,sismianah,"['siap', 'saya', 'sdh', 'dm']",
DFKccJJPeW_,2025-04-28 16:31:19 WIB,sismianah,"['siap', 'saya', 'sudah', 'dm']",
DFKccJJPeW_,2025-04-29 07:11:43 WIB,sismianah,"['pdam', 'tidak', 'keluar', 'air', 'setro', 'baru', 'utara', '<num>']",
DFKccJJPeW_,2025-04-29 07:12:21 WIB,sismianah,"['mohon', 'ditindak', 'lanjuti']",
DFKccJJPeW_,2025-04-30 08:52:19 WIB,diahpalupi1,"['cra', 'hubungi', 'gmna', 'ya', 'biar', 'ada', 'kejelasan', 'sya', 'sudah', 'byar', 'biaya', 'penggantian', 'stop', 'kran', 'ktanya', 'nunggu', '<num> <num> hari', 'tp', 'smpai', 'hari', 'ke', '<num>', 'blm', 'ada', 'petugas', 'dtang', 'tlong', 'pencerahan', 'nya', 'min']",
DFKccJJPeW_,2025-01-24 07:46:09 WIB,reza_somad,"['biasanya', 'petugas', 'pdam', 'sdh', 'ijin', 'rt', 'dan', 'petugas', 'keamanan']",
DFKccJJPeW_,2025-02-16 08:44:41 WIB,annisanmy,"['pdam', 'naik', 'melulu', 'ya', '?']",
DFKccJJPeW_,2025-02-16 12:15:15 WIB,aini_al_aydrus,"['air', 'ya', 'klo', 'pagi', 'dan', 'jam', '<num>', 'sore', 'kenapa', 'selalu', 'mati']",
DFKccJJPeW_,2025-02-17 15:07:10 WIB,dhevygilang,"['pdam', 'februari', 'melonjak', 'sekali', 'ya', 'admin', 'biasany', 'normal', '<num> rbuan', 'ini', 'di', 'cek', 'hampir', '<num>', 'ribuan', 'mohon', 'di', 'bantu', 'infonya']",
DFKccJJPeW_,2025-02-17 16:16:50 WIB,dhevygilang,"['<num>', 'usman']",
DFKccJJPeW_,2025-02-17 19:34:16 WIB,muarizkis,"['halo', 'saya', 'pakai', 'cuma', '<num> m <num>', 'setiap', 'bulan', 'kenapa', 'tagihan', 'selalu', '<num> m <num>', 'ya', 'kak', '?']",
DFKccJJPeW_,2025-02-18 08:36:03 WIB,mr_yoel_setiawan,"['petugas', 'yg', 'dtg', 'ada', 'bbrpa', 'jd', 'bingung']",
DFKccJJPeW_,2025-02-18 09:32:59 WIB,mr_yoel_setiawan,"['iya', 'smua', 'berseragamwaktu', 'itu', 'ada', 'yf', 'bawa', 'alat', 'trus', 'di', 'tempel', 'ke', 'meteran']",
DFKccJJPeW_,2025-02-18 10:26:02 WIB,mr_yoel_setiawan,"['nah', 'masalahe', 'ketika', 'selesai', 'dia', 'br', 'tanya', 'ini', 'alamatnya', 'mana', 'ya', 'pak', '?', 'kalau', 'mendeteksi', 'keocoran', 'kan', 'hrs', 'e', 'sudah', 'ada', 'surat', 'jalan', 'ke', 'blok', 'mana', 'dan', 'no', 'brp']",
DFKccJJPeW_,2025-02-19 10:01:11 WIB,jefrisusilo,"['laporan', 'ke', 'pdam', 'tambah', 'dikasih', 'nomer', 'pencatat', 'meterditelp', 'gaknisanwoi', 'piye', 'iki', 'tagihan', 'ku', 'gak', 'sesuai', 'meteran', 'fast', 'respon', 'dong']",
DFKccJJPeW_,2025-02-19 10:01:43 WIB,jefrisusilo,['woimin'],
DFKccJJPeW_,2025-02-20 07:33:02 WIB,cholik46,"['benar', 'nih', 'di', 'alamat', 'tenggumung', 'karya', 'gang', '<num>', 'surabaya', 'jam', '<num>', 'subuh', 'sampai', 'jam', '<num>', 'pagi', 'mati', 'terus', 'jam', '<num>', 'sore', 'sampai', 'jam', '<num>', 'malam', 'mati']",
DFKccJJPeW_,2025-02-20 13:37:43 WIB,aini_al_aydrus,"['sama', 'pak', 'begitu', 'truss', 'udh', 'lapor', 'bolak', 'balek', 'tetep', 'bgitu']",
DFKccJJPeW_,2025-02-26 18:04:24 WIB,minimey743,"['<num>', 'bulan', 'tagihan', 'air', 'kenapa', 'melonjak', 'ya']",
DFKccJJPeW_,2025-03-01 09:17:53 WIB,dshellysss,"['sama', 'naik', 'semua', 'ini', 'juga', 'komplenbiasanya', 'cuma', '<num> an', 'sekrang', '<num> anduh', 'semua', 'serba', 'membayar', 'to', '...', 'jadi', 'g', 'percaya', 'sama', 'pemerintah', 'begini']",
DFKccJJPeW_,2025-03-05 04:37:04 WIB,illy.disini,"['sama', 'bgt', 'kak', 'biasa', '<num> rb', 'eh', 'tba <num>', 'maret', '<num>', 'aneh', 'bgt', 'pdhl', 'petugas', 'dateng', 'jg', 'ga', 'ada', 'kebocoran', 'makin', 'ga', 'pham', 'lg', 'sistemnya', 'gmnaaa']",
DFKccJJPeW_,2025-03-06 19:38:48 WIB,iirmawulan,"['denda', 'pdam', 'telat', 'ngalah <num> in', 'pinjol', '<num> k', 'jadi', '<num> k', 'parahhh']",
DFKccJJPeW_,2025-03-06 20:36:24 WIB,iirmawulan,"['sudah', 'bayar', 'saya', 'denda', 'telat', '<num>', 'gilaa', 'bgt']",
DFKccJJPeW_,2025-03-09 07:39:46 WIB,endahhtopa,"['kenapa', 'ya', 'pdam', 'saya', 'itu', 'dulunya', 'tarifnya', 'gol', '<num>', 'tiba-tiba', 'berubah', 'jadi', '<num>', 'padahal', 'tetangga', 'saya', 'semuanya', 'tarif', 'gol', 'nya', '<num>', 'ada', 'yg', 'seperti', 'saya', 'tapi', 'itu', 'punya', 'kos', 'sedangkan', 'saya', 'saja', 'rumah', 'pribadi', 'dan', 'gk', 'menyalurkan', 'air', 'ke', 'tetangga', 'rumah', 'saya', 'juga', 'gk', 'besar', 'malahan', 'ada', 'lho', 'dipintunya', 'tulisan', '``', 'keluarga', 'miskin', ""''"", 'yg', 'dari', 'pemerintah', 'gara-gara', 'hal', 'itu', 'tarif', 'pdam', 'saya', 'menjadi', 'banyak', 'setiap', 'bulannya', 'padahal', 'saya', 'sampai', 'ngirit', 'pakai', 'air', 'nya']",
DFKccJJPeW_,2025-03-13 22:02:09 WIB,akmalfrd,"['sakben', 'maghrib', 'banyune', 'buko', 'makane', 'g', 'mancur', '?', '?', 'opo', 'sanyomu', 'rusak', 'gak', 'kuat', 'nyemprot', 'sampek', 'kapas', 'gading', 'madya', '?']",
DFKccJJPeW_,2025-03-17 17:15:23 WIB,_mumu.m12,"['dari', 'pagi', 'tadi', 'air', 'nggak', 'keluar', 'parah', 'parah']",
DFKccJJPeW_,2025-03-17 18:07:40 WIB,_mumu.m12,"['udah', 'dm', 'nggak', 'dibalas', 'percuma']",
DFKccJJPeW_,2025-03-21 23:24:15 WIB,restiani41,"['air', 'yg', 'keluar']",
DFKccJJPeW_,2025-03-24 14:58:46 WIB,rereawandaerto,"['hari', 'ini', 'barusan', 'jam', '<num>', 'wib', 'air', 'mati', 'di', 'daerah', 'kebraon', 'tolong', 'petugas', 'cek', 'ke', 'lapangan']",
DO-Gmy3k2oA,2025-10-02 05:37:18 WIB,fredlina,"['mohon', 'dibantu', 'pak', 'pdam', 'wilayah', 'kebraon', 'dst', 'air', 'tidak', 'mengalir', 'dari', 'tgl', '<num>', 'jm', '<num>', 'malam', 'smpe', 'pagi', 'ini', 'dan', 'itu', 'sering', 'terjadi', 'tidak', 'ada', 'kompensasi', 'air', 'tangki']",
DO-Gmy3k2oA,2025-10-02 06:33:50 WIB,pundirama,"['wayahe', 'budal', 'sekolah', 'budal', 'kerjo', 'malah', 'pdam', 'mati', 'daerah', 'pondok', 'maritim', 'kelbalas', 'klumprik']",
DO-Gmy3k2oA,2025-10-03 05:53:18 WIB,yusuf_yogadinata,"['daerah', 'gading', 'karya', 'ben', 'isuk', 'mati', 'banyune', 'sore', 'yo', 'mati']",
DO-Gmy3k2oA,2025-10-03 05:54:04 WIB,yusuf_yogadinata,"['wes', 'sak', 'ulan', 'lebih', 'ngono', 'terus']",
DO-Gmy3k2oA,2025-10-05 21:36:44 WIB,bremana_adi,"['sore', 'sampai', 'malam', 'air', 'mati', 'daerah', 'komplek', 'tni', 'al', 'juanda', 'menyusahkan']",
DO-Gmy3k2oA,2025-10-06 07:13:17 WIB,bremana_adi,"['belum', 'juga', 'keluar', 'air', 'gimana', 'ini']",
DO-Gmy3k2oA,2025-10-06 08:27:50 WIB,bremana_adi,"['komplek', 'tni', 'al', 'juanda', 'dari', 'kemarin', 'sore', 'kami', 'tidak', 'ada', 'air', 'mau', 'sekolah', 'mau', 'ke', 'kantor']",
DO-Gmy3k2oA,2025-10-07 02:11:43 WIB,agungprasetyodh,"['air', 'di', 'kebraon', 'hari', 'ini', 'mati', 'lagi', 'tp', 'tidak', 'ada', 'informasi', 'sm', 'sekali', 'petugas']",
DO-Gmy3k2oA,2025-10-07 06:58:35 WIB,ardigun09,"['hari', 'ini', 'pagi', 'pdam', 'di', 'kebraon', 'gang', 'sekolahan', 'mati', 'sejak', 'perbaikan', 'di', 'gang', 'tomat', 'kebraon', 'tiap', 'pagi', 'mati', 'dan', 'debit', 'air', 'mengecil', 'mohon', 'ada', 'perbaikan', 'di', 'wilayah', 'sini', 'pokoknya', 'sejak', 'saat', 'itu', 'tekanan', 'air', 'di', 'sini', 'berkurang', '<num>', 'tiap', 'pagi', 'mati', 'antara', 'jam', '<num>', 'sampai', 'jam', '<num> an']",
DO-Gmy3k2oA,2025-10-07 07:46:55 WIB,agungprasetyodh,"['tidak', 'keluar', 'min', 'tolong', 'sdh', '<num>', 'jam', 'mati', 'air', 'tandon', 'sdh', 'menipis']",
DO-Gmy3k2oA,2025-10-07 08:35:32 WIB,galang_rizza43,"['pak', 'hari', 'ini', 'pdam', 'daera', 'panjang', 'jiwo', 'juga', 'mati']",
DO-Gmy3k2oA,2025-10-07 11:09:12 WIB,agungprasetyodh,"['sudah', 'semua', 'sy', 'menghubungi', 'melalui', 'telpon', 'pukul', '<num>', 'wib', 'tapi', 'sampai', 'siang', 'ini', 'tidak', 'ada', 'petugas', 'yang', 'datang']",
DO-Gmy3k2oA,2025-10-07 11:47:32 WIB,agus_luigi,"['hari', 'senin', 'tgl', '<num>', 'okt', 'baru', 'kemarin', 'petugas', 'pdam', 'datang', 'ganti', 'meteran', 'barutapi', 'setelah', 'diganti', 'knp', 'meteran', 'sering', 'gerak', 'padahal', 'kran', 'air', 'nutup', 'semua', 'lokasi', 'kedung', 'barukrungkut']",
DO-Gmy3k2oA,2025-10-07 12:26:47 WIB,agungprasetyodh,"['alhamdulilah', 'sudah', 'selesai', 'permasalahannya', 'ada', 'petugas', 'perbaikan', 'pipa', 'bocor', 'dekat', 'lokasi', 'terima', 'kasih', 'banyak']",
DO-Gmy3k2oA,2025-10-08 05:05:37 WIB,anitaoffice2025,"['selamat', 'pagi', 'pdam', '<num>', 'hari', 'berturut', 'turut', 'pdam', 'di', 'gayung', 'kebonsari', 'dalam', 'no <num>', 'pagi', 'tidak', 'keluar', 'airnya', 'nanti', 'air', 'mengalir', 'baru', 'siang', 'jam', '<num>', 'mohon', 'infonya', 'dan', 'bantuan', 'nya']",
DO-Gmy3k2oA,2025-10-08 08:31:16 WIB,anitaoffice2025,"['selesai', 'jam', 'berapa', 'ya', 'kak', 'dan', 'untuk', 'berapa', 'hari', 'lagi', 'selesai', 'pekerjaan', 'nya']",
DO-Gmy3k2oA,2025-10-08 09:38:50 WIB,tatong_pudjantoko,"['jadwal', 'catat', 'mandiri', 'kenapa', 'tanggal', 'berubah', 'terus', '?', 'jadi', 'kepikiran', 'kalau', 'mau', 'pergi', 'ke', 'luar', 'kota']",
DO-Gmy3k2oA,2025-10-10 11:00:51 WIB,mirandaaa14,"['hallo', 'min', 'kenapa', 'telpon', 'ke', 'no', '<num>', '<num>', '<num>', 'sibuk', 'terus', 'ya', 'min', '?']",
DO-Gmy3k2oA,2025-10-10 11:53:10 WIB,susii_lowati19,"['di', 'keterangan', 'nya', 'proses', 'cepat', 'saya', 'ngumpulin', 'berkas', 'dari', 'tgl', '<num>', 'september', 'smpai', 'sekarang', 'masih', 'blm', 'ada', 'pemasangan']",
DO-Gmy3k2oA,2025-10-13 11:35:32 WIB,susii_lowati19,"['sudah', 'saya', 'kirim', 'pesan', 'kemarin']",
DO-Gmy3k2oA,2025-10-17 07:56:28 WIB,baimmm,"['setelah', 'daftar', 'online', 'via', 'aplikasi', 'biasanya', 'untuk', 'lanjut', 'ke', 'tahap', 'verifikasi', 'dan', 'selanjutnya', 'sampai', 'pemasangan', 'butuh', 'waktu', 'berapa', 'lama', 'min', '?']",
DO-Gmy3k2oA,2025-10-22 16:44:04 WIB,katschisby,"['last', 'week', 'someone', 'from', 'pdam', 'visited', 'the', 'house', 'my', 'wife', 'handled', 'it', 'no', 'paper', 'nothing', 'only', 'the', 'information', 'that', 'the', 'appointment', 'to', 'change', 'the', '``', 'meter', ""''"", 'has', 'to', 'be', 'scheduled', 'meter', 'is', 'not', 'working', 'and', 'until', 'now', '-', 'one', 'week', 'later', 'no', 'information', 'at', 'all', 'service', '?', 'yeah', '-', 'please', 'check', 'what', 'this', 'means', 'this', 'way', 'has', 'nothing', 'to', 'do', 'with', 'service', '-', 'do', 'you', 'need', 'more', 'info', 'please', 'request', 'it', 'via', 'messenger', 'thanks']",
DO-Gmy3k2oA,2025-10-28 18:34:25 WIB,baimmm,"['sudah', 'min', 't <num>', 'mohon', 'bantuannya', 'min']",
DO-Gmy3k2oA,2025-10-31 03:26:27 WIB,opera8176,"['min', 'daerah', 'jalan', 'gresik', 'mati', 'pdamnya', 'mohon', 'ditindak', 'lanjuti', 'gak', 'ada', 'air', 'sama', 'sekali', 'ini']",
DO-Gmy3k2oA,2025-11-03 14:02:55 WIB,ryzen70_,"['saya', 'mengajukan', 'penxaftaran', 'pemasangan', 'bari', 'tapi', 'tidak', 'ada', 'respon', 'sama', 'sekali', 'dari', 'whatsap', 'maupun', 'call', 'center', 'tidak', 'bisa', 'dihubungi']",
DO-Gmy3k2oA,2025-11-04 07:34:09 WIB,roniaffandironi,"['kalau', 'mau', 'daftar', 'bru', 'persyaratan', 'nya', 'ap', 'aj']",
DO-Gmy3k2oA,2025-11-07 17:47:01 WIB,lani.tami,"['kenapa', 'ya', 'air', 'pdam', 'sepertinya', 'ada', 'waktunya', 'dy', 'ga', 'kluar', 'di', 'jam', 'pagi', 'dan', 'jam', 'sore', 'pas', 'mau', 'subuh', 'air', 'susah', 'waktu', 'mau', 'magrib', 'air', 'susah', 'setelah', 'jam', '<num>', 'pagi', 'dan', 'jam', '<num>', 'baru', 'keluar', 'lagi', 'dan', 'itu', 'tdk', 'hanya', 'rmh', 'saya', 'trnyata', 'semua', 'tetangga', 'sy', 'juga', 'sprt', 'itu', 'mohon', 'lancarkan', 'lagi', 'spt', 'semula', 'krn', 'air', 'kebutuhan', 'dan', 'utk', 'ibadah', 'terimakasih']",
DO-Gmy3k2oA,2025-10-02 04:30:49 WIB,wennyisnaeni,"['hari', 'ini', 'pdam', 'mati', 'di', 'wilayah', 'perumahan', 'pondok', 'maritim', 'tapi', 'tdk', 'ada', 'pemberitahuanbangun', 'tidur', 'sdh', 'mati', 'petanak <num>', 'dan', 'para', 'pekerja', 'sekolah', 'butuh', 'air', 'buat', 'mandi']",
DQ2v0BhE6zg,2025-11-10 07:23:04 WIB,kartarsurabaya.official,"['selamat', 'hari', 'pahlawan']",
DQ2v0BhE6zg,2025-11-10 08:52:06 WIB,mhmdrizkyy12._,"['selamat', 'hari', 'pahlawann']",
DQ2v0BhE6zg,2025-11-10 09:14:46 WIB,presarioqalamm,"['selamat', 'hari', 'pahlawan']",
DQ2v0BhE6zg,2025-11-10 09:23:02 WIB,sheiraekaa,"['selamat', 'hari', 'pahlawan']",
DQ2v0BhE6zg,2025-11-10 09:44:53 WIB,cakrofiq46,"['selamat', 'hari', 'pahlawan', 'untuk', 'satria', 'surya', 'sembada', 'sby']",
DQ2v0BhE6zg,2025-11-10 10:24:19 WIB,rajwaazhf,"['selamat', 'hari', 'pahlawan']",
DQ2v0BhE6zg,2025-11-10 11:57:41 WIB,ratu_yuliana77,"['selamat', 'hari', 'pahlawan', 'surabayaku', 'dan', 'pdam', 'surabaya', 'salam', 'dari', 'arek', 'suroboyo']",
DQ2v0BhE6zg,2025-11-11 11:10:41 WIB,widyarigga,"['bangga', 'jadi', 'arek', 'suroboyo']",
DQvYl9Lk2BC,2025-11-07 16:38:57 WIB,isnainihandari,"['semangat', 'terus', 'untuk', 'berinovasi', 'pdam', 'surya', 'sembada', 'surabaya']",
DQvShYYk5my,2025-11-07 10:21:07 WIB,kel_sukomanunggal.sby,"['informasi', 'kami', 'sebarkan', 'lagi', 'ke', 'warga', 'terimakasih', 'admin']",
DQvShYYk5my,2025-11-07 11:40:31 WIB,heframid,"['terima', 'kasih', 'informasinya', 'pdam', 'surya', 'sembada', 'semoga', 'proses', 'pemasangan', 'tube', 'settler', 'di', 'ipam', 'karangpilang', '<num>', 'berjalan', 'dengan', 'lancar', 'tanpa', 'kendala', 'berarti', 'kami', 'berharap', 'pekerjaan', 'ini', 'dapat', 'meningkatkan', 'kualitas', 'dan', 'kelancaran', 'distribusi', 'air', 'bersih', 'ke', 'seluruh', 'pelanggan', 'bagi', 'warga', 'di', 'wilayah', 'yang', 'terdampak', 'semoga', 'tetap', 'sabar', 'dan', 'bisa', 'menyesuaikan', 'selama', 'proses', 'ini', 'berlangsung', 'semoga', 'pelayanan', 'air', 'bisa', 'segera', 'normal', 'kembali', 'dan', 'bahkan', 'lebih', 'baik', 'dari', 'sebelumnya']",
DQvShYYk5my,2025-11-07 15:11:35 WIB,li2n9,"['apakah', 'air', 'akan', 'mengecil', 'hingga', '<num>', 'nov', 'ato', 'hanya', 'utk', 'hari', 'ini', '?']",
DQvShYYk5my,2025-11-08 19:22:44 WIB,vthree_fashion,"['min', 'itu', 'gk', 'sampe', 'mati', 'kan', 'hanya', 'mengecil', 'saja', 'ya', '?']",
DQviTp5k7RV,2025-11-07 13:38:53 WIB,isnievanya,"['rejosari', 'bemowo', 'sby', 'brt', 'debiy', 'air', 'e', 'banteran', 'pipis', 'e', 'jaran', 'min', 'poneh', 'jam', 'arek', 'budal', 'sekolah', 'mbek', 'jam', 'mandi', 'sore', 'mati', 'pesss', 'banter', 'e', 'tengah', 'wengi', 'tok', 'lha', 'nek', 'gak', 'nduwe', 'tandon', 'mosok', 'yo', 'dikon', 'adus', 'masak', 'umbah <num>', 'tengah', 'wengi', 'min', 'mbayare', 'pancet', 'ae', 'eh', 'ulan', 'wingi', 'mundak', 'seh', 'wes', 'lapor', '<num> kali', 'pancet', 'ae', 'dzalim', 'min', 'astaghfirullah']",
DQviTp5k7RV,2025-11-07 13:39:17 WIB,isnievanya,['benowo'],
DQviTp5k7RV,2025-11-07 20:48:49 WIB,rendra_0816,"['andalan', 'ip <num>']",
DQ0ddNiE3mM,2025-11-09 10:12:40 WIB,presarioqalamm,"['makasih', 'min', 'infonya']",
DQ0ddNiE3mM,2025-11-09 10:16:29 WIB,reyhanathaa_,"['asik', 'bgt', 'di', 'museum', '<num>', 'nopember']",
DQ0ddNiE3mM,2025-11-09 10:17:01 WIB,akmalreyhnth,"['wajib', 'nih', 'ke', 'museum', '<num>', 'nopember']",
DQ0ddNiE3mM,2025-11-09 10:18:42 WIB,sheiraekaa,"['gak', 'pernah', 'bosan', 'meskipun', 'udah', 'berkali-kali', 'kesanaa']",
DQ0ddNiE3mM,2025-11-09 10:30:09 WIB,ann.wattimena,"['pingin', 'kesana', 'lagiii']",
DQ0ddNiE3mM,2025-11-09 11:12:16 WIB,fachryandd,"['keren', 'bgttt', 'museum', '<num>', 'nopember']",
DQ0ddNiE3mM,2025-11-09 11:33:28 WIB,nrkumalakn___,"['wahhh', 'ini', 'sih', 'masuk', 'daftar', 'destinasi', 'wajib', 'banget', 'kalo', 'lagi', 'main', 'ke', 'surabaya']",
DQ0ddNiE3mM,2025-11-09 18:54:46 WIB,rajwaazhf,"['keren', 'bgt', 'museumnya']",
DQmIBE6kzyy,2025-11-03 20:21:11 WIB,ella_nurlailiyah,"['kebraon', 'mati', 'lg']",
DQmIBE6kzyy,2025-11-04 07:25:13 WIB,dhear_ochi,"['simo', 'jawar', 'simomulyo', 'baru', 'sukomanunggal', 'air', 'mati']",
DQs9fZkk9VO,2025-11-06 12:25:11 WIB,presarioqalamm,"['mantap', 'minn']",
DQs9fZkk9VO,2025-11-06 12:25:27 WIB,ann.wattimena,['woww'],
DQs9fZkk9VO,2025-11-06 12:25:47 WIB,damaxrif,"['pelayanan', 'jos', 'jis', 'siaga', '<num>', 'jam']",
DQs9fZkk9VO,2025-11-06 12:25:58 WIB,fachryandd,"['siaga', '<num>', 'jam', 'untuk', 'pelanggan']",
DQs9fZkk9VO,2025-11-06 12:42:40 WIB,akmalreyhnth,"['ready', '<num>', 'melayani']",
DQs9fZkk9VO,2025-11-06 12:51:54 WIB,surabayaview.id,"['kerennn', 'yang', 'ngedit', 'nih']",
DQs9fZkk9VO,2025-11-06 13:46:02 WIB,kharistiano28,['sangar'],
DQs9fZkk9VO,2025-11-06 13:55:21 WIB,rizqiamrii,['keren'],
DQs9fZkk9VO,2025-11-06 14:57:56 WIB,widyarigga,"['editornya', 'kelass']",
DQs9fZkk9VO,2025-11-06 18:16:46 WIB,kaji.sulam,['andalan'],
DQs9fZkk9VO,2025-11-06 18:27:07 WIB,rajwaazhf,['kerennn'],
DQs9fZkk9VO,2025-11-06 18:43:01 WIB,arivinmoch,"['keren', 'sih', 'ini']",
DQs9fZkk9VO,2025-11-06 19:03:21 WIB,nanang_wid,"['makin', 'kreatif']",
DQs9fZkk9VO,2025-11-06 20:48:02 WIB,nrkumalakn___,['kerennn'],
DQs9fZkk9VO,2025-11-07 10:09:38 WIB,airorunners,"['semangat', 'buat', 'temen <num>', 'yg', 'siaga', '<num>', 'jam', 'agar', 'kondisi', 'fisik', 'tetap', 'terjaga', 'jangan', 'lupa', 'disempatkan', 'olahraga', 'yaa']",
DQs9fZkk9VO,2025-11-07 18:43:48 WIB,anggachristianhananta,"['semangat', 'teman <num>', 'untuk', 'melayani', 'warga', 'surabaya']",
DQs9fZkk9VO,2025-11-12 12:10:06 WIB,m.akmal_haromi,"['berbulan <num>', 'kami', 'komplen', 'krn', 'tarif', 'tdk', 'sesuaisdh', '<num>', 'kali', 'komplen', 'yg', 'survei', 'mengatakan', 'seharusnya', 'rmh', 'sy', 'dikenakan', 'tarif', '<num>', 'tp', 'nyatanya', 'tetap', 'dikenakan', 'tarif', 'rumah', 'mewah', '<num>', 'lokasu', 'sy', 'dikampung', 'nginden', 'baru', 'iv', 'lebar', 'jalan', '<num> m', 'luas', 'rumah', '<num> m <num>', 'kami', 'byr', 'listrik', 'perbln', '<num> rb', 'masak', 'dikenakan', 'tarif', '<num>', 'rmh', 'mewah', 'pelayanan', 'buruk']",
DQqHfFxk9xy,2025-11-05 10:54:48 WIB,fisioterapisurabaya,"['nice', 'info']",
DQqquhNkxxk,2025-11-06 10:04:20 WIB,adi_murachman,"['mohon', 'info', 'kakapakah', 'ada', 'gangguan', 'pembayaran', 'tagihan', 'ya']",
DQaW2fUk2z4,2025-10-30 06:44:46 WIB,kosmelatiindah,"['min', 'kenapa', 'setiap', 'pagi', 'air', 'mati', 'area', 'wisma', 'lidah', 'kulon']",
DQeDOzKk-P7,2025-11-01 07:09:00 WIB,usiedila,"['hobby', 'banget', 'sih', 'si', 'pipa', 'bocor', 'terus', 'daerah', 'wiyung']",
DQeDOzKk-P7,2025-11-01 07:13:02 WIB,yongki.wibowo,"['andai', 'terjadi', 'spt', 'ini', 'apa', 'ada', 'kompensasi', 'dr', 'pdam', '?', 'mengingat', 'kalo', 'telat', 'bayar', 'kita', 'gak', 'akan', 'balas', ""'mohon"", 'maaf', 'atas', 'ketidaknyamanannya', ""'"", 'ke', 'pdam', 'sih']",
DQeDOzKk-P7,2025-11-01 07:13:50 WIB,lee_chamoomilee,"['gak', 'ada', 'info']",
DQeDOzKk-P7,2025-11-01 07:18:03 WIB,ambarsrrr,"['babatan', 'matek', 'ndang', 'diperbaiki', 'ojo', 'suwe <num>', 'wes', 'ket', 'bengi', 'mati', 'mosok', 'saiki', 'drg', 'nyala']",
DQeDOzKk-P7,2025-11-01 07:19:28 WIB,lee_chamoomilee,"['gaisok', 'berkata <num>', 'parah', 'nemen', 'mau', 'mandi', 'subuh', 'gaisok', 'min', 'kebacut', 'kate', 'mengawali', 'hari', 'lebih', 'petang', 'onok', 'ae', 'gangguan', 'e', 'air', 'mati', 'nang', 'pondok', 'benowo', 'indah', 'gk', 'onk', 'pemberitahuan', 'iki', 'kota', 'suroboyo', 'duduk', 'pelosok', 'gusti', 'pangeran', 'nemen', 'e', 'banyu', 'ne', 'nek', 'onk', 'kali', 'bersih', 'wes', 'nang', 'kali', 'bersih', 'ae', 'gusti', 'alah', 'nemen', 'e', 'pdam', 'e', 'iki', 'ben', 'akhir', 'minggu', 'ngene', 'karepe', 'opo']",
DQeDOzKk-P7,2025-11-01 08:15:29 WIB,ambarsrrr,"['belum', 'nyala']",
DQeDOzKk-P7,2025-11-01 08:29:51 WIB,budiwiratmo,"['kak', 'min', 'lapor', 'lagi', 'area', 'gayungsari', 'barat', 'air', 'pdam', 'mati', 'lagi', 'sejak', 'dini', 'hari', 'tadi', 'puluhan', 'bahkan', 'mungkin', 'ratusan', 'rumah', 'karena', 'di', 'rt-rt', 'lain', 'mengeluh', 'sama', 'air', 'pdam', 'mati', 'mohon', 'dibantu', 'ya']",
DQeDOzKk-P7,2025-11-01 09:12:04 WIB,natnu.tt,"['pbi', 'airnya', 'uda', 'nyala', 'kecil', 'tapi', 'keruh', 'banget', 'minn']",
DQeDOzKk-P7,2025-11-01 09:27:08 WIB,ayusari8667,"['oalah', 'min', 'sasat', 'eh', 'kq', 'ben', 'minggu', 'banyu', 'mati', 'gak', 'onok', 'info']",
DQeDOzKk-P7,2025-11-01 09:34:18 WIB,frystha.mamitha,"['babatan', 'pratama', 'masih', 'mati', 'min', 'ngene', 'iki', 'kumbahan', 'numpuk', 'kabeh', 'gak', 'isok', 'korah <num>', 'piring']",
DQeDOzKk-P7,2025-11-01 10:27:37 WIB,budiwiratmo,"['makasih', 'min']",
DQeDOzKk-P7,2025-11-01 10:44:28 WIB,wii1i,"['masih', 'mati', 'opo', 'e', 'sing', 'wes', 'normalisasi']",
DQeDOzKk-P7,2025-11-01 10:45:19 WIB,wii1i,"['belum', 'normal', 'sama', 'sekali', 'area', 'pbi', 'masih', 'mati', 'total']",
DQeDOzKk-P7,2025-11-01 11:35:03 WIB,ayusari8667,"['sampai', 'jam', 'piro', 'min', 'gak', 'onok', 'banyu', 'blas', 'iki', 'ya', 'opo', 'min']",
DQeDOzKk-P7,2025-11-01 11:36:27 WIB,ayusari8667,"['sampek', 'jam', 'piro', 'min', 'wes', 'yahmene', 'gorong', 'nyala', 'ae', 'pondok', 'benowo', 'cek', 'nemen', 'eh']",
DQeDOzKk-P7,2025-11-01 12:15:52 WIB,hervianggarh,"['alhamdulillah', 'sudah', 'nyala', 'terima', 'kasih']",
DQeDOzKk-P7,2025-11-01 14:41:39 WIB,raden_bgs.k.w,"['mohon', 'info', 'ini', 'wilayah', 'kebraon', 'pondok', 'maritim', 'kok', 'mati', 'ya', 'air', 'nya', 'apakah', 'ada', 'gangguan', '?', '?', '?']",
DQeDOzKk-P7,2025-11-01 15:25:48 WIB,budiwiratmo,"['kak', 'min', 'ada', 'info', 'titik', 'kerusakan', '<num>', 'hari', 'yll', 'di', 'perempatan', 'lampu', 'merah', 'jl', 'gayungsari', 'barat', 'katanya', 'masih', 'ada', 'kebocoran']",
DQeDOzKk-P7,2025-11-01 15:48:25 WIB,vivien_aisyah,"['kebraon', 'air', 'mati', 'gak', 'ada', 'pemberitahuan']",
DQeDOzKk-P7,2025-11-01 16:13:19 WIB,budiwiratmo,"['video', 'penampakan', 'pipa', 'bocor', 'sudah', 'kami', 'dm', 'kak', 'min']",
DQeDOzKk-P7,2025-11-01 16:17:19 WIB,pram_de_loviennalkha,"['kebonsari', 'sekolahan', 'jam', '<num>', 'pagi', 'air', 'dah', 'mati', 'pulang', 'kerja', 'jam', '<num>', 'sik', 'mati', 'dicari', 'di', 'ig', 'ga', 'ono', 'info', 'gangguan', 'trus', 'berati', 'ga', 'ono', 'pengerjaan', '?']",
DQeDOzKk-P7,2025-11-01 19:05:32 WIB,raden_bgs.k.w,"['siap', 'sudah', 'aman', 'terima', 'kasih', 'kak', 'admin', 'nya', 'fast', 'response']",
DQeDOzKk-P7,2025-11-01 19:21:38 WIB,budiwiratmo,"['kak', 'min', 'kalau', 'umpama', 'warga', 'minta', 'bantuan', 'truk', 'tanki', 'air', 'apa', 'ada', 'hari', 'jam', 'operasionalnya', '?']",
DQeDOzKk-P7,2025-11-03 17:15:44 WIB,budiwiratmo,"['betul', 'min', 'sudah', 'diperbaiki', 'dan', 'sampai', 'saat', 'ini', 'belum', 'ada', 'warga', 'yg', 'mengeluh', 'tidak', 'dapat', 'air', 'lagi', 'terima', 'kasih', 'banyak']",
DQeDOzKk-P7,2025-10-31 22:15:15 WIB,yisapratama,"['sampe', 'jam', 'berapa', 'nyalane']",
DQeDOzKk-P7,2025-10-31 23:28:44 WIB,tasyalulaa,"['nyala', 'jam', 'brp', 'pak', '?']",
DQeDOzKk-P7,2025-11-01 00:04:56 WIB,ad17dp,"['wiyung', 'air', 'matek', '?', '?', '?']",
DQeDOzKk-P7,2025-11-01 00:13:00 WIB,muhamadgozalirachman,"['air', 'pdam', 'di', 'taman', 'pondok', 'indah', 'wiyung', 'kapan', 'di', 'nyala', 'kan', 'udah', 'ke', 'habisan', 'air', 'di', 'rumah', 'aku', 'kak']",
DQeDOzKk-P7,2025-11-01 02:56:42 WIB,kili.1918,"['cekkkk', 'suweneeee', 'banyune', 'mateke', 'mulai', 'wingi', 'bengi', 'lohhh', 'mateke', 'sampekk', 'jam', 'meneh', 'banyune', 'sek', 'matekkkke', 'jam', 'piro', 'nyalaaaane', 'sampek', 'gludukkk', 'pisan']",
DQeDOzKk-P7,2025-11-01 03:53:55 WIB,tasyalulaa,"['pak', 'udh', 'kebelet', 'nih', 'kapan', 'nyala', 'nyaaaaaaaaa']",
DQeDOzKk-P7,2025-11-01 04:14:25 WIB,kakonozomi22,"['jam', 'piro', 'murupe', 'min', 'mbayare', 'larang', 'banyue', 'iki', 'kok']",
DQeDOzKk-P7,2025-11-01 04:49:08 WIB,orchidstrengh,"['airnya', 'belum', 'menyala', 'graha']",
DQeDOzKk-P7,2025-11-01 04:54:39 WIB,christ.ming11,"['babatan', 'masih', 'belum', 'menyala', 'mau', 'kerja', 'g', 'ada', 'air']",
DQeDOzKk-P7,2025-11-01 05:02:41 WIB,cakbenn,"['iki', 'wong <num> e', 'isok', 'kerjo', 'opo', 'gak', 'estimasi', '<num>', 'jam', 'sampe', 'saiki', 'gak', 'beres <num>']",
DQeDOzKk-P7,2025-11-01 05:04:55 WIB,isnawatichoiruliyah,"['min', 'daerah', 'sidorejo', 'pakal', 'kok', 'air', 'tdk', 'nyala', '?', 'dan', 'tidak', 'ada', 'pemberitahuan', 'sebelumnya']",
DQeDOzKk-P7,2025-11-01 05:10:33 WIB,teddy_vickoo,"['min', 'sampai', 'jam', 'segini', 'air', 'nya', 'kog', 'msh', 'belum', 'keluar', 'toh']",
DQeDOzKk-P7,2025-11-01 05:18:52 WIB,lailivitri,"['min', 'air', 'di', 'pakal', 'kenapa', 'mati', '?', 'tanpa', 'pemberitahuan', 'juga', 'ya', 'allah', 'kebuacut', 'e', 'min', 'min']",
DQeDOzKk-P7,2025-11-01 05:26:45 WIB,tomianugerah,"['daerah', 'wiyung', 'air', 'kenapa', 'blm', 'keluar <num>', 'sdh', 'lebih', 'dr', '<num>', 'jam', 'min']",
DQeDOzKk-P7,2025-11-01 05:31:17 WIB,dhe_lius02,"['kapan', 'menyala', 'airnya', 'di', 'tpi', 'wiyung', '?', '?', '?']",
DQeDOzKk-P7,2025-11-01 05:35:03 WIB,swanlakecantswim,"['air', 'mati', 'dari', 'jam', '<num>', 'ini', '<num>', 'kok', 'gak', 'nyala <num>', '?', 'estimasi', '<num>', 'jam', 'pret', 'kalo', 'daerah', 'wiyung', 'mati', 'air', 'pasti', 'dramanya', 'gini']",
DQeDOzKk-P7,2025-11-01 05:42:38 WIB,wahyudisoeseno,"['sampai', 'saat', 'ini', 'msh', 'off']",
DQeDOzKk-P7,2025-11-01 05:45:59 WIB,wiraputt,"['suweneee', 'air', '’', 'e', 'gak', 'di', 'salurkan', 'sakjane', 'wong <num> e', 'isok', 'kerjo', 'opo', 'gak', 'jarene', '<num>', 'jam', 'ayooo', 'min', 'salurkan', 'banyune', 'wis', 'kebeleett', 'puollll', 'iki']",
DQeDOzKk-P7,2025-11-01 05:52:46 WIB,budyernes,"['gak', 'nyala <num>', 'ini', 'babatan', 'pratama', 'bayar', 'mahal <num>', 'kok', 'gini']",
DQeDOzKk-P7,2025-11-01 05:55:33 WIB,nisrinaev_,"['paaakk', 'air', 'paaakkk', 'keburu', 'sakit', 'perut', 'pak']",
DQeDOzKk-P7,2025-11-01 06:01:57 WIB,vrst_ohs,"['yaallah', 'kenapa', 'ga', 'nyala', 'nyalaaa', 'yaa', 'airnya', 'di', 'pondok', 'rosan', 'sampai', 'jam', '<num>', 'juga', 'belom', 'nyalaaa', 'mau', 'nyala', 'jam', 'brp', 'min', '?']",
DQeDOzKk-P7,2025-11-01 06:09:04 WIB,renarayap,"['sudah', 'pagi', 'kok', 'masih', 'belum', 'bisa']",
DQeDOzKk-P7,2025-11-01 06:10:06 WIB,muhamadgozalirachman,"['kok', 'gak', 'ada', 'fto <num>', 'kegiatan', 'perbaikan', 'lagi', 'kak', 'smpai', 'mna', 'kak', 'kok', 'belum', 'di', 'nyala', 'kan', 'air', 'nya']",
DQeDOzKk-P7,2025-11-01 06:16:03 WIB,elyvirgijanti,"['mau', 'tanya', 'min', 'tdl', 'ada', 'info', 'apa', 'apa', 'terkait', 'pdam', 'area', 'benowo', 'subuh', 'ini', 'mati', 'aliran', 'airnya', 'pengaduan', 'ke', 'nmr', 'yg', 'diinfo', 'tapi', 'gak', 'bisa', 'terus', 'katanya', '<num>', 'jam', 'tolong', 'pelayanannya', 'dibenahi']",
DQeDOzKk-P7,2025-11-01 06:19:08 WIB,gabbydianaaaa,"['sampe', 'jam', 'berapa', 'ya', '?', 'mohon', 'infonya', 'belum', 'nyala', 'jam', '<num>', 'sekarang']",
DQeDOzKk-P7,2025-11-01 06:23:38 WIB,nurul_lailatul_chasanah,"['kenapa', 'daerah', 'pakal', 'airnya', 'mati', 'tanpa', 'ada', 'pemberitahuankalian', 'kenapa', 'sih']",
DQeDOzKk-P7,2025-11-01 06:24:59 WIB,nurul_lailatul_chasanah,"['daerah', 'pakal', 'benowo', 'terus', 'rek', 'sing', 'di', 'gudo', 'ambek']",
DQeDOzKk-P7,2025-11-01 06:25:34 WIB,erdinyyy,"['pondok', 'benowo', 'indah', 'juga', 'ws', 'ga', 'bs', 'npain <num>', 'nie', 'pak']",
DQeDOzKk-P7,2025-11-01 06:30:59 WIB,lala_ersi,"['babatan', 'indah', 'kapan', 'nyala', 'airnya']",
DQeDOzKk-P7,2025-11-01 06:31:45 WIB,dhiz4,"['nyalain', 'gakkkkkkkkkkkkk', 'mau', 'kerjjaaaaaaaaaaa']",
DQeDOzKk-P7,2025-11-01 06:45:37 WIB,natnu.tt,"['min', 'pbi', 'kok', 'airnya', 'ikut', 'mati', 'yaa']",
DQeDOzKk-P7,2025-11-01 07:00:48 WIB,yisapratama,"['wadohhhhh', 'cek', 'suwene', 'banyune', 'sek', 'durung', 'murup', 'sampek', 'mataharine', 'wes', 'muncul', 'trus', 'sampek', 'kapan', 'murupe', 'mulai', 'wingi', 'bengi', 'lohhh', 'yoooo', 'matekeee']",
DQeDOzKk-P7,2025-11-01 07:01:00 WIB,yongki.wibowo,"['ini', 'sampai', 'skrg', 'blm', 'nyala', 'parah']",
DQeDOzKk-P7,2025-11-01 07:01:31 WIB,muhamadgozalirachman,"['air', 'pdam', 'di', 'taman', 'pondok', 'indah', 'di', 'nyala', 'kan', 'kak', '?']",
DQeDOzKk-P7,2025-11-01 07:02:40 WIB,muhamadgozalirachman,"['kapan', 'di', 'nyala', 'kan', 'air', 'pdam', 'nya', 'kak']",
DQeDOzKk-P7,2025-11-01 07:03:45 WIB,muhamadgozalirachman,"['kok', 'lama', 'kak', 'tadi', 'sholat', 'shubuh', 'gak', 'bisa', 'kak', 'gak', 'ada', 'air', 'pdam', 'gmana', 'sej']",
DQeDOzKk-P7,2025-11-01 07:04:10 WIB,muhamadgozalirachman,"['kan', 'gak', 'bsa', 'sholat', 'shubuh', 'gak', 'ada', 'air', 'pdam']",
DQeDOzKk-P7,2025-11-01 07:04:26 WIB,ditasetyapermatasari,"['kenapa', 'blm', 'nyala', 'yaa', 'di', 'taman', 'pondok', 'indah', 'sudah', 'lebih', 'dari', '<num>', 'jam']",
DQidNm9kyqS,2025-11-03 06:38:11 WIB,partotari77,"['kalau', 'mau', 'pasang', 'baru', 'pake', 'ktp', 'apa', 'bisa', 'ua']",
DQb3Hrvk8Ky,2025-10-31 06:07:26 WIB,cahyakamilarosa,"['minnn', 'area', 'dupak', 'masigit', 'belum', 'keluar', 'airnya', 'sudah', 'chat', 'minta', 'tangki', 'air', 'belum', 'ada', 'respon']",
DQdL1MMEx6i,2025-10-31 09:21:20 WIB,wiksaebeced,"['telpon', 'ke', 'call', 'centre', 'knp', 'gda', 'respon', 'blasa', 'yaa', 'mauk', 'pengaduan', 'kerusakan', 'meteran']",
DQdL1MMEx6i,2025-10-31 10:44:46 WIB,wiksaebeced,"['udh', 'selseai', 'trimakssih']",
DQZHJ4Uk6Ef,2025-10-29 19:48:17 WIB,denikdamayantii,"['ada', 'kamu', 'wkwkw']",
DQZHJ4Uk6Ef,2025-10-29 19:53:12 WIB,lindapriskilar,"['ini', 'sudah', 'selesai', 'kah', 'min', 'proyeknya', '?']",
DQZHJ4Uk6Ef,2025-10-29 21:02:54 WIB,vlntnfbran,"['bjir', 'lah']",
DQZHJ4Uk6Ef,2025-10-30 06:35:08 WIB,bhagyawan_bhagik0,"['air', 'pdam', 'jl', 'raya', 'sambikerep', 'kenapa', 'mati', 'lagi', 'ini', '?']",
DQZHJ4Uk6Ef,2025-10-30 08:22:01 WIB,bhagyawan_bhagik0,"['seharusnya', 'ada', 'pemberitahuan', 'dahulu', 'jadi', 'bisa', 'antisipasi', 'jangan', 'sampai', 'lupa', 'tidak', 'ada', 'pemberitahuan']",
DQZHJ4Uk6Ef,2025-10-30 16:27:28 WIB,lindapriskilar,"['makasih', 'infonya', 'min']",
DQbRfbuEzZL,2025-10-30 15:30:35 WIB,akmalreyhnth,"['keren', 'bgt', 'instalasi', 'ipam', 'ngagel']",
DQbRfbuEzZL,2025-10-30 15:46:38 WIB,presarioqalamm,"['kerenn', 'banget', 'pengolahan', 'ipam', 'ngagel']",
DQbRfbuEzZL,2025-10-30 17:19:14 WIB,sheiraekaa,['waahhhh'],
DQbRfbuEzZL,2025-10-30 17:55:44 WIB,fachryandd,"['dang', 'deng', 'dong', 'ipam', 'ngagel', '<num>', 'keren', 'banget', 'dong']",
DQbRfbuEzZL,2025-10-30 18:09:13 WIB,widyarigga,['terbaik'],
DQbRfbuEzZL,2025-10-30 18:10:38 WIB,kharistiano28,"['sama <num>', 'perumda', 'air', 'minum', 'terhits']",
DQbRfbuEzZL,2025-10-30 20:00:33 WIB,subahan_hadi,"['maju', 'terus', 'melayani']",
DQbRfbuEzZL,2025-10-30 21:13:19 WIB,nrkumalakn___,['kerennn'],
DQfyKp-E1bY,2025-11-01 12:22:19 WIB,alifiaasoraya,"['halo', 'pln', 'saya', 'mau', 'laporan', 'kenapa', 'susah', 'sekali']",
DQfyKp-E1bY,2025-11-01 17:30:30 WIB,_frscarts,"['keren', 'banget', 'selalu', 'berinovasi', 'demi', 'pelayanan', 'terbaik']",
DQfyKp-E1bY,2025-11-01 18:00:08 WIB,amrilizz,"['pagesangan', 'kenapa', 'belum', 'ngalir', 'min', 'airnyaaaaa']",
DQfyKp-E1bY,2025-11-01 20:34:35 WIB,pu2nn,"['tolong', 'pdam', 'daerah', 'jambangan', 'kebonsari', 'airnya', 'belum', 'ngalir']",
DQfyKp-E1bY,2025-11-01 21:11:30 WIB,englanselly,"['daerah', 'gayungsari', 'mau', 'mati', 'sampai', 'kapan', 'min', 'udah', 'hampir', '<num>', 'jam', 'loh', 'tolong', 'updatenya']",
DQfyKp-E1bY,2025-11-03 00:38:00 WIB,bambangprianto22,"['daerah', 'pakal', 'sudah', 'seminggu', 'ini', 'debit', 'air', 'klo', 'pagi', 'dan', 'sore', 'mengecil', 'normal', 'hanya', 'malam', 'hari']",
DQfyKp-E1bY,2025-11-03 10:21:03 WIB,bambangprianto22,"['komplain', 'sudah', 'saya', 'kirimkan', 'melalui', 'aplikasi', 'cis', 'pdam']",
DQs3lyZE5_Z,2025-11-06 13:35:46 WIB,setiawatimeme,"['kalo', 'mau', 'komplain', 'tarifnya', 'mahal', 'kualitas', 'air', 'buruk', 'kemana', 'supaya', 'benar', 'benar', 'ditanggapi']",
DQs3lyZE5_Z,2025-11-06 14:58:47 WIB,widyarigga,"['terima', 'kasih', 'infonya', 'kk', 'min', '\u200d']",
DQs3lyZE5_Z,2025-11-06 15:04:27 WIB,setiawatimeme,"['nanti', 'saya', 'submit', 'diaplikasi']",
DQs3lyZE5_Z,2025-11-06 15:38:44 WIB,nuning.epsilon,"['saya', 'sdh', 'wa', 'ke', 'wa', 'centre', 'tp', 'tidak', 'ada', 'pilihan', 'menu', 'utk', 'balik', 'nama', 'pelanggan']",
DQs3lyZE5_Z,2025-11-06 16:11:55 WIB,yusuf.syuhadaa,"['tanya', 'min', 'cara', 'ubah', 'periode', 'pembayaran', 'gimana', 'ya', '?']",
DQs3lyZE5_Z,2025-11-06 16:58:39 WIB,amd.0913,"['terima', 'kasih', 'pdam', 'bs', 'balik', 'nama', 'gratis', 'tdk', 'kayak', 'sebelah', 'harus', 'bayar']",
DQs3lyZE5_Z,2025-11-07 11:41:55 WIB,maryamahsiti340,"['ini', 'akan', 'otomatis', 'berubah', 'namany', 'ya', 'min', 'terus', 'no', 'pelanggany', 'masih', 'tetap', 'ya']",
DQs3lyZE5_Z,2025-11-07 13:52:47 WIB,maryamahsiti340,"['sy', 'minta', 'tutorial', 'nya', 'juga', 'min']",
DQs3lyZE5_Z,2025-11-07 21:28:55 WIB,bangtamtam14,"['pdam', 'untuk', 'wilayah', 'gemurung', 'yang', 'katanya', 'airnya', 'dari', 'umbulan', 'sampai', 'sekarang', 'tidak', 'berfungsi', 'gimana', 'ini', 'padahal', 'warga', 'sangat', 'berharap', 'adanya', 'air', 'pdam']",
DQs3lyZE5_Z,2025-11-07 21:49:27 WIB,riaromantika,"['klo', 'daerah', 'gresik', 'apakah', 'juga', 'sudah', 'bisa', 'balik', 'nama', 'ya']",
DQs3lyZE5_Z,2025-11-07 22:48:54 WIB,b.snugroho,"['kalo', 'perubahan', 'periode', 'pembayaran', 'dari', 'periode', '<num>', 'menjadi', 'periode', '<num>', 'bisa', 'ngga', '?']",
DQs3lyZE5_Z,2025-11-08 06:31:51 WIB,tu2tkbintari,"['minta', 'tutorialnya', 'min']",
DQs3lyZE5_Z,2025-11-09 10:50:25 WIB,nuning.epsilon,"['belum', 'ada', 'tutorialnya']",
DQs3lyZE5_Z,2025-11-10 16:21:19 WIB,piet_sudarmono,"['sy', 'minta', 'juga', 'tutorialnya', 'min']",
DQs3lyZE5_Z,2025-11-12 12:00:14 WIB,m.akmal_haromi,"['percuma', 'mas', 'sy', 'dikenakan', 'tarif', '<num>', 'rumah', 'mewah', 'seharusnya', 'dikenakan', 'tarif', '<num>', 'kriteria', 'berdasar', 'website', 'pdam', 'petugas', 'yg', 'survey', 'mengakatan', 'seharusnya', 'masuk', 'katrgori', 'tarif', '<num>', 'kami', 'buat', 'laporan', 'ke', '<num>', 'ke', 'kantor', 'pdam', 'cs', 'gak', 'bs', 'menjawab', 'krn', 'saya', 'bilang', 'kriteria', 'menjebak', 'rumah', 'utk', 'dimasukkan', 'ke', 'kategori', 'tarif', '<num>', 'krn', 'cs', 'gak', 'bs', 'menjawab', 'sy', 'disuruh', 'bikin', 'surat', 'ke', 'manageraneh', 'kenapa', 'managernya', 'gak', 'langsung', 'menanganipelayanan', 'publik', 'kok', 'begitu', 'kalian', 'dibyr', 'oleh', 'pelanggan']",
DQs3lyZE5_Z,2025-11-13 09:27:45 WIB,delok_sedilut72,"['zonk', 'trus', 'wong', 'kere', 'hoax']",
DQlkel7k6Nd,2025-11-03 16:46:10 WIB,firliafd,"['knp', 'air', 'pdam', 'daerah', 'raya', 'darmo', 'sering', 'berwarna', 'hijau', 'dan', 'berlumut', '?']",
DQtR-1qE__N,2025-11-06 15:07:30 WIB,mhmdrizkyy12._,"['wow', 'bagus', 'bnget']",
DQtR-1qE__N,2025-11-06 16:54:39 WIB,herupratikto62,"['selamat', 'hut', 'ke', '-', '<num>', 'perumda', 'air', 'minum', 'surya', 'sembada', 'kota', 'sursbaya', 'terus', 'berkomitmen', '``', 'mengalirkan', 'kehidupan', ""''"", 'logo', 'barunya', 'keren']",
DQtR-1qE__N,2025-11-06 18:44:38 WIB,ismy_qa,"['selamat', 'ulang', 'tahun', 'ke <num>', 'perumda', 'air', 'minum', 'surya', 'sembada', 'surabaya', 'semoga', 'terus', 'mengalirkan', 'manfaat', 'untuk', 'warga', 'kota', 'makin', 'inovatif', 'dan', 'makin', 'jaya', 'semoga', 'bisa', 'semakin', 'mensejahterakan', 'pelanggan', 'dan', 'pegawainya', 'sukses', 'juga', 'untuk', 'anak-anak', 'perusahaannya', 'semoga', 'makin', 'banyak', 'dan', 'terus', 'berkembang', 'bareng']",
DQtR-1qE__N,2025-11-06 21:13:03 WIB,ppnnnppenn,"['selamat', 'hari', 'jadi', 'ke', '<num>', 'tahun', 'perumda', 'air', 'minum', 'surya', 'sembada', 'kota', 'surabaya', 'harapannya', 'semoga', 'bisa', 'terus', 'mengaliri', 'kehidupan', 'warga', 'kota', 'surabaya', 'khususnya', 'dan', 'semua', 'pelanggan', 'pada', 'umumnya', 'bisa', 'terus', 'menjadi', 'perusahaan', 'yang', 'memberikan', 'pelayananproduk', 'air', 'yang', 'baik', 'sehingga', 'kami', 'bisa', 'menikmati', 'aliran', 'air', 'yang', 'bersih', 'serta', 'bangga', 'menjadi', 'pelanggan', 'pdam', 'saran', 'perbanyak', 'station', 'air', 'minum', 'gratis', 'agar', 'masyarakat', 'bisa', 'lebih', 'terbantu', 'sukses', 'selalu', 'perumda', 'air', 'minum', 'surya', 'sembada', 'kota', 'surabaya', 'yang', 'selalu', '``', 'mengalirkan', 'kehidupan', ""''"", 'bagi', 'kami', 'para', 'pelanggan']",
DQtR-1qE__N,2025-11-07 05:41:44 WIB,subahan_hadi,"['met', 'milad', 'perumda', 'surya', 'sembada', 'surabaya', 'semoga', 'ke', 'depan', 'lebih', 'perfect']",
DQtR-1qE__N,2025-11-07 07:23:39 WIB,akmalreyhnth,"['kerennn', 'logonya']",
DQtR-1qE__N,2025-11-07 11:23:44 WIB,nrkumalakn___,"['keren', 'sekali']",
DQtR-1qE__N,2025-11-07 11:49:39 WIB,rizqiamrii,"['semoga', 'semakin', 'bagus', 'pelayanannya', 'untik', 'masryakat', 'surabayasek', 'tak', 'pantun', 'mintuku', 'soda', 'gembira', 'nang', 'jogoloyoperumda', 'surya', 'sembada', 'tambah', 'mbois', 'gawe', 'masyarakat', 'suroboyo']",
DQqYfZQk7Xq,2025-11-05 18:20:38 WIB,anggachristianhananta,['cis'],
DQqYfZQk7Xq,2025-11-05 20:56:51 WIB,tri3soe,['mantab'],
DQiV7GCk_J2,2025-11-02 12:11:52 WIB,baang_aziz,"['mantap', 'min']",
DQiV7GCk_J2,2025-11-02 12:34:37 WIB,kharistiano28,['keren'],
DQVetJrk5Xh,2025-10-28 12:08:38 WIB,widyarigga,"['selamat', 'hari', 'sumpah', 'pemuda']",
DQVetJrk5Xh,2025-10-28 13:05:16 WIB,akmalreyhnth,"['bangga', 'jadi', 'pemuda', 'indonesia']",
DQVetJrk5Xh,2025-10-28 13:05:46 WIB,ann.wattimena,"['selamat', 'hari', 'sumpah', 'pemudaaa']",
DQVetJrk5Xh,2025-10-28 13:08:53 WIB,nrkumalakn___,"['born', 'to', 'be', 'proud', 'raised', 'as', 'indonesian']",
DQVetJrk5Xh,2025-10-28 13:10:23 WIB,ran_nayainayah,"['mengalir', 'bersama', 'semangat', 'muda']",
DQVetJrk5Xh,2025-10-28 13:11:06 WIB,rajwaazhf,"['selamat', 'hari', 'sumpah', 'pemuda']",
DQVetJrk5Xh,2025-10-28 13:13:27 WIB,presarioqalamm,"['selamat', 'hari', 'sumpah', 'pemudaaa']",
DQVetJrk5Xh,2025-10-28 13:28:12 WIB,fachryandd,"['bangga', 'jadi', 'pemuda', 'indonesia']",
DQVetJrk5Xh,2025-10-28 13:46:00 WIB,nibrassy,"['selamat', 'hari', 'sumpah', 'pemuda']",
DQVetJrk5Xh,2025-10-28 22:15:59 WIB,damaxrif,"['sumpah', 'pemuda', 'adalah', 'cermin', 'keberanian', 'anak', 'bangsa', 'untuk', 'bersatu', 'di', 'tengah', 'perbedaan']",
DQVetJrk5Xh,2025-11-04 10:12:27 WIB,evimomsabila,"['suka', 'gaya', 'komunikasinya', 'aq', 'tuhhh', 'like', 'bnyk <num>']",
DQLxAJbk15p,2025-10-25 02:46:07 WIB,bellaaristas,"['rumah', 'daerah', 'ptc', 'surabaya', 'barat', 'airnya', 'keruh', 'mulu', 'dari', 'kemaren']",
DQLxAJbk15p,2025-10-25 08:12:10 WIB,hafana_transport,['nice'],
DQLxAJbk15p,2025-10-25 11:04:40 WIB,miftachul_retna,"['min', 'jambangan', 'air', 'selalu', 'mati', 'hari', 'sabtu', 'sampai', 'jam <num>', 'siang', 'ini', 'belum', 'nyala', 'lohbayar', 'iki', 'min']",
DQLxAJbk15p,2025-10-25 17:30:57 WIB,annishafs,"['kak', 'jambangan', 'airnya', 'blm', 'nyala', 'katanya', 'cm', '<num>', 'jam']",
DQTN1kMk1z5,2025-10-27 15:30:42 WIB,garin06,"['medayu', 'airnya', 'mati', 'apa', 'ada', 'perbaikan', '?']",
DQTN1kMk1z5,2025-10-28 08:01:24 WIB,irvydaniara,"['min', 'sambikerep', 'kenapa', 'mati', 'airnya', '?', 'gada', 'pemberitahuan', 'jg']",
DQTN1kMk1z5,2025-10-28 09:55:42 WIB,marcelia_dini,"['mati', 'cakkkk', 'banyuku', 'ket', 'isuk', 'adus', 'tayamum', 'sambikerep']",
DQTN1kMk1z5,2025-10-28 11:14:52 WIB,ariefmasduqi07,"['iki', 'kapan', 'air', 'iso', 'metu', 'neh', 'nang', 'sambikerep', 'min', 'budal', 'kerjo', 'gaiso', 'adus', 'banyu', 'gak', 'metu', 'blas']",
DQTMF6XE7Cl,2025-10-27 16:11:06 WIB,ollaaqmryh,"['medokan', 'ayu', 'mati', 'lagi']",
DQTMF6XE7Cl,2025-10-27 17:26:46 WIB,dolankesiniyuk,"['halo', 'min']",
DQTMF6XE7Cl,2025-10-27 17:27:25 WIB,dolankesiniyuk,"['area', 'medayu', 'airnya', 'mati']",
DQTMF6XE7Cl,2025-10-27 17:54:05 WIB,garin06,"['nyala', 'lagi', 'kapan', 'ya', '?', 'kok', 'gak', 'ada', 'pemberitahuan', 'biasanya', 'di', 'status', 'pdam', 'ada', 'pemberitahuan']",
DQTMF6XE7Cl,2025-10-27 19:28:08 WIB,shiro.lenny,"['tolong', 'dibantu', 'pipa', 'saluran', 'air', 'jd', 'bocor', 'sehabis', 'kegiatan', 'warga', 'bersih <num>', 'got', 'berhari <num>', 'lapor', 'dr', 'hari', 'rabu', 'ga', 'ditangani']",
DQTMF6XE7Cl,2025-10-28 00:14:18 WIB,ollaaqmryh,"['sampai', 'kapan', 'ya', 'medokan', 'ayu', 'masih', 'mati', 'tolong', 'segera', 'di', 'tindak', 'lanjuti', 'dm', 'ig', 'chat', 'wa', 'call', 'center', 'slow', 'respon', 'semua']",
DQTMF6XE7Cl,2025-10-28 02:44:42 WIB,lindapriskilar,"['min', 'ya', 'ampunmedayu', 'utara', 'masa', 'seminggu', 'sekali', 'mati', 'air', 'lagiminggu', 'lalu', 'matisekarang', 'gini', 'lagi', 'mana', 'ngga', 'ada', 'pemberitahuan', 'lagi', 'kaya', 'gini', 'tu', 'ngga', 'ada', 'kompensasi', 'ta', 'min', 'cape', 'bgt', 'mintiap', 'ada', 'proyek', 'box', 'culvert', 'mesti', 'mati', 'airnya']",
DQTMF6XE7Cl,2025-10-28 05:07:34 WIB,ollaaqmryh,"['kak', 'blm', 'nyala', 'ya', 'airnya', '?', 'yaaallaah', 'aku', 'sampe', 'ga', 'tdr', 'nungguin', 'air', 'nyala', 'dr', 'semalam']",
DQTMF6XE7Cl,2025-10-28 05:52:20 WIB,lindapriskilar,"['iya', 'kaknyala', 'tengah', 'malam', 'tp', 'cuma', 'di', 'bawah', 'ajangga', 'sampai', 'naik', 'ke', 'lantai', '<num> kebetulan', 'rumahku', '<num>', 'lantai', 'kaktempat', 'kakak', 'jg', 'blm', 'keluar', 'ya', '?']",
DQTMF6XE7Cl,2025-10-28 06:02:33 WIB,ollaaqmryh,"['aku', 'ga', 'nyala', 'samsek', 'yaaallaah', 'kakak', 'medayu', 'mana', '?']",
DQTMF6XE7Cl,2025-10-28 08:50:30 WIB,lindapriskilar,"['gang', '<num>', 'kakbelakang', 'sndirikebagian', 'airnya', 'belakangan', 'wkwkwk']",
DQTMF6XE7Cl,2025-10-28 10:04:31 WIB,ollaaqmryh,"['masih', 'mati', 'ya', 'kak', '?']",
DQTMF6XE7Cl,2025-10-28 11:34:08 WIB,lindapriskilar,"['barusan', 'keluar', 'dikit <num>', 'kak', 'tp', 'mati', 'lagi']",
DQTMF6XE7Cl,2025-10-28 15:46:47 WIB,lindapriskilar,"['semoga', 'cpt', 'selesai', 'ya', 'min']",
DQTMF6XE7Cl,2025-10-28 20:42:04 WIB,shiro.lenny,"['sudah', 'kalo', 'sudah', 'ditanggapin', 'ga', 'mgkin', 'smp', 'komen', 'ke', 'instagram', 'makasih']",
DQTMF6XE7Cl,2025-10-29 12:09:18 WIB,shiro.lenny,"['sudah', 'pak', 'kemarin', 'tengah', 'malam', 'pak', 'jam', '<num>', 'terima', 'kaish']",
DQS9mzaEw-b,2025-10-27 10:02:41 WIB,mhmdrizkyy12._,"['baru', 'tau', 'sejarah', 'hari', 'listrik', 'terimakasih', 'penjelasanya', 'pdam']",
DQWUoiYkzuI,2025-10-29 14:59:04 WIB,mrarie,"['sampai', 'saat', 'ini', 'jam', '<num>', 'masih', 'belum', 'menyala', 'jg']",
DQWUoiYkzuI,2025-10-29 17:54:54 WIB,rewi.18,"['semoga', 'malam', 'ini', 'mengalir', 'lagi', 'airnya']",
DQWUoiYkzuI,2025-10-29 18:20:50 WIB,puputdeka_17,"['bangil', 'belum', 'min', 'masih', 'metong']",
DQWUoiYkzuI,2025-10-29 19:42:47 WIB,diannur7,"['sudah', 'jam', 'segini', 'belum', 'nyala', 'pak']",
DQWUoiYkzuI,2025-10-29 20:28:19 WIB,diannur7,"['barusan', 'nyala', 'pak', 'aliran', 'masih', 'kecil', 'tidak', 'apa', 'apa', 'yg', 'pntg', 'nyala', 'terima', 'kasih', 'pak', 'semoga', 'tim', 'perbaikan', 'pipa', 'sehat', 'sll', 'dan', 'di', 'beri', 'keselamatan']",
DQWUoiYkzuI,2025-11-01 08:04:29 WIB,rosarahmasari,"['di', 'kraton', 'gerongan', 'mati', 'pless', 'ndak', 'nyala', 'sama', 'sekali']",
DQWiWq1k_n3,2025-10-29 18:07:14 WIB,anggachristianhananta,"['pelayanan', 'prima', 'wujud', 'kerja', 'nyata']",
DQYeUX4k85g,2025-10-29 13:37:19 WIB,budiwiratmo,"['kak', 'min', 'lapor', 'warga', 'gayungsari', 'barat', 'banyak', 'yg', 'mengeluh', 'air', 'pdam', 'matikecil', 'sepertinya', 'ada', 'pipa', 'yg', 'rusak', 'akibat', 'galian', 'box', 'culvert', 'di', 'perempatan', 'traffic', 'light', 'gayungsari', 'barat', 'dalam', '<num>', 'hari', 'ini', 'makasih', 'min']",
DQYeUX4k85g,2025-10-29 14:50:06 WIB,damaxrif,"['sehat', 'selalu', 'bapak', 'dan', 'ibu', 'petugas', 'pam', 'surya', 'sembada', 'semoga', 'di', 'lancarkan', 'slalu', 'pekerjaannya']",
DQYeUX4k85g,2025-10-29 16:56:52 WIB,budiwiratmo,"['kak', 'min', 'kata', 'pihak', 'kontraktor', 'galian', 'box', 'culvert', 'benar', 'ada', 'pipa', 'rusak', 'di', 'perempatan', 'traffic', 'light', 'jl', 'gayungsari', 'barat', 'mohon', 'dibantu', 'warga', 'sudah', 'banyak', 'yg', 'mengeluh', 'kak', 'min']",
DQYeUX4k85g,2025-10-29 18:05:05 WIB,anggachristianhananta,"['pejuang', 'air', 'petugas', 'pam', 'surya', 'sembada', 'kota', 'surabaya', 'kalian', 'benar <num>', 'luar', 'biasa']",
DQYeUX4k85g,2025-10-29 18:41:57 WIB,budiwiratmo,"['siap', 'matur', 'nuwun', 'sanget', 'atas', 'respon', 'dan', 'bantuan', 'kak', 'min', 'tim', 'perbaikanterkait']",
DQYeUX4k85g,2025-10-29 19:14:12 WIB,arsitadesi,"['min', 'air', 'di', 'gayungan', 'ada', 'masalah', 'kah', '?', 'kok', 'kecil', 'ya']",
DQYeUX4k85g,2025-10-30 20:26:58 WIB,budiwiratmo,"['sepertinya', 'hari', 'ini', 'sudah', 'tidak', 'ada', 'warga', 'yg', 'mengeluh', 'air', 'pdam-nya', 'mati', 'berarti', 'kerusakan', 'telah', 'tertangani', 'terima', 'kasih', 'banyak']",
DQYeUX4k85g,2025-10-30 20:41:12 WIB,akmalreyhnth,['gercep'],
DQYeUX4k85g,2025-10-31 16:48:41 WIB,budiwiratmo,"['terima', 'kasih', 'banyak', 'atas', 'respon', 'bantuan', 'cepat', 'dari']",
DQYeUX4k85g,2025-11-03 16:49:26 WIB,j3frinya,"['pembangunan', 'kok', 'gak', 'mesisan']",
DQGDe55kxu-,2025-10-22 16:51:20 WIB,katonsetyawan,"['apa', 'kebraon', 'ada', 'masalah', '?', 'kok', 'air', 'tidak', 'keluar', 'sama', 'sekali', 'biasanya', 'jam', '<num> an', 'air', 'masih', 'keluar', 'walaupun', 'sangat', 'kecil']",
DQLWM3Sk4tz,2025-10-24 21:54:28 WIB,frans_jeremyoriental12,"['apakah', 'daerah', 'rungkut', 'mapan', 'kena', 'dampaknya', 'kah', '?']",
DQLWM3Sk4tz,2025-10-24 21:54:55 WIB,frans_jeremyoriental12,"['mohon', 'fast', 'responnya']",
DQLWM3Sk4tz,2025-10-25 17:27:26 WIB,nurissfarra,"['kak', 'bulak', 'rukem', 'timur', 'gak', 'keluar', 'airnya']",
DQLWM3Sk4tz,2025-10-31 11:14:15 WIB,bayuhadileksana,"['terimakasih', 'pdam']",
DQJNTI4k5PD,2025-10-23 17:48:59 WIB,lovia_shop,"['bulak', 'rukem', 'timur', 'kena', 'ga', 'min', '?']",
DQJNTI4k5PD,2025-10-23 19:05:28 WIB,sariwkartika,['waduh'],
DQJNTI4k5PD,2025-10-23 20:57:53 WIB,deviepuspitasari92,"['good', 'lebih', 'awal', 'ngabarin', 'biar', 'orng <num>', 'prepare', 'jgn', 'ky', 'yg', 'sebelumnya']",
DQJNTI4k5PD,2025-10-24 16:22:07 WIB,a.adiprima,"['dukuh', 'setro', 'gading', 'dan', 'lebak', 'berdampak', 'njih', 'pak']",
DQJNTI4k5PD,2025-10-24 17:58:02 WIB,_cindiari,"['tambak', 'rejo', 'ga', 'kena', 'ya', 'min', '?']",
DQJNTI4k5PD,2025-10-24 18:22:46 WIB,arjunkhan1982,"['semampir', 'aws', '<num>', 'kecamatan', 'sukolilo', 'apa', 'jga', 'kena', 'dampaknya', 'mengingat', 'bersebelahan', 'sama', 'kedung', 'baruk', 'hanya', 'di', 'batasi', 'kali', 'brantas']",
DQJNTI4k5PD,2025-10-24 20:23:20 WIB,ridho_fikri1999,"['bulak', 'kenjeran', 'terdampak', 'nggk', 'min']",
DQJNTI4k5PD,2025-10-24 20:29:43 WIB,yudaferrymahendra,"['mene', 'onok', 'seng', 'g', 'duwe', 'banyu']",
DQJNTI4k5PD,2025-10-24 20:38:36 WIB,yesinovita,"['masih', 'ada', 'rumah', 'sapphire', 'kan', 'yak', '?']",
DQJNTI4k5PD,2025-10-24 20:53:19 WIB,virmameisaroh,"['rumah', 'sapphire', 'kykny', 'gak', 'ada', 'org', 'coba', 'ke', 'benowo', 'deh', 'me']",
DQJNTI4k5PD,2025-10-24 20:59:16 WIB,yesinovita,"['siangnya', 'ke', 'benowo', 'mlmnya', 'ke', 'sapphire', 'biar', 'adil']",
DQJNTI4k5PD,2025-10-25 06:46:58 WIB,angelita_permata_lai_boeng,"['bulak', 'banteng', 'kira', 'kira', 'terdampak', 'juga', 'ndak', 'ya', '?']",
DQJNTI4k5PD,2025-10-25 08:35:19 WIB,milaarsita3,"['kalikepiting', 'apa', 'berdampak', 'min', '?']",
DQJNTI4k5PD,2025-10-25 09:50:21 WIB,iis_chiedoel,"['dalam', 'sebulan', 'iki', 'wes', '<num> x', 'gangguan', 'daerah', 'tambak', 'wedi']",
DQJNTI4k5PD,2025-10-25 10:20:50 WIB,choky_pokoke_mancing,"['tapi', 'tiap', 'jam', '<num> <num>', 'mati', 'airnya', 'sudah', 'berbulan-bulan', 'ini']",
DQJNTI4k5PD,2025-10-25 11:33:31 WIB,diniumar17,"['mantapp', 'baru', 'ngerti', 'saiki']",
DQJNTI4k5PD,2025-10-25 14:15:02 WIB,auliaachmad_afi,"['tambak', 'wedi', 'sampe', 'jam', 'piro', 'min', 'iki', 'sek', 'mati', 'banyune']",
DQJNTI4k5PD,2025-10-25 16:24:32 WIB,nurissfarra,"['pak', 'bulak', 'rukem', 'mati', 'timur', 'airnya', 'gak', 'keluar']",
DQJNTI4k5PD,2025-10-25 16:47:57 WIB,arjunkhan1982,"['ok', 'mksih', 'infonya', 'pak']",
DQGVfPcDqP7,2025-10-22 16:14:37 WIB,bitsab34,"['suka', 'banget', 'matiin', 'air', 'ga', 'diinfokebraon', 'lagi', 'kebraon', 'lagi', 'hadeuh']",
DQGVfPcDqP7,2025-10-22 16:16:17 WIB,ella_nurlailiyah,"['kyk', 'td', 'ada', 'bongkaran', 'di', 'madina', 'luhur', 'bu']",
DQGVfPcDqP7,2025-10-22 16:21:37 WIB,bitsab34,"['ya', 'minimal', 'mah', 'diinfo', 'lah', 'buinimah', 'engga']",
DQJQbH4E2GE,2025-10-23 16:25:52 WIB,ikayuniasih,"['ini', 'hari', 'ini', 'daerah', 'simo', 'gunung', 'dr', 'siang', 'kok', 'mati', 'airnyaaa']",
DQJQbH4E2GE,2025-10-24 07:25:48 WIB,nandaayu_am,"['kok', 'hari <num>', 'mati', 'terus', 'kasihan', 'yg', 'usaha', 'laundry', 'kalo', 'air', 'sering', 'mati']",
DQLEvfGE2xc,2025-10-24 08:15:35 WIB,mhmdrizkyy12._,"['selamat', 'hari', 'dokter']",
DQLEvfGE2xc,2025-10-24 08:21:49 WIB,_frscarts,"['selamat', 'hari', 'dokter', 'nasional']",
DQSogplE0iS,2025-10-27 08:10:41 WIB,aaffuuck,"['yang', 'lidah', 'kulon', 'kapan', 'kira-kira', 'estimasi', 'pekerjaan', 'nya', 'min', '?']",
DQSogplE0iS,2025-10-28 06:29:32 WIB,rini_arek_lmjg,"['maaf', 'mau', 'tyk', 'kok', 'di', 'jln', 'raya', 'bungkal', 'sambikerep', 'airnya', 'tiba', ""''"", 'mati', 'ya', 'tdk', 'info', 'kok', 'tiba', ""''"", 'mati']",
DQIqAzuk46h,2025-10-23 11:45:30 WIB,surabayabertaqwa,"['lossssss', 'ae', 'jarno']",
DQIqAzuk46h,2025-10-23 11:51:41 WIB,sukmaa.jaa,"['gangguan', 'teruuussss']",
DQIqAzuk46h,2025-10-23 11:53:33 WIB,wii1i,"['pbi', 'lagi', 'gatel-gatel']",
DQIqAzuk46h,2025-10-23 11:55:18 WIB,eha57461,"['lahh', 'besok', 'mati', 'lagiirejosari', 'benowo', 'sekarang', 'sering', 'mati', 'y']",
DQIqAzuk46h,2025-10-23 11:58:08 WIB,eha57461,"['knp', 'juga', 'debit', 'air', 'd', 'rumahku', 'sejak', 'pemasangan', 'box', 'culvert', 'jd', 'puelan', 'banget', 'klitir', ""''"", 'padahal', 'depan', 'rumah', 'sdh', 'selesai', 'dan', 'jg', 'sdh', 'd', 'aspal', 'tp', 'keluare', 'air', 'e', 'bikin', 'jengkel']",
DQIqAzuk46h,2025-10-23 11:58:17 WIB,rrydwnt,"['ya', 'allah', 'minggu', 'kmrn', 'udah', 'mati', 'lo', 'padahal', 'jumat', 'ini', 'juga']",
DQIqAzuk46h,2025-10-23 12:01:38 WIB,no_vellia,"['mati', 'maneh', 'rajin', 'sekalii', 'mematikan', 'air', 'ini', 'mbok', 'ya', 'sekai <num>', 'air', 'di', 'gratiskan', '<num>', 'bulan', 'ae', 'gag', 'usah', 'suwi <num>']",
DQIqAzuk46h,2025-10-23 12:15:25 WIB,chella.o,['tumaaaaaannn'],
DQIqAzuk46h,2025-10-23 12:45:37 WIB,nurriya70,"['sememi', 'ojok', 'mati', 'min']",
DQIqAzuk46h,2025-10-23 13:06:05 WIB,aal_iyaah111,"['gpp', 'ta', 'min', 'mosok', 'setiap', 'minggu', 'onok', 'pdam', 'mati', 'ngomonge', '<num> hari', 'engkok', 'sampe', '<num> dino', 'lak', 'gk', 'metu', 'jiaaan', 'kebacuuut', 'pbi', 'iki', 'onok', 'ae', 'salah', 'banyue', 'larang', 'mati', 'mati', 'terus']",
DQIqAzuk46h,2025-10-23 13:36:18 WIB,for_siahaan,"['ini', 'dampaknya', 'sampai', 'ke', 'sememi', 'ga', 'min']",
DQIqAzuk46h,2025-10-23 16:28:45 WIB,pradiptarnd,"['sememi', 'terdampak', 'atau', 'nggatolong', 'infonya', 'pls']",
DQIqAzuk46h,2025-10-23 16:33:34 WIB,diazraaa,"['palm', 'sememi', 'terdampak', 'ga', 'min', '?', 'kok', 'hobine', 'mematikan', 'air', 'ae', 'min', 'min']",
DQIqAzuk46h,2025-10-23 18:07:17 WIB,agung_lintank,"['daerah', 'jl', 'kauman', 'baru', 'gg', '<num>', 'masak', 'tiap', 'hari', 'sabtuminggu', 'sering', 'mati', 'dan', 'air', 'juga', 'keluarnya', 'kecil', 'sudah', 'lapor', 'di', 'call', 'center', 'katanya', 'ada', 'petugas', 'akan', 'meriksa', 'tapi', 'tidak', 'datang', ""''"", 'pak', 'pada', 'hari', 'minggu', 'pagi', 'mohon', 'untuk', 'perhatiannya', 'pak', 'trima', 'kasih']",
DQIqAzuk46h,2025-10-23 18:44:24 WIB,candradwitiwi,"['minta', 'tolong', 'untuk', 'respon', 'pdam', 'yg', 'cepat', 'warga', 'tidak', 'punya', 'air', '<num>', 'hari', 'laporan', '<num>', 'kali', 'blm', 'ada', 'petugas', 'pdam', 'yang', 'kerumah']",
DQIqAzuk46h,2025-10-23 20:57:49 WIB,mayaprmtsr,"['makasih', 'min', 'udah', 'diinfo', 'terlebih', 'dahulu']",
DQIqAzuk46h,2025-10-23 23:16:39 WIB,natnu.tt,"['pbi', 'mbendino', 'minn', 'lak', 'iki']",
DQIqAzuk46h,2025-10-24 00:19:03 WIB,yynt_sec,"['sememi', 'mati', 'neh', '?']",
DQIqAzuk46h,2025-10-24 03:00:17 WIB,ryulhannamaria,"['hobi', 'matiin', 'air', 'kompensasi', 'air', 'gratis', '<num>', 'bulan']",
DQIqAzuk46h,2025-10-24 05:07:55 WIB,nurianti_dwie,"['griya', 'citra', 'asri', 'termasuk', 'tdk', 'mudah', 'mudahan', 'tdk', 'terdampak']",
DQIqAzuk46h,2025-10-24 06:09:31 WIB,rudipriyanto1983,"['sekalian', 'sajagak', 'usah', 'ada', 'pdamdrpd', 'pasang', 'pdam', 'makan', 'angin']",
DQIqAzuk46h,2025-10-24 06:15:03 WIB,orenjiiiiiii__,"['seminggu', 'sekali', 'yoo']",
DQIqAzuk46h,2025-10-24 16:12:57 WIB,febridhaayu,"['masih', 'belum', 'selesai', 'kah', 'ini', '?']",
DQIqAzuk46h,2025-10-24 16:15:18 WIB,febridhaayu,"['info', 'daerah', 'mana', 'yg', 'jarang', 'airnya', 'mati', '?', 'tak', 'pindah', 'sekalian', 'cari', 'kontrakan']",
DQIqAzuk46h,2025-10-24 18:44:53 WIB,febridhaayu,"['kapan', 'nyalanya', 'ini', '?']",
DQIqAzuk46h,2025-10-24 19:57:36 WIB,aburamadhan,"['sek', 'wingi', 'loh', 'mati', 'saiki', 'mati', 'maneh', 'nemen', 'nementak', 'adus', 'banyu', 'peceren', 'ae']",
DQIqAzuk46h,2025-11-04 23:50:13 WIB,dhana_saja,"['min', 'pdam', 'di', 'pondok', 'benowo', 'indah', 'keluar', 'air', 'pelan']",
DQIqAzuk46h,2025-11-05 15:42:55 WIB,dhana_saja,"['seluruh', 'pondok', 'benowo', 'indah', 'masih', 'mengecil', 'min']",
DQIqAzuk46h,2025-10-23 09:46:39 WIB,dewagstin,"['hidupp', 'pdam', 'hiduppppp']",
DQIqAzuk46h,2025-10-23 09:49:03 WIB,miftachul_retna,"['air', 'pdam', 'jambangan', 'mati', 'min', 'jambangan', 'dan', 'sekitarnya', 'dikepung', 'pengerjaan', 'galian', 'gorong', ""''"", 'sampai', 'kapan', 'air', 'normal', 'meresahkan', 'pelanggan', 'bayar', 'juga', 'mahal', 'ini']",
DQIqAzuk46h,2025-10-23 09:50:03 WIB,alefauzann,"['mati', 'terus']",
DQIqAzuk46h,2025-10-23 09:59:23 WIB,dahayubymega,"['karah', 'mati', 'terus', 'dr', 'subuh', 'kapan', 'myalaaa']",
DQIqAzuk46h,2025-10-23 10:10:19 WIB,erryseptiawan,"['horeeemati', 'lagi', 'airmyaancen', 'joss', 'tenan']",
DQIqAzuk46h,2025-10-23 10:18:29 WIB,iwanngono,"['sememi', 'ga', 'terdampak', 'ya']",
DQIqAzuk46h,2025-10-23 10:21:55 WIB,chandihale,"['llo', 'kendung', 'kena', 'lagi']",
DQIqAzuk46h,2025-10-23 10:22:27 WIB,chandihale,"['kerjo', 'gk', 'mesisan', 'b <num>']",
DQIqAzuk46h,2025-10-23 10:28:56 WIB,rawnyy_,"['apakah', 'kandangan', 'terkena', 'dampaknyaa', 'minnn', '?', '?']",
DQIqAzuk46h,2025-10-23 10:46:35 WIB,yolandaayurotania,"['ntar', 'debit', 'airnya', 'balikin', 'normal', 'ya', 'min', 'jangan', 'dikecilin', 'lagi']",
DQIqAzuk46h,2025-10-23 11:07:48 WIB,myrnabudi,"['opo', 'maneh', 'se', 'pak']",
DQIqAzuk46h,2025-10-23 11:31:11 WIB,miftachul_retna,"['klo', 'sudah', 'tau', 'ada', 'pipa', 'pdam', 'y', 'jangan', 'dkeruk', 'min', 'klo', 'bayare', 'telat', 'kena', 'denda', 'tp', 'air', 'sering', 'mati']",
DQIqAzuk46h,2025-10-23 11:40:59 WIB,nurul_lailatul_chasanah,"['hobi', 'banget', 'matiin', 'air', 'ya', 'min <num>', 'hari', 'sekalibikin', 'jadwalnya', 'sekalian', 'untuk', 'sebulan']",
DP5Xm_LEab6,2025-10-17 11:29:08 WIB,dhtyabmntr,"['wih', 'ngeri']",
DP5Xm_LEab6,2025-10-18 17:37:36 WIB,its_ngejreng,['keren'],
DP52tOrE9Bz,2025-10-17 16:54:55 WIB,mhmdrizkyy12._,"['hbddd', 'pak', 'wowo']",
DP52tOrE9Bz,2025-10-17 17:30:57 WIB,adrian_0531,"['min', 'tolong', 'cek', 'dm']",
DP52tOrE9Bz,2025-10-17 18:07:14 WIB,fajrianimaidi,"['mohon', 'dibantu', 'cek', 'dm', 'kak']",
DP5OsWokxjf,2025-10-17 11:23:19 WIB,r1c0_05,"['maaf', 'maksud', 'nya', 'bagaimana', '?', 'ini', 'akhirnya', 'pipa', 'pdam', 'yg', 'pecah', 'ya', '?']",
DP5OsWokxjf,2025-10-17 12:26:50 WIB,rienz_128,"['tapi', 'ini', 'apa', '?']",
DP5OsWokxjf,2025-10-17 12:38:34 WIB,kayla_afiqa,"['lah', 'terus', 'opo', 'iku', 'gak', 'jelas']",
DP5OsWokxjf,2025-10-17 13:03:40 WIB,tatangkusmargono,"['kalau', 'memang', 'bukan', 'pipa', 'pdam', 'kenapa', 'di', 'posting', '?', 'biar', 'pihak', 'wewenang', 'saja', 'yg', 'menganalisa', 'dan', 'memberi', 'info']",
DP5OsWokxjf,2025-10-17 13:03:46 WIB,rini_prames,"['tapi', 'logika', 'lek', 'pipa', 'pertamina', 'gak', 'mungkin', 'juga', 'nng', 'jero', 'sungai', 'lagian', 'kan', 'sungai', 'kan', 'pasti', 'opo', 'mengerikan', 'terus', 'opo', 'iyo', 'iku']",
DP5OsWokxjf,2025-10-17 13:11:11 WIB,subahan_hadi,['lapindo'],
DP5OsWokxjf,2025-10-17 13:47:09 WIB,falina_hijab,"['trus', 'ini', 'apaan', 'yg', 'nyembur', '?', '?']",
DP5OsWokxjf,2025-10-17 13:57:01 WIB,achmadkiyono,"['sepertinya', 'retakan', 'kerak', 'bumi', 'yg', 'mengakibatkan', 'munculnya', 'gas', 'ke', 'permukaan']",
DP5OsWokxjf,2025-10-17 14:23:08 WIB,iezmha_cemun,"['info', 'pipa', 'pgn', 'bocor']",
DP5OsWokxjf,2025-10-17 14:38:37 WIB,dp_adp,"['berdasarkan', 'pencarian', 'di', 'google', 'dengan', 'kata', 'kunci', '``', 'daerah', 'bekas', 'tambang', 'minyak', 'di', 'surabaya', 'zaman', 'belanda', ""''"", 'gunung', 'anyar', 'termasuk', 'salah', 'satu', 'daerah', 'yang', 'dimaksud', 'adapun', 'daerah', 'kutisari', 'pernah', 'ada', 'semburan', 'pada', '<num>', 'httpswwwsuarasurabayanetkelanakota <num> pengamat semburan di kutisari bekas pengeboran minyak', 'kemungkinan', 'hal', 'serupa', 'terjadi', 'kali', 'ini', 'tetapi', 'ini', 'perlu', 'penyelidikan', 'lebih', 'lanjut', 'dari', 'instansi', 'terkait', 'semoga', 'investigasi', 'bisa', 'dilakukan', 'segera']",
DP5OsWokxjf,2025-10-17 14:48:23 WIB,yulianitaika,"['katanya', 'pgn', 'bukan', 'juga', 'koq', 'kak']",
DP5OsWokxjf,2025-10-17 15:02:06 WIB,senomardikanto,"['kenapa', 'air', 'pdam', 'di', 'wilayah', 'surabaya', 'utara', 'akhir', 'akhir', 'ini', 'airnya', 'keruh', 'dan', 'bau', 'ohon', 'untuk', 'ditindaklanjuti', 'terima', 'kasih']",
DP5OsWokxjf,2025-10-17 15:08:54 WIB,ardhe_satya,"['nah', 'betul', 'ini', 'tolong', 'sudah', 'hampir', 'seminggu', 'ini', 'air', 'nya', 'keruh']",
DP5OsWokxjf,2025-10-17 16:55:43 WIB,kayla_afiqa,"['semoga', 'tidak', 'ada', 'yang', 'membahayakan']",
DP5OsWokxjf,2025-10-17 17:00:17 WIB,raniahboutique_sewabaju,"['deket', 'banget', 'sama', 'rumahku', 'nih']",
DP5OsWokxjf,2025-10-17 17:28:45 WIB,chewy_586,"['keingat', 'lapindo', 'surabaya', 'akan', 'kah', 'menjadi']",
DP5OsWokxjf,2025-10-18 09:13:26 WIB,puthree_setiawan,"['sekarang', 'apakah', 'masih', 'menyembur', 'min', '?']",
DP5OsWokxjf,2025-10-27 15:16:31 WIB,hdpestoragestore,"['jikalau', 'ada', 'kebutuhan', 'pipa', 'hdpe', 'atau', 'aksesoris', 'hdpe', 'bisa', 'langsung', 'hubungi', 'saya', 'via', 'whatsapp', 'ya', 'pak', '<num>']",
DP6O35WE1xK,2025-10-18 21:35:31 WIB,shasa.cong,"['jam', 'brpa', 'ya', 'pak', '?', 'krna', 'smpe', 'skrng', 'ini', 'msih', 'blum', 'nyala']",
DP6O35WE1xK,2025-10-18 21:56:42 WIB,lee_chamoomilee,"['keterlaluan', 'sih', 'min', 'jangan', 'bohong', 'ih', 'capek', 'udah', 'di', 'bohongjn', 'terus', 'kok', 'mimin', 'jg', 'gitu', 'ya', '?', 'airnya', 'mana', 'tooloooooooonnngggg']",
DP6O35WE1xK,2025-10-18 21:59:45 WIB,rizkiyanura,"['sudah', 'tadi', 'jam', '<num>', 'terimakasih']",
DP6O35WE1xK,2025-10-18 22:01:04 WIB,lee_chamoomilee,['halooooooo'],
DP6O35WE1xK,2025-10-18 22:01:06 WIB,lee_chamoomilee,"['masa', 'orang', 'suruh', 'puasa', 'nahan', 'gk', 'pake', 'air', 'astagfirullah', 'ini', 'bayar', 'loh', 'gak', 'ikhlas', 'ya', 'bayar', 'air', 'mahal <num>', 'tapi', 'kayak', 'gini', 'miiiinnnnnn']",
DP6O35WE1xK,2025-10-18 22:24:14 WIB,wilda_novi,"['pak', 'tolong', 'di', 'tindak', 'lanjuti', 'pdam', 'area', 'pbi', 'mati', 'sudah', 'berhari <num>', 'sebulan', 'sudah', 'beberapa', 'kali', 'perbaikan', 'dan', 'banyak', 'merugikan', 'masyarakat', 'air', 'kebutuhan', 'utama', 'tp', 'kok', 'mati <num>', 'terus', 'tidak', 'semua', 'warga', 'punya', 'tandon', 'dan', 'tidak', 'semua', 'warga', 'punya', 'sumur', 'ini', 'matinya', 'berhari <num>', 'belum', 'selesai', 'juga', 'tolong', 'ditindaklanjuti']",
DP6O35WE1xK,2025-10-18 22:26:50 WIB,mayaprmtsr,"['berapa', 'lama', 'min', '?', 'jam', 'segini', 'kesempatan', 'ngisi', 'tandon', 'tapi', 'gaada', 'air', 'yang', 'ngalir']",
DP6O35WE1xK,2025-10-18 22:32:17 WIB,lila_linlin,"['sudah', 'trima', 'kasih']",
DP6O35WE1xK,2025-10-18 22:34:19 WIB,ha_llo01,"['iya', 'terimakasih', 'semoga', 'besok', 'tidak', 'mati', 'dan', 'kecil', 'lg', 'airnya', 'krn', 'bak', 'kamar', 'mandi', 'saya', 'alias', 'jeding', 'ku', 'banyue', 'wes', 'ngoret', 'meh', 'entek']",
DP6O35WE1xK,2025-10-18 22:35:36 WIB,mayaprmtsr,"['responnya', 'kalau', 'udah', 'nyala', 'nanti', 'ups']",
DP6O35WE1xK,2025-10-18 22:40:07 WIB,diska_kristiani,"['halah', 'ak', 'telp', '<num>', 'x', 'jawaban', 'sama', 'terusss', 'dilaporkan', 'ke', 'pihak', 'terkait', 'ini', 'di', 'kerjakan', 'apa', 'enggak', 'sebenernya', '?', '?', '?', 'd', 'telp', '<num>', 'x', 'jawaban', 'template', 'pak', 'ery', 'tolong', 'pak', 'warga', 'pbi', 'air', 'g', 'keluar', 'dari', 'jam', '<num>', 'malam', 'khususnya', 'yg', 'g', 'pake', 'sanyo', 'sama', 'sekali', 'g', 'keluar', 'pak', 'setetes', 'pun', 'g', 'keluar', 'sebenernya', 'sudah', '<num>', 'bulanan', 'tapi', 'malam', 'jam', '<num>', '-', '<num>', 'subuh', 'masih', 'nyala', 'hari', 'ini', 'kebacutttt', 'dr', 'kemaren', 'malam', 'sampe', 'detik', 'ini', 'g', 'keluar', 'tolong', 'pak', 'ery']",
DP6O35WE1xK,2025-10-18 23:38:42 WIB,piupiusky,"['heh', 'gurung', 'metu', 'banyumu', 'iki', 'ndek', 'sememi', 'tamansari', 'mosok', 'kekeringan', 'fakk']",
DP6O35WE1xK,2025-10-18 23:40:59 WIB,aristo_rudin,"['ini', 'kapan', 'nyala', 'airnya', 'sattt']",
DP6O35WE1xK,2025-10-19 05:55:43 WIB,riadisugeng,"['warga', 'yang', 'tinggal', 'di', 'kedinding', 'tengah', 'baru', 'xi', 'juga', 'mengalami', 'hal', 'yang', 'tidak', 'menyenangkan', 'dulu', 'air', 'pdam', 'selalu', 'keluar', 'kapan', 'pun', 'saat', 'dibutuhkan', 'kemudian', 'tidak', 'keluar', 'saat', 'siang', 'hari', 'saja', 'akhir-akhir', 'ini', 'malah', 'hanya', 'keluar', 'malam', 'hari', 'saja', 'contoh', 'pagi', 'ini', 'minggu', '<num>', 'oktober', '<num>', 'saat', 'awal', 'mencuci', 'pakaian', 'air', 'keluar', 'normal', 'di', 'tengah', 'kegiatan', 'mencuci', 'belum', 'selesai', 'tiba <num>', 'air', 'tidak', 'mengalir', 'padahal', 'air', 'pdam', 'di', 'rumah', 'disedot', 'dengan', 'pompa', 'air', 'tetangga', 'dan', 'saya', 'sudah', 'rutin', 'melakukan', 'pengaduan', 'petugas', 'datang', 'ditangani', 'namun', 'setelah', 'itu', 'tak', 'ada', 'perubahan', 'bayar', 'bulanan', 'rutin', 'tapi', 'pelayanan', 'mengecewakan']",
DP6O35WE1xK,2025-10-19 06:05:44 WIB,refyrahma,"['info', 'sememi', 'sudah', 'keluar', 'belum', 'ya', 'soalnya', 'skrg', 'lg', 'ngungsi']",
DP6O35WE1xK,2025-10-19 06:06:01 WIB,refyrahma,"['info', 'sememi', 'sdh', 'keluar', 'blm', 'ya', 'soalnya', 'skrg', 'lg', 'ngungsi']",
DP6O35WE1xK,2025-10-19 06:06:32 WIB,refyrahma,"['sekarang', 'sdh', 'nyala', 'belum', 'ya', '?', 'soalnya', 'masih', 'ngungsi']",
DP6O35WE1xK,2025-10-19 06:06:48 WIB,refyrahma,"['sememi', 'sdh', 'nyala', 'blm', 'skrg', '?']",
DP6O35WE1xK,2025-10-19 06:07:03 WIB,shasa.cong,"['udh', 'kluar', 'smlam']",
DP6O35WE1xK,2025-10-19 06:08:11 WIB,refyrahma,"['kak', 'sememi', 'sdh', 'nyala', 'blm', '?']",
DP6O35WE1xK,2025-10-19 06:09:11 WIB,refyrahma,"['info', 'dong', 'skrg', 'sudah', 'nyala', 'apa', 'belum', 'ya']",
DP6O35WE1xK,2025-10-19 06:09:27 WIB,refyrahma,"['info', 'dong', 'skrg', 'sdh', 'nyala', 'atau', 'blm', 'ya']",
DP6O35WE1xK,2025-10-19 06:09:45 WIB,refyrahma,"['info', 'dong', 'sememi', 'sdh', 'nyala', 'blm', 'skrg']",
DP6O35WE1xK,2025-10-19 06:22:36 WIB,sugab_ojunip_farm_magetan,"['sudah', 'normal', 'kak']",
DP6O35WE1xK,2025-10-19 06:40:19 WIB,refyrahma,"['info', 'dong', 'sememi', 'sdh', 'keluar', 'blm', 'ya']",
DP6O35WE1xK,2025-10-19 06:44:49 WIB,dikisvg,"['gaoleh', 'masak', 'ta', 'iki', 'cak']",
DP6O35WE1xK,2025-10-19 07:33:24 WIB,ismiedf,"['petugasnya', 'gak', 'punya', 'solusi', 'jawaban', 'template', 'biasanya', 'menyalahkan', 'sambungan', 'pipa', 'di', 'rumah', 'lah', 'tersumbat', 'lah', 'padahal', 'logikanya', 'kalo', 'tersumbat', 'kan', 'berarti', 'airnya', 'ga', 'keluar', 'samsek', 'lha', 'ini', 'airnya', 'keluar', 'cuma', 'malem', 'tok', 'biasanya', 'gak', 'logis']",
DP6O35WE1xK,2025-10-19 07:34:31 WIB,ismiedf,"['up', 'up', 'ayo', 'di', 'eval', 'pdam', 'nya', 'ini']",
DP6O35WE1xK,2025-10-19 08:23:45 WIB,salsa_olshop1927,"['udahh', 'kk']",
DP6O35WE1xK,2025-10-19 08:44:03 WIB,paniipannnn_,"['sdh', 'nyala', 'mba']",
DP6O35WE1xK,2025-10-19 09:11:01 WIB,natnu.tt,"['min', 'ini', 'yakin', 'min', 'pbi', 'masih', 'mati', 'airnya', '?', 'keroken', 'min']",
DP6O35WE1xK,2025-10-19 09:12:54 WIB,chella.o,"['tdi', 'pagi', 'keluar', 'tapi', 'debit', 'air', 'sangaaatt', 'kecil', 'sekarang', 'sudah', 'mati', 'lagi', 'toloooonglah', 'min', 'mosok', 'debit', 'air', 'semakin', 'kecil', 'kasian', 'warga', 'yg', 'ga', 'pnya', 'tandon', 'air', 'sanyo', 'usahakan', 'debit', 'air', 'pdam', 'di', 'buka', 'lbih', 'besar', 'lgi']",
DP6O35WE1xK,2025-10-19 09:13:32 WIB,chella.o,"['area', 'pbi']",
DP6O35WE1xK,2025-10-19 10:58:14 WIB,d1_m_s.dms,"['min', '?', 'lagi', '?', 'di', 'tempat', 'yang', 'sama', '<num> x', 'dalam', 'sebulan', '?']",
DP6O35WE1xK,2025-10-19 11:57:15 WIB,diska_kristiani,"['podo', 'mati', 'lagii']",
DP6O35WE1xK,2025-10-19 18:48:27 WIB,trisachrisma,"['sdh', 'dr', 'td', 'malam', 'cuma', 'sampe', 'siang', 'td', 'msh', 'kecil', 'keluarnya']",
DP6O35WE1xK,2025-10-18 19:35:17 WIB,ha_llo01,"['nyala', 'sih', 'tp', 'kecil', 'dan', 'ditempat', 'kran', 'yg', 'rendah', 'tidak', 'bisa', 'mengalir', 'jika', 'di', 'kran', 'kamar', 'mandi']",
DP6O35WE1xK,2025-10-18 19:45:47 WIB,natnu.tt,"['min', 'area', 'pbi', 'masi', 'belom', 'nyala', 'airnya', 'seharian', 'gimana', 'ini', 'min', '?', 'kapan', 'normalisasi', 'airnya', 'bagian', 'pbi', '?', 'janjinya', '<num>', 'jam', 'pengerjaan']",
DP6O35WE1xK,2025-10-18 19:53:41 WIB,jeksonpanjaitan91,"['terus', 'jam', 'brp', 'nyala', 'nya', '?', 'baru', 'brp', 'bulan', 'lalu', 'perbaikan', 'skrng', 'perbaikan', 'lagi', 'iya', 'kalau', 'stok', 'air', 'kalau', 'gak', 'ada', 'gmn', '?']",
DP6O35WE1xK,2025-10-18 19:57:28 WIB,natnu.tt,"['free', 'ga', 'min', 'apa', 'bayar', 'inii']",
DP6O35WE1xK,2025-10-18 20:14:11 WIB,rickychen_as,"['kerjo', 'kerjo']",
DP6O35WE1xK,2025-10-18 20:15:18 WIB,vicharomadhonawati,"['ayo', 'min', 'kapan', 'nyala', 'airnya', 'diwilayah', 'sumberrejo', 'pakal']",
DP6O35WE1xK,2025-10-18 20:20:43 WIB,citraykrn,"['kapan', 'ini', 'nyalanya', 'min']",
DP6O35WE1xK,2025-10-18 20:30:01 WIB,wii1i,"['pbi', 'belum', 'keluar', 'airnya', 'min', 'katanya', 'pengerjaan', '<num>', 'jam', 'ini', 'sudah', '<num>', 'jam', 'air', 'tidak', 'keluar']",
DP6O35WE1xK,2025-10-18 20:35:17 WIB,lee_chamoomilee,"['astagfirullah', 'halooo', 'min', 'apa', 'ada', 'kabar', 'airnya', '?', 'airnya', 'apakah', 'sudah', 'mengalir', '?', 'estimasi', '±8', 'jam', 'tidak', 'akurat', 'ya', '?', '?', 'gabisa', 'berkata <num>', 'lagii']",
DP6O35WE1xK,2025-10-18 20:36:26 WIB,lee_chamoomilee,"['haloo', 'min', 'apakah', 'sudah', 'ada', 'pergerakan', 'airnya', 'mengalir', '?', 'kamar', 'mandi', 'sampe', 'kering', 'tandus', 'kayak', 'tanah', 'yg', 'gk', 'pernah', 'kena', 'air', 'hehehhe']",
DP6O35WE1xK,2025-10-18 20:54:55 WIB,thary1299,"['manukan', 'tgl', '<num>', 'okt', 'jam', '<num>', 'mati', 'lagigimana', 'ini']",
DP6O35WE1xK,2025-10-18 20:55:07 WIB,diska_kristiani,"['telp', 'pdam', 'ya', 'jawaban', 'g', 'jelasss', 'sampe', 'telp', '<num>', 'x', 'pancettt', 'ae', 'pake', 'nanya', 'apa', 'd', 'rumah', 'ibu', 'aja', 'yg', 'kendala', 'air', 'pdahal', 'ya', 'sak', 'komplek', 'd', 'ig', 'ya', 'wes', 'rame', 'laporan', 'pura <num>', 'gtw', 'atau', 'gmn', 'nemeeeeen', 'e', 'seharian', 'g', 'nyala', 'blasssss']",
DP6O35WE1xK,2025-10-18 20:57:01 WIB,diska_kristiani,"['isuk', 'sampe', 'bengi', 'g', 'nyala <num>', 'bulan', 'ini', 'nemeeeen', 'air', 'nyalane', 'bengi', 'tok', 'jam', '<num>', 'an', '-', '<num>', 'pagi', 'ehhh', 'hari', 'ini', 'tambah', 'nemen', 'e', 'kebangetan', 'mulai', 'isuk', 'sampe', 'jam', 'segini', 'g', 'nyala', 'blasss', 'setetes', 'pun', 'gdaa', 'kran', 'drtd', 'bukaaaa', 'ak', 'sampe', 'g', 'isa', 'masak', 'g', 'mandi', 'g', 'korah <num>', 'g', 'bersih <num>']",
DP6O35WE1xK,2025-10-18 21:01:30 WIB,izdiharuddinm,"['min', 'area', 'gbipbi', 'iki', 'sedinoan', 'bleng', 'ga', 'nyala', 'isuk', 'sampe', 'bengi', 'kran', 'ku', 'gametu', 'banyu', 'blas', 'sabtu', 'sabtu', 'maleh', 'gaisok', 'lapo', 'lapo']",
DP6O35WE1xK,2025-10-18 21:03:12 WIB,wii1i,"['yow', 'wes', 'ngeneh', 'iki', 'kerjaan', 'e', 'bumd', 'sama', 'bumn', 'jarang', 'ada', 'beres', 'apalagi', 'kalau', 'wes', 'monopoli', 'sak', 'karep', 'e', 'dewe', 'kalau', 'kerja']",
DP6O35WE1xK,2025-10-18 21:19:06 WIB,wii1i,"['gitu', 'ngakunya', 'tadi', 'jam', '<num>', 'pagi', 'pengerjaan', 'sudah', 'selesai', 'saya', 'jam', '<num>', 'lewat', 'masih', 'dikerjakan', 'dan', 'sampai', 'sekarang', 'belum', 'ada', 'normalisasi']",
DP6O35WE1xK,2025-10-18 21:20:11 WIB,oracabuloradenji,"['kon', 'iku', 'denda', 'semangat', 'giliran', 'banyu', 'mati', 'lemot', 'kendung', 'grong', 'onk', 'sebulan', 'dibenakno', 'kok', 'yo', 'wes', 'benakno', 'maneh']",
DP6O35WE1xK,2025-10-18 21:22:59 WIB,abiddinsy,"['molor', 'lagi', 'min <num>', 'tolong', 'lah', 'malam', 'iniharus', 'nyala', 'atau', 'tagihannya', 'gak', 'tak', 'bayar']",
DP6O35WE1xK,2025-10-18 15:32:24 WIB,wildanrobih,"['belum', 'nyala', 'ya']",
DP6O35WE1xK,2025-10-18 15:34:36 WIB,hesacru,"['pondok', 'benowo', 'indah', 'kapan', 'keluar', 'air', 'nya']",
DP6O35WE1xK,2025-10-18 16:20:23 WIB,refyrahma,"['halo', 'min', 'ini', 'apa', 'masih', 'mati', 'ya', 'kok', 'daerah', 'sememi', 'masih', 'blm', 'bisa']",
DP6O35WE1xK,2025-10-18 16:24:51 WIB,ellenia_nia,"['bangeteeeeennnn', 'sek', 'drumg', 'nyalaa']",
DP6O35WE1xK,2025-10-18 16:25:51 WIB,tyaa.nanin,"['sampai', 'sore', 'ini', 'belum', 'nyala', 'airnya']",
DP6O35WE1xK,2025-10-18 16:29:53 WIB,nine_wanda,"['air', 'daerah', 'benowo', 'belum', 'nyala', 'gimana', 'ini']",
DP6O35WE1xK,2025-10-18 16:32:15 WIB,yudyrukmana,"['tapi', 'kok', 'masih', 'belum', 'ngalir']",
DP6O35WE1xK,2025-10-18 16:33:26 WIB,irinearyani,"['terpantau', 'sampe', 'set', '<num>', 'sore', 'di', 'pbi', 'belum', 'nyala', 'min', 'airnya']",
DP6O35WE1xK,2025-10-18 16:34:20 WIB,yudyrukmana,"['sampai', 'sore', 'ini', 'masih', 'blm', 'ngalir', 'pakal', 'benowo']",
DP6O35WE1xK,2025-10-18 16:48:16 WIB,rizkyberry15,"['gak', 'tau', 'ados', 'ae', 'komen', 'cak']",
DP6O35WE1xK,2025-10-18 16:53:06 WIB,34_abadi,"['selamat', 'sore', 'bapak', 'ngadimin', 'yg', 'terhormat', 'sampe', 'sore', 'hari', 'ini', 'air', 'di', 'wilayah', 'surabaya', 'barat', 'sekitaran', 'sememi', 'sampe', 'pondok', 'benowo', 'indah', 'masih', 'belum', 'mengalir']",
DP6O35WE1xK,2025-10-18 16:54:55 WIB,nurul_lailatul_chasanah,"['kapan', 'mengalirnya', 'katanya', 'estimasi', '<num>', 'jamini', 'udah', 'lebih', 'lholain', 'kali', 'kalo', 'kasih', 'info', 'jangan', 'mepet', 'waktunya']",
DP6O35WE1xK,2025-10-18 16:55:11 WIB,34_abadi,"['ini', 'seharian', 'tidak', 'bisa', 'melakukan', 'aktivitas', 'mck', 'bapak', 'mohon', 'di', 'follow', 'up', 'untuk', 'pengerjaannya', 'supaya', 'tidak', 'berlarut', 'terlalu', 'lama', 'kasihan', 'yg', 'rumahnya', 'tidak', 'memakai', 'tandon', 'jikapun', 'ada', 'pasti', 'juga', 'habis', 'kalo', 'seharian']",
DP6O35WE1xK,2025-10-18 16:55:48 WIB,i.nafsi,"['kapan', 'nyala', 'ini', 'ya', 'ampun']",
DP6O35WE1xK,2025-10-18 16:57:35 WIB,_rindaputri,"['air', 'nya', 'belom', 'nyala', 'yaapa', 'see', 'minn']",
DP6O35WE1xK,2025-10-18 17:11:26 WIB,refyrahma,['benarrrr'],
DP6O35WE1xK,2025-10-18 17:12:24 WIB,refyrahma,"['tolong', 'lahh', 'minn', 'ini', 'gimana', 'sememi', 'airnya', 'ga', 'nyala', 'sama', 'sekali', 'udah', 'kehabisan', 'air']",
DP6O35WE1xK,2025-10-18 17:14:45 WIB,elizafirdausi,"['min', 'ko', 'mati', 'lagi', 'ya']",
DP6O35WE1xK,2025-10-18 17:15:27 WIB,ismiedf,"['jahat', 'banget', 'katanya', 'estimasi', '<num>', 'jam', 'katanya', 'sudah', 'selesai', 'dafi', 'td', 'pagi', 'kok', 'sampe', 'sekarang', 'ga', 'nyala', 'ga', 'diajarin', 'ta', 'kalo', 'bohong', 'itu', 'dosa', 'direksi', 'ne', 'gak', 'pengen', 'evaluasi', 'ta', 'cek', 'kebacute']",
DP6O35WE1xK,2025-10-18 17:17:32 WIB,malll_muhammad,"['sememi', 'sore', 'ini', 'mati', 'lagi']",
DP6O35WE1xK,2025-10-18 17:20:08 WIB,retno_sulistiyoningsih,"['sore', 'min', 'skrg', 'sabtu', '<num>', 'okt', '<num>', 'jam', '<num>', 'permisi', 'apakah', 'pengerjaannya', 'blm', 'selesai', '?', 'air', 'msh', 'langka', 'sekali', 'di', 'lingkungan', 'saya', 'sememi', 'baru', 'minta', 'tlg', 'di', 'maksimalkan', 'agar', 'lancar', 'kembali', 'seperti', 'sblumnya', 'makasih']",
DP6O35WE1xK,2025-10-18 17:33:51 WIB,me.mitha0205,"['tadi', 'siang', 'udah', 'nyala', 'tapi', 'kecil', 'bangett', 'ehhh', 'sekarang', 'malah', 'mati', 'lagi', 'maksudnya', 'gimana', 'sih', 'min']",
DP6O35WE1xK,2025-10-18 17:37:54 WIB,elwiedha,"['he', 'min', 'klakahrejo', 'kok', 'mati', 'maneh', '?', 'niat', 'benakno', 'ta', 'gak', 'jane', '?']",
DP6O35WE1xK,2025-10-18 17:40:34 WIB,rinaldibenowo,"['<num>', 'jam', 'tp', 'sampai', 'sekarang', 'juga', 'masih', 'trouble', 'hehehehe']",
DP6O35WE1xK,2025-10-18 17:43:22 WIB,chanisna,"['apa', 'masih', 'perbaikan', 'ya', 'karena', 'sama', 'sekali', 'dirumah', 'airny', 'g', 'keluar']",
DP6O35WE1xK,2025-10-18 17:46:35 WIB,paniipannnn_,"['sampe', 'sekarang', 'sememi', 'masih', 'mati', 'tolongg', 'dongg']",
DP6O35WE1xK,2025-10-18 17:47:05 WIB,agung_lintank,"['ini', 'kenapa', 'masak', 'setiap', 'sabtuminggu', 'pdam', 'selalu', 'mati', 'daerah', 'kauman', 'baru', 'pak', 'mohon', 'untuk', 'segera', 'ditindak', 'lanjuti', 'meteran', 'tetap', 'jalan', 'tapi', 'air', 'mati', 'trima', 'kasih']",
DP6O35WE1xK,2025-10-18 17:48:04 WIB,agung_lintank,"['sama', 'pak', 'daerah', 'kauman', 'baru', 'juga', 'gitu', 'hampir', 'setiap', 'minggu', 'begini', 'trus']",
DP6O35WE1xK,2025-10-18 17:53:26 WIB,cynthia_larasati15,"['mati', 'lagi', 'airnya', 'sememi', 'baru']",
DP6O35WE1xK,2025-10-18 17:54:15 WIB,salsa_olshop1927,"['mati', 'lagi', 'ya', 'air', 'di', 'sememii']",
DP6O35WE1xK,2025-10-18 17:58:27 WIB,indie_riawan,"['gimana', 'min', 'air', 'belum', 'keluar', 'sama', 'sekali', 'sampe', 'jam', 'sekarang', 'detik', 'ini', 'payah', 'pdam', 'warga', 'susah']",
DP6O35WE1xK,2025-10-18 18:01:40 WIB,mandaaa.rn,"['betul', 'kak', 'mosok', 'kudu', 'mantau', 'teross', 'rekrek', 'ate', 'masak', 'mantau', 'ate', 'ados', 'yo', 'mantau', 'ngunu', 'a']",
DP6O35WE1xK,2025-10-18 18:03:25 WIB,ha_llo01,"['kok', 'matinya', 'malah', 'hari', 'ini', 'ya', 'sabtu <num> <num> <num>', '?', 'area', 'pondok', 'benowo', 'indah', 'kampung', 'buran']",
DP6O35WE1xK,2025-10-18 18:06:20 WIB,jeksonpanjaitan91,"['ganguan', 'terus', 'ae', 'jancok']",
DP6O35WE1xK,2025-10-18 18:06:38 WIB,jeksonpanjaitan91,"['ini', 'kok', 'air', 'kok', 'belom', 'jalan']",
DP6O35WE1xK,2025-10-18 18:09:27 WIB,sektaboss,"['aliran', 'darimana', '?', 'sampai', 'sekarang', 'masih', 'blm', 'nyala', 'woy']",
DP6O35WE1xK,2025-10-18 18:21:49 WIB,eviaprilias,"['min', 'air', 'sememi', 'mati', 'maneh', 'loh', 'tak', 'pikir', 'siang', 'keluar', 'e', 'kecil', 'nti', 'sore', 'bakalan', 'normal', 'lah', 'kok', 'malah', 'mati', 'maneh', 'min', 'wes', 'umbahan', 'ku', 'mumpuk', 'min', 'nek', 'mati', 'e', 'sampek', 'besok', 'yo', 'kebangeten', 'min']",
DP6O35WE1xK,2025-10-18 18:22:01 WIB,erryseptiawan,"['minawakmu', 'ngomong', 'perbaikan', 'sdh', 'selesai', 'nyatane', 'banyu', 'nang', 'nggonku', 'durung', 'metu', 'bablas', 'sak', 'tetes', 'padahal', 'kran', 'tak', 'bukak', 'mulai', 'isuk', 'aku', 'budhal', 'kerjo', 'sampek', 'saiki', 'aku', 'muleh', 'kerjo', 'bak', 'ku', 'ijek', 'kosong', 'oblong <num>']",
DP6O35WE1xK,2025-10-18 18:30:54 WIB,putrilisti_16,"['min', 'banyue', 'sek', 'durung', 'nyala', 'taaku', 'sampek', 'ngungsi', 'nak', 'omah', 'e', 'wongtuoku', 'maneh']",
DP6O35WE1xK,2025-10-18 18:44:28 WIB,jack_noises,"['minkoen', 'nek', 'butuh', 'kerja', 'bakti', 'warga', 'gawe', 'mbenakno', 'pipo', 'ngomongo', 'kurang', 'akeh', 'ta', 'pegawaimu', 'kok', 'banyu', 'sampek', 'saiki', 'durung', 'mili', '?', '?', '?']",
DP6O35WE1xK,2025-10-18 18:50:49 WIB,chella.o,"['daaaaaaannnn', 'kenyataan', 'd', 'lapangan', 'air', 'belum', 'metuuuu', 'stok', 'banyu', 'wes', 'menipissssssss', 'miiinnn', 'ngunui', 'garai', 'tagihan', 'malah', 'entek', 'wakeehh', 'taalaaaahh']",
DP6O35WE1xK,2025-10-18 19:00:51 WIB,erryseptiawan,"['sdh', 'aku', 'kirim', 'di', 'dm', 'min']",
DP6O35WE1xK,2025-10-18 19:07:30 WIB,34_abadi,"['oalah', 'aku', 'baru', 'tau', 'kalo', 'sampe', 'kebarat', 'pak', 'tak', 'kira', 'mungkin', 'mentok', 'benowo']",
DP6O35WE1xK,2025-10-18 19:09:23 WIB,abiddinsy,"['wah', 'bohong', 'si', 'admin', 'padahal', 'dilapangan', 'masih', 'proses']",
DP6O35WE1xK,2025-10-18 19:09:35 WIB,34_abadi,"['halo', 'haloo', 'cak', 'neng', 'pak', 'bu', 'infonya', 'yaopo', 'iki', 'jare', 'tgl', '<num> tok', '-', '<num> jam', 'iki', 'wes', 'tgl', '<num>', 'wes', 'jam', 'yahene', 'kok', 'gak', 'onok', 'banyu', 'nobar', 'kecut', 'kabeh', 'iki', 'bos']",
DP6O35WE1xK,2025-10-18 19:12:35 WIB,34_abadi,"['min', 'membuang', 'angin', 'iki', 'ngentut', 'ngono', 'ta', '?', 'dari', 'pagi', 'dorong', 'adus', 'min', 'ngadimin', 'korahan', 'dan', 'kumbahan', 'numpuk', 'awak', 'lebus', 'nobar', 'pliket', 'kabeh']",
DP6O35WE1xK,2025-10-18 09:37:05 WIB,rioade14,"['adus', 'banyu', 'logo', 'ae', 'komen', 'ae']",
DP6O35WE1xK,2025-10-18 09:41:15 WIB,ayoerahayu111,"['sememi', 'skg', 'kok', 'langganan', 'sih', 'min', 'belum', 'sebulan', 'lapor', 'skg', 'mati', 'lg', 'didaerah', 'saya', 'sememi']",
DP6O35WE1xK,2025-10-18 09:42:14 WIB,hendrikvivi,"['kapan', 'nyala', 'airnya', 'pak', 'sampek', 'sekarang', 'kok', 'belum', 'keluar', 'ya']",
DP6O35WE1xK,2025-10-18 09:42:38 WIB,trisachrisma,"['kok', 'tempat', 'saya', 'belum', 'nyala', 'ya', 'pak', 'katanya', 'perbaikan', 'sdh', 'selesai', '?']",
DP6O35WE1xK,2025-10-18 09:45:28 WIB,trisachrisma,"['saya', 'daerah', 'sememi']",
DP6O35WE1xK,2025-10-18 09:49:19 WIB,inspirasiku_racunshopee,"['sidorejo', 'pakal', 'airnya', 'belum', 'nyala', 'nihhh', 'min', 'gimana', '?', '?', 'sudah', 'wa', 'jg', 'gk', 'ada', 'tanggapan']",
DP6O35WE1xK,2025-10-18 09:58:13 WIB,indie_riawan,"['wah', 'parah', 'sebelum', 'perbaikan', 'air', 'saja', 'uda', 'kecil', 'sekali', 'dan', 'susah', 'keluarnya', 'di', 'rumah', 'warga']",
DP6O35WE1xK,2025-10-18 09:58:49 WIB,indie_riawan,"['air', 'mulai', 'jam', '<num>', 'subuh', 'sampe', 'sekarang', 'gak', 'ada', 'keluar', 'sama', 'sekali', 'payah']",
DP6O35WE1xK,2025-10-18 09:59:30 WIB,indie_riawan,"['parah', 'pdam', 'skrg', 'air', 'hanya', 'jam', 'tertentu', 'saja', 'keluar', 'nya', 'itu', 'pun', 'kecil', 'debit', 'air', 'nya']",
DP6O35WE1xK,2025-10-18 10:03:17 WIB,chizlava,"['msh', 'blm', 'nyala', 'loh', 'min']",
DP6O35WE1xK,2025-10-18 10:07:36 WIB,lalalililululalo,"['pagi', 'ini', 'air', 'belum', 'mengalir']",
DP6O35WE1xK,2025-10-18 10:13:28 WIB,me.mitha0205,"['udahh', 'min', 'barusan', 'nyala']",
DP6O35WE1xK,2025-10-18 10:16:22 WIB,paniipannnn_,"['sememi', 'masihh', 'mati', 'airnya']",
DP6O35WE1xK,2025-10-18 10:23:13 WIB,poncoae,"['oke', 'min', 'terima', 'kasih', 'infonya']",
DP6O35WE1xK,2025-10-18 10:25:20 WIB,shinta_marsharosaline,"['bener', 'busaya', 'paham', 'banget', 'kekesalannya', 'ibutd', 'pagi', 'juga', 'saya', 'telp', 'ke', 'call', 'centersaya', 'blg', 'infonya', 'kan', 'tgl', '<num>', 'perbaikannya', 'kok', 'bs', 'smpe', 'tgl', '<num> jawabannya', 'saya', 'harus', 'rajin <num>', 'cek', 'instagram', 'pdam', 'biar', 'ada', 'info', 'hahahaha']",
DP6O35WE1xK,2025-10-18 10:33:44 WIB,isnawatichoiruliyah,"['min', 'jarene', 'perbaikan', 'e', 'wes', 'mari', 'tapi', 'ng', 'omahku', 'di', 'jl', 'sidorejo', 'pakal', 'banyu', 'ne', 'sampek', 'saiiki', 'jam', '<num>', 'sek', 'mati']",
DP6O35WE1xK,2025-10-18 10:53:04 WIB,mhmddidits,"['opo', 'iki', 'pbi', 'gak', 'nyala', 'tambah', 'gak', 'tak', 'bayar', 'iki', 'banyumu']",
DP6O35WE1xK,2025-10-18 11:23:47 WIB,mochyusufghanii,"['mana', 'ada', 'belum', 'nyalah', 'kauman']",
DP6O35WE1xK,2025-10-18 11:26:17 WIB,aaaudiye_lyv,"['ini', 'gimana', 'min', 'ya', 'allah', 'dr', 'tgl', '<num>', 'nank', 'gak', 'nyala', 'blas', 'ki', 'pie', 'min', 'air', 'sumber', 'khidupan', 'min', 'msok', 'kon', 'beli', 'galon', 'trus', 'buat', 'mandi', 'bab', 'dll', 'tyus', 'yg', 'klga', 'nya', 'byak', 'kyak', 'saya', 'kek', 'opo', 'min', 'byak', 'anak', 'kecil', 'dan', 'balita', 'jga', 'yg', 'sangat', ""''"", 'btuh', 'air', 'sewaktu', ""''""]",
DP6O35WE1xK,2025-10-18 11:26:19 WIB,no_vellia,"['omahku', 'bandarejo', 'wes', 'seminggu', 'banyu', 'metu', 'e', 'cuilikkk', 'bahkan', 'gag', 'kadang', 'gag', 'metu', 'blasss', 'sumpah', 'kebacut', 'suwi <num>', 'pdam']",
DP6O35WE1xK,2025-10-18 11:29:18 WIB,rizkiyanura,"['<num>', 'sememi', 'baru', 'belum', 'nyala', 'hampir', '<num> jam', 'hadehhhh']",
DP6O35WE1xK,2025-10-18 11:38:53 WIB,wildanrobih,"['sampai', 'skrg', 'belum', 'nyala', 'ya']",
DP6O35WE1xK,2025-10-18 11:40:39 WIB,isnawatichoiruliyah,"['piye', 'min', 'kok', 'durung', 'nyala', 'ae', 'banyu', 'ne', 'di', 'sidorejo', 'pakal', 'call', 'center', 'wa', 'di', 'chat', 'tapi', 'masih', 'diproses', 'ae', 'stok', 'banyu', 'ku', 'wes', 'menipis', 'iki', 'tolong', 'direspon', 'min']",
DP6O35WE1xK,2025-10-18 11:40:53 WIB,wildanrobih,"['di', 'dreaming', 'land', 'pondok', 'benowo', 'indah', 'tidak', 'nyala', 'apakah', 'masih', 'perbaikan', '?', '?', '?']",
DP6O35WE1xK,2025-10-18 11:42:03 WIB,lila_linlin,"['pbi', 'kok', 'sebagian', 'ad', 'yg', 'nyala', 'sebagian', 'mati', '?', 'masih', 'belum', 'lancarkah', 'airinya', '?']",
DP6O35WE1xK,2025-10-18 12:06:38 WIB,chizlava,"['kandangan', 'blm', 'nyalaaaa', 'mau', 'sampe', 'kapaaan', 'yaaallaaaaah', 'yarobiiiiiii']",
DP6O35WE1xK,2025-10-18 12:20:14 WIB,ellythonggg,"['masih', 'blm', 'nyala', 'min', 'smpe', 'skrg']",
DP6O35WE1xK,2025-10-18 12:27:53 WIB,34_abadi,"['selamat', 'siang', 'hingga', 'saat', 'ini', 'air', 'di', 'wilayah', 'pbi', 'belum', 'ada', 'yang', 'keluar', 'saya', 'sudah', 'kecut', 'bapak', 'belum', 'mandi', 'weteng', 'mules', 'sisan', 'mohon', 'untuk', 'di', 'followup', 'bapak', 'biar', 'pada', 'mandi', 'orang <num>', 'trimakasih']",
DP6O35WE1xK,2025-10-18 12:51:09 WIB,padelita.cr,"['wes', 'nyalah', 'ta', '?']",
DP6O35WE1xK,2025-10-18 12:54:07 WIB,dhana_saja,"['sudah', 'normal', 'apa', 'belum']",
DP6O35WE1xK,2025-10-18 13:03:51 WIB,ayusari8667,"['pbi', 'sampai', 'sekarang', 'belum', 'nyala', 'minta', 'tolong', 'penanganan', 'nyagak', 'nduwe', 'banyu', 'blas', 'min']",
DP6O35WE1xK,2025-10-18 13:05:21 WIB,bekam_sby,"['seng', 'cedek', 'daerah', 'bandarejo', 'bgian', 'atsae', 'drung', 'metu', 'miniki', 'normalisasi', 'btuh', 'berapa', 'jam', 'mintlng', 'min', 'iki', 'sak', 'no', 'bayi', 'nemin']",
DP6O35WE1xK,2025-10-18 13:08:14 WIB,np.ajeng,"['daerah', 'bandarsari', 'blm', 'nyala', 'sempat', 'nyala', 'dpt', 'stgh', 'baskom', 'airnya', 'butek']",
DP6O35WE1xK,2025-10-18 13:12:20 WIB,nrhasanah39,"['aduuuuh', 'wes', 'howoe', 'panas', 'tambah', 'banyu', 'mati']",
DP6O35WE1xK,2025-10-18 13:20:40 WIB,suksessportsby,"['panase', 'ngene', 'kq', 'terus', 'olehe', 'dandani', 'menyala']",
DP6O35WE1xK,2025-10-18 13:24:26 WIB,brambang.ireng,"['kok', 'belum', 'nyala', 'sampai', 'sekarang', 'ya', '?', 'area', 'sememi']",
DP6O35WE1xK,2025-10-18 13:28:17 WIB,wii1i,"['masih', 'belum', 'keluar', 'airnya', 'di', 'pbi']",
DP6O35WE1xK,2025-10-18 13:45:51 WIB,shasa.cong,"['area', 'sememi', 'kok', 'belum', 'nyala', 'ya', 'airnya', 'gmna', 'ini']",
DP6O35WE1xK,2025-10-18 13:47:26 WIB,shasa.cong,"['bner', 'infonya', 'mepet', 'bgt', 'dan', 'skrng', 'khabisan', 'air', 'blum', 'nyala <num>']",
DP6O35WE1xK,2025-10-18 13:54:59 WIB,wildanrobih,['iya'],
DP6O35WE1xK,2025-10-18 13:56:18 WIB,shasa.cong,"['tlong', 'responnyaaarea', 'sememi', 'blum', 'nyala', 'ini', 'airnyaaa']",
DP6O35WE1xK,2025-10-18 13:59:35 WIB,yosefinnathalia,"['iyaa', 'kak', 'saya', 'juga', 'di', 'sememi', 'belum', 'nyala']",
DP6O35WE1xK,2025-10-18 14:44:21 WIB,inez_dvk,"['sampai', 'jam', 'sore', 'ini', 'di', 'rmh', 'saya', 'tdk', 'ngalir', 'sama', 'sekali']",
DP6O35WE1xK,2025-10-18 14:47:16 WIB,sm4llc0rner,"['iya', 'kak', 'barusan', 'aku', 'lewat', 'depan', 'kendung', 'kaya', 'masi', 'diperbaiki', 'gt', 'apanya', 'yg', 'udah', 'selesai']",
DP6O35WE1xK,2025-10-18 15:01:53 WIB,purnomosudaryanto,"['nggih', 'leres', 'sebelumnya', 'debit', 'airnya', 'lumayan', 'besar', 'tapi', 'akhir <num>', 'ini', 'kecil', 'lagi']",
DP6O35WE1xK,2025-10-18 15:04:59 WIB,wildanrobih,"['belum', 'keluar', 'airnya']",
DP6O35WE1xK,2025-10-18 15:05:31 WIB,rudipriyanto1983,"['sampai', 'detik', 'iniarea', 'pondok', 'benowo', 'indah', 'air', 'belum', 'keluar', 'setetes', 'pun']",
DP6O35WE1xK,2025-10-18 15:28:09 WIB,sugab_ojunip_farm_magetan,"['absen', 'min', 'sememi', 'belum', 'keluar', 'air', 'dr', 'pagi', 'blm', 'mandi', 'ini']",
DP6O35WE1xK,2025-10-18 07:40:13 WIB,dannykrisd,"['waduh', 'airnya', 'mati', 'lg']",
DP6O35WE1xK,2025-10-18 07:42:03 WIB,abiddinsy,"['bukannya', 'kemarin', 'habis', 'perbaikan', 'kok', 'bocor', 'lagi', 'min', 'parah']",
DP6O35WE1xK,2025-10-18 07:44:44 WIB,chizlava,"['pas', 'd', 'bungkal', 'sering', 'mati', 'pindah', 'kandangan', 'kena', 'juga', 'wkwkkwk', 'serah', 'ahh']",
DP6O35WE1xK,2025-10-18 07:47:33 WIB,sektaboss,"['setiap', 'pagi', 'dari', 'kemarin', 'belum', 'selesai', ""''"", 'sampai', 'sekarang', 'di', 'pbi', '?', 'mati', 'total', 'meskipun', 'pakai', 'sanyo', 'tetap', 'aja', 'kenapa', 'harus', 'pagi', 'woypagi', 'aktivitas', 'nya', 'banyak', 'kenapa', 'harus', 'pagi', '?', '?', '?', '?']",
DP6O35WE1xK,2025-10-18 07:54:23 WIB,poncoae,"['kapan', 'nyala', 'airnya', 'min', 'kita', 'ada', 'hajatan', 'malah', 'susah', 'cari', 'air']",
DP6O35WE1xK,2025-10-18 07:57:32 WIB,fikars18,"['tiwas', 'keturon', 'aku', 'wisan', 'gk', 'nads', 'banyu', 'min']",
DP6O35WE1xK,2025-10-18 07:58:28 WIB,salsa_olshop1927,"['wingi', 'twas', 'nampung', 'gg', 'mati', 'saiki', 'matii', 'maneh', 'tak', 'kiro', 'gg', 'matii', 'maneh', 'tibake', 'mati', 'jan', 'jan', 'nyorokno', 'tok']",
DP6O35WE1xK,2025-10-18 07:59:41 WIB,reyvan0963,"['skrg', 'jadi', 'sering', 'mati', 'air', 'heran', 'deeehhh', 'tlg', 'segera', 'diselesaikan']",
DP6O35WE1xK,2025-10-18 07:59:59 WIB,yynt_sec,"['pakkk', 'segera', 'selesaikan', 'tolong', 'udah', 'hawa', 'panas', 'pak', 'air', 'kurang', 'kita', 'mepet', 'air', 'sudah']",
DP6O35WE1xK,2025-10-18 08:12:26 WIB,embeecks.eblast,"['nantik', 'selesai', '<num>', 'hari', 'lagi', 'info', 'terjadi', 'bocor', 'lagi', 'kedalaman', '<num> m', 'karna', 'box', 'petric', 'klepret', 'selesai', 'estimasi', '<num>', 'jam', 'terus', 'bocor', 'lagi', 'daerah', 'beji', 'dengan', 'kedalaman', '<num> m']",
DP6O35WE1xK,2025-10-18 08:22:02 WIB,nophanophek,"['woooyyy', 'kerja', 'itu', 'terjadwal', 'gitu', 'lohh', 'info', 'dadakan', 'banyu', 'mati', 'woro <num>', 'nang', 'status', 'ig', 'mbo', 'kiro', 'kene', 'ikki', 'dulinan', 'ig', 'teros', 'tah', '?', '?', '?', 'ndeloki', 'igmu', 'teros', '?', '?', '?', '?']",
DP6O35WE1xK,2025-10-18 08:25:44 WIB,chizlava,"['mau', 'sampe', 'jmbrp', 'gusti', 'allaaaah']",
DP6O35WE1xK,2025-10-18 08:35:33 WIB,brambang.ireng,"['pak', 'panas', 'panas', 'ngene', 'banyu', 'mati', 'yaopo', 'ngene', 'iki']",
DP6O35WE1xK,2025-10-18 08:37:48 WIB,wii1i,"['yakin', '?', 'awas', 'kalau', 'molor', 'ini', 'dari', 'janji', '<num>', 'jam', 'sudah', 'molor', 'jauh']",
DP6O35WE1xK,2025-10-18 08:39:00 WIB,hi_iniiaku,"['sakjane', 'sakdurunge', 'onok', 'perbaikan', 'iku', 'di', 'delok', 'sek', 'wargae', 'onok', 'sing', 'duwe', 'hajat', 'ta', 'gak', '?', 'di', 'data', 'lek', 'perlu', 'gak', 'angger', 'ae', 'wayahe', 'wong', 'turu', 'di', 'pateni', 'banyunewes <num>', 'tambah', 'mrene', 'onoooook', 'ae', 'sing', 'di', 'bongkar', 'pasang', 'wes', 'koyok', 'roblox', 'iku', 'lo', 'ngerti', 'gak', '?']",
DP6O35WE1xK,2025-10-18 08:39:37 WIB,hi_iniiaku,"['wes', 'mari', 'ta', '?', 'kene', 'panas <num>', 'malah', 'di', 'potan', 'pateni', 'ae']",
DP6O35WE1xK,2025-10-18 09:06:58 WIB,paniipannnn_,"['teman <num>', 'yg', 'di', 'sememi', 'apakah', 'airnya', 'sdh', 'nyala', '?']",
DP6O35WE1xK,2025-10-18 09:08:41 WIB,brambang.ireng,"['baik', 'terima', 'kasih']",
DP6O35WE1xK,2025-10-18 09:11:21 WIB,yanianis33,"['hawa', 'sdah', 'panas', 'air', 'mati', 'pula', 'semoga', 'tdk', 'sering', 'lagi']",
DP6O35WE1xK,2025-10-18 09:13:20 WIB,izza.nurulr26,"['hemtalah', 'lek', 'dendo', 'ae', 'langsung', 'gercep', 'lek', 'mbenakno', 'pipo', 'bolak', 'balek', 'tulung', 'lek', 'ndandakno', 'seng', 'bener', 'ojok', 'bolak', 'balik', 'karena', 'air', 'itu', 'kebutuhan', 'vital', 'min']",
DP6O35WE1xK,2025-10-18 09:21:36 WIB,augselv_,"['pbi', 'blm', 'nyala', 'min']",
DP6O35WE1xK,2025-10-18 09:23:34 WIB,bluegummm_,"['min', 'bandarejo', 'sememi', 'airnya', 'masih', 'mati', 'dari', 'tadi', 'pagi', 'min', 'kapan', 'selesai', 'perbaikannyaa']",
DP6O35WE1xK,2025-10-18 09:27:11 WIB,malll_muhammad,"['sememi', 'masih', 'mati', 'min']",
DP6O35WE1xK,2025-10-18 09:30:56 WIB,bluegummm_,"['minnnnn', 'bandarejo', 'sememi', 'airnyaaa', 'masih', 'matii', 'daritadi', 'pagiii', 'min', 'kapan', 'nyalahnya', 'iniii']",
DP6O35WE1xK,2025-10-18 05:09:13 WIB,mega55639,['sulit'],
DP6O35WE1xK,2025-10-18 05:18:48 WIB,wii1i,"['sebulan', 'ini', 'kok', 'gangguan', 'terus', 'daerah', 'sini', 'pipa', 'bocor', '<num>', 'kali', 'pemadaman', 'rumah', 'pompa', '<num>', 'kali']",
DP6O35WE1xK,2025-10-18 05:20:30 WIB,rendrainmasgus,"['hallo', 'min', 'ini', 'kayaknya', 'dari', 'dulu', 'alasan', 'perbaikan', 'pipa', '<num> mm', 'yang', 'bocor', 'terus', 'ini', 'bagaimana', 'min', '?', 'bener-bener', 'mengecewakan', 'selalu', 'pas', 'weekend', 'dan', 'selalu', 'menginformasikan', 'pas', 'kejadian']",
DP6O35WE1xK,2025-10-18 05:21:34 WIB,alfaaz_onecare,"['pak', 'benowo', 'tempatku', 'kalau', 'nyala', 'cuma', 'siang', 'smaa', 'malam', 'ditambah', 'perbaikan', 'lagi', 'yek', 'opoo']",
DP6O35WE1xK,2025-10-18 05:22:21 WIB,wii1i,"['kalau', 'tulisannya', '<num>', 'jam', 'itu', 'mohon', 'diartikan', '<num>', 'jam', 'dasar', 'memang', 'kalau', 'punya', 'pemerintah', 'ga', 'bisa', 'kerja', 'bener']",
DP6O35WE1xK,2025-10-18 05:23:21 WIB,wii1i,"['mati', 'total', 'pbi', 'dari', 'jam', '<num>', 'malam']",
DP6O35WE1xK,2025-10-18 05:26:36 WIB,mochyusufghanii,"['bayar', 'telat', 'dendo', 'tpi', 'lek', 'mati', 'serentak', 'minta', 'maaff']",
DP6O35WE1xK,2025-10-18 05:33:44 WIB,mochyusufghanii,"['lek', 'mati', 'iku', 'bayare', 'ojk', 'dendo']",
DP6O35WE1xK,2025-10-18 05:41:00 WIB,augselv_,"['seng', 'duwe', 'gawe', 'bingung', 'karepe', 'dewe', 'ngene', 'iki', 'kudune', 'tagihan', 'banyu', 'didiskon', '<num>', 'ae', 'ben', 'g', 'merugikan', 'warga']",
DP6O35WE1xK,2025-10-18 05:54:37 WIB,me.mitha0205,"['lealaaa', 'mati', 'sampai', 'sekarang', 'belum', 'hidup', 'mau', 'ne', 'apa', 'sih', 'pdam', 'ini']",
DP6O35WE1xK,2025-10-18 05:55:21 WIB,bintu.ghanii_,"['klakah', 'rejo', 'ikut', 'mati', 'matiin', 'terusss', 'perbaikan', 'terusss', 'info', 'malam', 'pas', 'jam', 'istirahat', 'bangun-bangun', 'air', 'sudah', 'mati', 'total', 'ga', 'semua', 'rumah', 'punya', 'tandon', 'air', 'nyusahin', 'banget', 'sihh']",
DP6O35WE1xK,2025-10-18 05:56:36 WIB,me.mitha0205,"['laiyaa', 'kalo', 'ngomong', 'guampang', 'yaa', 'kak', 'menampung', 'menampung', 'apaa', 'air', 'hujan', 'ta', '?', 'wong', 'ya', 'lagi', 'musim', 'kemarau', 'gini', 'lagi', 'pula', 'minta', 'kiriman', 'pasokan', 'air', 'pun', 'kudu', 'banyak', 'warga', 'juga', 'yang', 'mau', 'gak', 'segampang', 'itu', 'hadehhhh', 'pdam', 'oh', 'pdam', 'kalo', 'soal', 'tarif', 'naik', 'dan', 'denda', 'telat', 'no', '<num>']",
DP6O35WE1xK,2025-10-18 06:01:17 WIB,chrizt_tien,"['waktue', 'wong', 'prei', 'kerjo', 'kumpul', 'kabeh', 'nang', 'omah', 'banyu', 'mati', 'anjaaayyy', 'lah']",
DP6O35WE1xK,2025-10-18 06:14:58 WIB,andib.rhm,"['yamene', 'sek', 'matii', 'aee', 'arep', 'budal', 'kerjo', 'moso', 'ga', 'aduss', 'min']",
DP6O35WE1xK,2025-10-18 06:16:51 WIB,nurriya70,"['efek', 'turu', 'ket', 'sore', 'saiki', 'gak', 'nduwe', 'banyu', 'min']",
DP6O35WE1xK,2025-10-18 06:24:59 WIB,cynthia_larasati15,"['habis', 'diperbaiki', 'dulu', 'sekarang', 'lagi', 'kenapa', 'sih', 'kok', 'giiituuuuu', 'ajaaaa', 'tolonglah', 'kalau', 'udah', 'selesai', 'diperbaiki', 'ya', 'udah', 'cukup', 'jangan', 'malah', 'diperbaiki', 'dan', 'timbul', 'masalah', 'lagi', 'malesin', 'deh', 'jadinya']",
DP6O35WE1xK,2025-10-18 06:29:52 WIB,mukhammad_fandi,"['maneh', '?', 'jane', 'latah', 'ta', 'pie', '?']",
DP6O35WE1xK,2025-10-18 06:36:44 WIB,riswandha95,"['kandangan', 'belakang', 'pandansari', 'kenapa', 'ikut', 'kena', 'dampaknya', 'min', 'padahal', 'ada', 'rumah', 'pompa', 'kandangan', 'dan', 'padahal', 'itu', 'buat', 'supply', 'mobil', 'tangki', 'air', 'gratis']",
DP6O35WE1xK,2025-10-18 06:38:59 WIB,ikacuby,"['griya', 'citra', 'asri', 'kenapa', 'pdam', 'nya', 'ikut', 'mati', 'sih', 'min', 'pagi', 'ini', '?', 'whyyy', '?', '?']",
DP6O35WE1xK,2025-10-18 06:42:19 WIB,evinamegan,"['sampe', 'jm', 'brpa', 'ini']",
DP6O35WE1xK,2025-10-18 06:42:23 WIB,_dmzzz,"['kita', 'sebagai', 'warga', 'udah', 'bayar', 'pdam', 'tepat', 'waktu', 'kalau', 'kejadian', 'sering', 'seperti', 'ini', 'apa', 'tidak', 'mendapatkan', 'ganti', '?', 'apalagi', 'infonya', 'sangat', 'mendadak', 'seperti', 'ini', 'pak']",
DP6O35WE1xK,2025-10-18 06:44:44 WIB,evinamegan,"['libur', 'krjaniat', 'mau', 'nyuciehh', 'mati', 'airnya']",
DP6O35WE1xK,2025-10-18 06:53:54 WIB,lee_chamoomilee,"['info', 'updatenya', 'min', 'estimasi', '±8', 'jam', '?', 'ini', 'sudah', 'lebih', 'dari', '<num>', 'jam', 'ini', 'kota', 'bukan', 'pelosok', 'yg', 'kesusahan', 'air', 'apalagi', 'ini', 'bayar', 'bukan', 'gratis']",
DP6O35WE1xK,2025-10-18 06:59:11 WIB,mila_miyaz,"['sdh', 'selesai', 'blm', '?']",
DP6O35WE1xK,2025-10-18 07:00:05 WIB,mirzaland,"['dibaleni', 'maneeeh']",
DP6O35WE1xK,2025-10-18 07:07:31 WIB,bekam_sby,"['gak', 'mati', 'manehgak', 'netes', 'blasadus', 'nang', 'masjid', 'iki', 'min', 'karo', 'ngajak', 'bayi', 'ne']",
DP6O35WE1xK,2025-10-18 07:08:16 WIB,_dewiaria,"['estimasi', 'menyala', 'jam', 'brp', '?']",
DP6O35WE1xK,2025-10-18 07:08:52 WIB,_dewiaria,"['dirumah', 'ada', 'anak', 'kecil', '<num>', 'org', 'tdk', 'sempat', 'nandon', 'air', 'krn', 'pengumumannya', 'mendadak', 'dan', 'sy', 'g', 'sll', 'liat', 'ig', 'nya', 'pdam']",
DP6O35WE1xK,2025-10-18 07:10:44 WIB,angga.per,"['owalah', 'mati', 'maneh', 'kok', 'yo', 'pas', 'wayah', 'e', 'onok', 'pesenan', 'pisan']",
DP6O35WE1xK,2025-10-18 07:10:50 WIB,congkendro,"['pbi', 'sampe', 'jam', 'berapa', 'mati', 'yang', 'kerja', 'suruh', 'cepet']",
DP6O35WE1xK,2025-10-18 07:12:28 WIB,hi_iniiaku,"['mota', 'mati', 'ae', 'anjirrrr', 'wayahe', 'wong', 'budal', 'kerjo', 'pisan']",
DP6O35WE1xK,2025-10-18 07:17:13 WIB,mila_miyaz,"['lha', 'jawaban', 'sama', 'kayak', 'komen', 'di', 'bawah', 'kurang', '<num> jam', 'lagi']",
DP6O35WE1xK,2025-10-18 07:33:28 WIB,eviaprilias,"['min', 'kalau', 'ngasih', 'pengumuman', 'jgn', 'waktu', 'jam', 'tidur', 'kalau', 'memang', 'rencana', 'ada', 'perbaikan', 'kasi', 'pengumuman', 'siang', 'nya', 'biar', 'bisa', 'nampung', 'air', 'dulu', 'kalau', 'kyk', 'gini', 'apa', 'yg', 'bisa', 'di', 'tampung', 'banyu', 'iler', 'ta', 'min', '\u200d']",
DP6O35WE1xK,2025-10-18 07:33:47 WIB,rezky_2210,"['terjadi', 'lagi', 'pantesan', 'air', 'pagi', 'ini', 'tdk', 'keluar']",
DP6O35WE1xK,2025-10-18 07:37:08 WIB,yolandaayurotania,"['bapakibu', 'pdam', 'yang', 'terhormat', 'mohon', 'setelah', 'perbaikan', 'selesai', 'debit', 'air', 'di', 'besarkan', 'sperti', 'dulu', 'karena', 'setelah', 'beberapa', 'kali', 'mati', 'karena', 'perbaikan', 'airnya', 'jadi', 'tidak', 'keluar', 'sekalinya', 'keluar', 'itu', 'kecil', 'sekali', 'pak', 'bu', 'bayangkan', 'di', 'posisi', 'kita', 'yang', 'tidak', 'punya', 'tandon', 'itu', 'mengganggu', 'aktifas', 'rumah', 'tangga', 'sehari']",
DP6O35WE1xK,2025-10-18 07:38:00 WIB,aburamadhan,"['gangguan', 'tuweros']",
DP6O35WE1xK,2025-10-17 19:14:50 WIB,lalalililululalo,"['lagi', '?', '?', '?']",
DP6O35WE1xK,2025-10-17 19:18:19 WIB,dewagstin,"['maneh', '?', 'manehhh', '?']",
DP6O35WE1xK,2025-10-17 19:19:35 WIB,lalalililululalo,"['kalau', 'seperti', 'ini', 'terus', 'pembayarannya', 'harusnya', 'dpt', 'diskon', 'lho']",
DP6O35WE1xK,2025-10-17 19:25:37 WIB,yanianis33,"['kulino', 'seh']",
DP6O35WE1xK,2025-10-17 19:34:53 WIB,eveline_fr,"['call', 'center', 'dan', 'wa', 'dr', 'pagi', 'sampe', 'malem', 'tidak', 'bisa', 'dihubungi', 'bagaimana', 'ini', '?', 'katanya', '<num>', 'jam', '<num> jam', 'kok', 'sibuk', 'terus', 'tidak', 'ada', 'yg', 'balas']",
DP6O35WE1xK,2025-10-17 19:41:07 WIB,nyomudkecil_,"['ya', 'allah', 'sg', 'wingi', 'ae', 'durung', 'mili', 'lakok', 'ketambahan', 'mane', 'diperpanjang', 'ta', 'iki', 'critane']",
DP6O35WE1xK,2025-10-17 19:44:24 WIB,nyomudkecil_,"['menampung', 'opo', 'sg', 'ditampung', 'pak', 'yg', 'gangguan', 'kemarin', 'ae', 'belum', 'nyala', 'loh', 'lakok', 'ini', 'ada', 'gangguan', 'lgi', 'disuruh', 'nampung', '?', '?', 'nampung', 'anginkah', '?', '?', '?']",
DP6O35WE1xK,2025-10-17 19:50:12 WIB,inez_dvk,"['bayar', 'e', 'pasti', 'air', 'sulit']",
DP6O35WE1xK,2025-10-17 19:50:15 WIB,bekam_sby,"['bandarejo', 'apa', 'terdampak', 'ya']",
DP6O35WE1xK,2025-10-17 19:51:04 WIB,chella.o,"['mota', 'matiii', 'ae', 'kerjo', 'sekaligus', 'ngunu', 'loooo', 'merugikan', 'warga', 'ngene', 'iki', 'tagihan', 'larang', 'banyu', 'mota', 'matii', 'ae']",
DP6O35WE1xK,2025-10-17 20:04:16 WIB,indriyantiikaagustin,"['mati', 'maneh', 'min']",
DP6O35WE1xK,2025-10-17 20:09:41 WIB,eveline_fr,"['suda', 'wa', 'tolong', 'di', 'cek']",
DP6O35WE1xK,2025-10-17 20:31:36 WIB,natnu.tt,"['pbi', 'selaluu']",
DP6O35WE1xK,2025-10-17 21:08:27 WIB,mayaprmtsr,"['tiap', 'weekend', 'kaya', 'gini']",
DP6O35WE1xK,2025-10-17 21:37:11 WIB,_dssy,"['yaallah', 'sememi', 'maneh', 'sememi', 'maneh', 'seng', 'wingi', 'ae', 'saiki', 'sek', 'milie', 'icir', ""''"", 'diperpanjang', 'maneh']",
DP6O35WE1xK,2025-10-17 21:38:15 WIB,_dssy,['bener'],
DP6O35WE1xK,2025-10-17 21:45:34 WIB,thary1299,"['manukan', 'air', 'mati', 'lagi', 'mulai', '<num>', 'pagi', '<num>', 'oktsampai', 'malam', 'ini', 'gak', 'nyala']",
DP6O35WE1xK,2025-10-18 00:02:05 WIB,thary1299,"['manukan', 'dekat', 'sma', '<num>']",
DP6O35WE1xK,2025-10-18 04:00:01 WIB,cynthia_larasati15,"['lagi', 'dan', 'lagi', 'ini', 'pdam', 'mati', 'mati', 'aja', 'hmmmmmmmmmm']",
DP6O35WE1xK,2025-10-18 04:03:02 WIB,cynthia_larasati15,"['perasaan', 'kapan', 'hari', 'itu', 'sudah', 'perbaikan', 'yg', 'disini', 'skrg', 'masih', 'perbaikan', 'lagi', 'heran', 'deh']",
DP6O35WE1xK,2025-10-18 04:34:22 WIB,lee_chamoomilee,"['infonya', 'kok', 'mepet', 'ya', '?', 'semalam', 'saya', 'sudah', 'tidur', 'bangun', 'bangun', 'lah', 'harusnya', 'petang', 'masih', 'nyala', 'air', 'lah', 'kok', 'ke', 'kamar', 'mandi', 'airnya', 'gk', 'keluar', 'langsung', 'pikiran', 'saya', 'buat', 'cek', 'ig', 'nya', 'pdam', 'ternyata', 'bener', 'ada', 'perbaikan', 'lagi', 'tagihan', 'air', 'saya', 'bulan', 'ini', 'saja', '<num>', 'rb', 'kalo', 'ditambah', '<num>', 'bulan', 'kebelakang', 'bisa', 'di', 'total', 'jadi', '<num>', 'juta', '<num>', 'rb', 'an', 'itu', 'air', 'saja', 'loh', 'ya', 'tapi', 'dgn', 'kondisi', 'air', 'yg', 'tidak', 'nyala', '<num>', 'jam', 'sering', 'mati', 'apalagi', 'perbaikan', 'yg', 'berulang', 'seperti', 'ini', 'seperti', 'kapan', 'lalu', 'mati', 'sampe', 'beberapa', 'hari', 'gak', 'semua', 'rumah', 'punya', 'tandon', 'air', 'dan', 'sumur', 'juga', 'kalo', 'cuma', 'mengandalkan', 'air', 'dari', 'pdam', 'tapi', 'kalo', 'seperti', 'ini', 'ya', 'sulit', 'perbaikan', '<num>', 'bulan', 'saja', 'lebih', 'dari', '<num>', 'kali', 'ini', 'namanya', 'merugikan', 'tolong', 'kenapa', 'kok', 'sering', 'bocor <num>', 'terus', 'pipanya', 'kalo', 'tagihan', 'murah', 'sih', 'oke', 'oke', 'aja', 'pemakaian', 'sama', 'tagihan', 'gk', 'sepadan']",
DP6O35WE1xK,2025-10-18 04:39:43 WIB,wien_reyki,"['kabar', 'terbaru', 'pemasangan', 'valve', 'di', 'babat', 'jerawat', '?']",
DP6O35WE1xK,2025-10-18 04:49:58 WIB,daffaalzhafran,"['orang', 'pada', 'tidur', 'bikin', 'pengumuman', 'sambil', 'mematikan', 'air', 'hebattt']",
DP6O35WE1xK,2025-10-18 05:08:49 WIB,mega55639,"['estimasi', 'sampai', 'jam', 'brp', 'bangun', 'tidur', 'mau', 'mandi', 'gk', 'bisa']",
DP5XKAwk8nC,2025-10-17 11:34:25 WIB,lindapriskilar,"['min', 'tolong', 'minmedokan', 'ayu', 'utara', 'ya', 'ampun', 'min', 'airnya', 'ga', 'keluar <num> mana', 'panas', 'banget', 'cuacanya']",
DP5XKAwk8nC,2025-10-17 15:20:57 WIB,dephii_cute,"['jm', 'berapa', 'airnya', 'hidup', 'pak', '?', 'mau', 'aktivitas', 'menggunakan', 'air', 'gk', 'bisaa']",
DP5XKAwk8nC,2025-10-17 16:48:10 WIB,lindapriskilar,"['berarti', 'belum', 'selesai', 'ya', 'min', 'perbaikannya', '?']",
DP5XKAwk8nC,2025-10-17 17:41:49 WIB,dephii_cute,"['iya', 'sudah', 'nyala', 'tpi', 'aliran', 'air', 'kembali', 'kecil', 'tidak', 'seperti', 'sebelumya', 'yg', 'di', 'perbaiki', 'kemaren']",
DP5XKAwk8nC,2025-10-17 18:25:09 WIB,lindapriskilar,"['smp', 'kpn', 'min', 'perbaikannya', '?', 'ditunggu', 'update', 'nya', 'ya']",
DP5XKAwk8nC,2025-10-18 05:20:40 WIB,hendry_list,"['daerah', 'kandangan', 'rejo', 'koq', 'aienya', 'mati', 'min', '?']",
DQVwjiUE6px,2025-10-28 12:15:01 WIB,nurivaivana,"['medayu', 'utara', 'mulai', 'sore', 'kemarin', 'mati', 'airnya', 'tolong', 'donk', 'dibenerin']",
DQVwjiUE6px,2025-10-28 12:29:13 WIB,ollaaqmryh,"['kak', 'lihat', 'story', 'ya']",
DQVwjiUE6px,2025-10-28 12:31:30 WIB,nurivaivana,"['oh', 'iya', 'apa', 'blm', 'dibenerin', 'ya', 'mb', '?', 'ya', 'allah', 'gak', 'ada', 'air', 'lho']",
DQVwjiUE6px,2025-10-28 12:38:33 WIB,yopi_apriyanto,"['air', 'di', 'rumah', 'saya', 'kok', 'tdk', 'nyala', 'iya']",
DQVwjiUE6px,2025-10-28 14:41:42 WIB,stuylei,"['sambikerep', 'ga', 'nyala', 'dari', 'pagi', 'gmn', 'solusinya', '?']",
DQVwjiUE6px,2025-10-28 15:13:15 WIB,putriijams,"['untuk', 'daerah', 'pradah', 'air', 'mati', 'sampai', 'kapan', '?', 'karena', 'mulai', 'kemarin', 'sore', 'air', 'tidak', 'keluar', 'sampai', 'skrg']",
DQVwjiUE6px,2025-10-28 15:27:48 WIB,nurima_so7,"['iya', 'betul', 'dr', 'pagi', 'smpe', 'skrg', 'mau', 'jualan', 'jd', 'gak', 'bisa']",
DQVwjiUE6px,2025-10-28 17:34:48 WIB,dwiwahyu.23,"['sambikerep', 'kapan', 'nyala', 'ini', 'airnya', '?', 'dari', 'pagi', 'sampai', 'sekarang', 'mau', 'mandi', 'nyuci', 'buang', 'air', 'kesulitan', 'lho', 'ini']",
DQVwjiUE6px,2025-10-28 18:50:14 WIB,marcelia_dini,"['sambikerep', 'woyyyytak', 'pangan', 'loh', 'yo', 'pipomu', 'nek', 'gawe', 'goro', ""''""]",
DQVwjiUE6px,2025-10-28 18:50:20 WIB,marcelia_dini,"['belet', 'ngising', 'ket', 'mau']",
DQVwjiUE6px,2025-10-28 18:52:16 WIB,marcelia_dini,"['nek', 'ws', 'ngrti', 'aduan', 'sambikerep', 'dukuh', 'kapsan', 'mati', 'yo', 'kon', 'iku', 'kudu', 'gercep', 'marakno', 'armadamu', 'to', 'wokkaku', 'gk', 'ndue', 'banyu', 'ket', 'isukrtku', 'ndomblong', 'gk', 'ngreken']",
DQVwjiUE6px,2025-10-28 19:22:16 WIB,harianto_eko94,"['penyakite', 'daerah', 'sambikerep', 'aire', 'pelan', 'teruss', 'sering', 'mati', 'dan', 'gak', 'ada', 'perubahan', 'dari', 'pihak', 'pdam']",
DQVwjiUE6px,2025-10-28 22:24:54 WIB,cholifatussya,"['dukuh', 'kapasan', 'dr', 'pagi', 'sampe', 'sekarang', 'belum', 'nyala', 'juga']",
DQVwjiUE6px,2025-10-28 22:26:17 WIB,cholifatussya,"['ayoo', 'pak', 'wes', 'kentekan', 'banyu', 'kabeh', 'iki', 'dukuh', 'kapasan', 'ket', 'isuk', 'sampek', 'saiki', 'gak', 'nyala', 'banyune']",
DQVwjiUE6px,2025-10-29 07:28:00 WIB,albertfebriant,"['kutisari', 'dari', 'kemarin', 'siang', 'pdam', 'ga', 'nyala', '?']",
DQVwjiUE6px,2025-10-29 10:28:23 WIB,cholifatussya,"['alhamdulillah', 'air', 'sudah', 'keluar']",
DQVwjiUE6px,2025-10-29 12:28:45 WIB,anis_roziqi,"['saya', 'kutisari', 'jugabanyak', 'rumah', 'yg', 'mati', 'oak', 'o']",
DQVwjiUE6px,2025-10-29 12:28:55 WIB,anis_roziqi,"['mati', 'pak', 'pdam', 'nya']",
DQVwjiUE6px,2025-10-29 13:24:58 WIB,albertfebriant,"['siang', 'ini', 'baru', 'menyala', 'dan', 'kondisi', 'air', 'masih', 'kotor']",
DQVwjiUE6px,2025-10-29 17:32:52 WIB,lianaharyantini5,"['sumurwelut', 'mati', 'jg', 'airnya']",
DQVwjiUE6px,2025-10-29 18:49:34 WIB,rys.delight,"['sumur', 'welut', 'lalarsantri', 'kok', 'juga', 'mati', 'jam', '<num>', 'tadi', 'gak', 'ada', 'info', 'sebelum', 'nya', 'ya', '?']",
DQVwjiUE6px,2025-10-30 05:48:19 WIB,hadi.soev,"['air', 'umbulan', 'mbok', 'ya', 'di', 'alirkan', 'ke', 'warga', 'jgn', 'perumahan', 'mewah', 'tok']",
DP3rWdpExko,2025-10-19 21:11:28 WIB,af13071997,"['bayar', 'pdam', 'telat', 'dendae', 'joss', 'laporan', 'dari', 'pagi', 'pdam', 'mati', '<num>', 'kampung', 'sampai', 'malam', 'belum', 'ada', 'respon']",
DP3rWdpExko,2025-10-19 21:31:25 WIB,af13071997,"['tambak', 'mayor', 'barat', 'gang', '<num> a', 'warga', 'sudah', 'kehabisan', 'air', 'dari', 'jam', '<num>', 'sampai', 'skrang', 'blm', 'ada', 'respon', 'dari', 'pdam', 'sudah', 'laporan', 'pihak', 'rt', 'dan', 'warga', 'yg', 'lain']",
DP3rWdpExko,2025-10-19 21:32:40 WIB,af13071997,"['<num>', 'tambak', 'mayor', 'barat', 'gang', '<num> a', 'depan', 'gudang', 'jawa', 'indah', 'tanjungsari']",
DP3rWdpExko,2025-10-20 05:27:20 WIB,af13071997,"['gimna', 'min', 'menjelang', '<num>', 'hari', 'air', 'di', 'rumah', ""''"", 'sudah', 'habis', 'blm', 'ada', 'tindakan', 'apapun']",
DQF6EqejkFf,2025-10-22 08:10:15 WIB,nuri1huda,"['bersama', 'santri', 'membangun', 'negeri']",
DQF6EqejkFf,2025-10-22 09:35:08 WIB,presarioqalamm,"['selamat', 'hari', 'santri']",
DQF6EqejkFf,2025-10-22 11:48:57 WIB,evimomsabila,"['terima', 'kasih', 'perumdam', 'surya', 'sembada']",
DQF6EqejkFf,2025-10-22 11:50:13 WIB,widyarigga,"['selamat', 'hari', 'santri']",
DQDpQlWE97I,2025-10-21 13:11:01 WIB,shafaardini,"['kapan', 'selesainya', '?', 'pantesan', 'air', 'keci', 'sekalii']",
DQDpQlWE97I,2025-10-21 15:51:03 WIB,onnyfariz,"['ini', 'beritanya', 'latepost', 'apa', 'salah', 'tanggal', '?', 'sekarang', 'kan', 'tanggal', '<num>']",
DQDpQlWE97I,2025-10-21 20:50:21 WIB,panti.remaja,"['kalijaran', 'air', 'nya', 'ko', 'gapernah', 'ngalir', 'yaa', 'tapi', 'bayarnya', 'tetap']",
DQDpQlWE97I,2025-10-21 20:51:16 WIB,joesoeff,"['sudah', 'menghubungi', 'cs', 'terkait', 'kalijaran', 'airnya', 'tidak', 'mengalir', 'ko', 'sudah', '<num>', 'hari', 'tidak', 'ada', 'respon', 'yaa', '?']",
DQDpQlWE97I,2025-10-21 20:51:58 WIB,riyann.dc,"['tolong', 'minn', 'belom', 'mandi', 'seminggu']",
DQDpQlWE97I,2025-10-21 20:52:59 WIB,guajagobola,"['iya', 'mas', 'bener', 'kok', 'matian', 'trus', 'ya', 'min', 'kalijaran']",
DQDpQlWE97I,2025-10-21 20:53:10 WIB,st.anfang,"['kalijaran', '<num>', 'minggu', 'airnya', 'sulit', 'mengalirsudah', 'menghubungi', 'cswadm', 'dan', 'x', 'tapi', 'kurang', 'gerceptolong', 'respon', 'cepatnya']",
DQDpQlWE97I,2025-10-21 20:54:28 WIB,sir_yannnn,"['haduh', 'pdam']",
DQDpQlWE97I,2025-10-21 20:54:34 WIB,joesoefflaughter,"['kak', 'untuk', 'kalijaran', 'sambikrep', 'airnya', 'tidak', 'mengalir', 'mohon', 'bantuannya']",
DQDpQlWE97I,2025-10-21 20:54:59 WIB,kakakumoro_,"['min', 'air', 'e', 'kalijaran', 'cilik', 'pol', 'kate', 'ados', 'uangel']",
DQDpQlWE97I,2025-10-21 20:57:19 WIB,psm7_smpn20sby,"['kalijaran', 'min', 'tolong', 'tolong']",
DQDpQlWE97I,2025-10-21 21:10:37 WIB,kkn13pasuruan,"['njalok', 'tolong', 'min', 'gareng', 'kabeh', 'wes', 'an']",
DQDpQlWE97I,2025-10-21 21:16:07 WIB,joesoeff,"['minta', 'tolong', 'ga', 'ada', 'air', 'di', 'kalijaran', 'sambikerep']",
DQDpQlWE97I,2025-10-22 06:13:38 WIB,arumanggiarini_,"['karah', 'mati', 'lagi', 'ya', 'allah', 'wayahe', 'adus', 'budal', 'kerjosekolah', 'loh']",
DQDpQlWE97I,2025-10-22 06:51:46 WIB,annishafs,"['kak', 'daerah', 'jambangan', 'mati', 'lg', 'airnya', 'kok', 'gaada', 'pemberitahuan', 'ya', '?', 'saranmu', 'suruh', 'nampung', 'lah', 'kl', 'gaada', 'pemberitahuan', 'mau', 'nampung', 'pake', 'apaaaass', 'duh']",
DQDpQlWE97I,2025-10-22 07:23:03 WIB,laundrysurabaya.bulakbanteng,"['halo', 'kak', 'ini', 'kenapa', 'ya', 'setiap', 'pagi', 'dan', 'malam', 'gada', 'air', 'kalau', 'sudah', 'semingguan', 'seperti', 'ini', 'kak', 'tolong', 'bantuannya']",
DQDpQlWE97I,2025-10-22 07:32:38 WIB,ote_05,"['tempurejo', 'banyune', 'mati', 'gak', 'onok', 'banyu', 'blas', 'minn', 'gak', 'ados', 'ikki', 'mati', 'yho', 'gak', 'ngomong', 'estimasi', 'tgl', '<num>', 'saiki', 'wes', 'tanggal', 'piro']",
DQDpQlWE97I,2025-10-22 12:42:31 WIB,sir_yannnn,"['wa', 'en', 'iku', 'ka', 'pegel', 'aku']",
DP-0_D9DgH4,2025-10-19 22:12:54 WIB,ervansoerabaja,"['minta', 'tolong', 'wilayah', 'bronggalan', 'itu', 'kalo', 'keluar', 'da', 'waktunya', 'pagi', '<num>', 'sd', '<num>', 'malam', '<num>', 'sd', '<num>', 'ini', 'terjadi', 'sudah', 'bertahun', 'tahun', 'saya', 'mohon', 'solusinya', 'saya', 'tiap', 'laporan', 'pas', 'petugas', 'kesini', 'air', 'sdh', 'mengalir', 'jadi', 'gak', 'jadi', 'ngecek', 'minta', 'tolong', 'pdam', 'surabaya', 'perhatikan', 'daerah', 'yg', 'airnya', 'lancar', 'ada', 'waktunya', 'terima', 'kasih']",
DP-0_D9DgH4,2025-10-20 03:13:34 WIB,a.paramita_s,"['pagi', 'min', 'min', 'ini', 'menanggal', 'air', 'mati', 'kenapa', 'ya', 'kok', 'ga', 'ada', 'info', '?', 'masa', 'air', 'mati', 'uda', 'kaya', 'puasa', 'daud']",
DP-0_D9DgH4,2025-10-20 12:55:53 WIB,aaaudiye_lyv,"['woooyyy', 'kapan', 'nyala']",
DP-0_D9DgH4,2025-10-20 20:31:42 WIB,sakti_alcobra,"['jl', 'juwingan', 'juga', 'terdampak', 'kah', 'min', 'dr', 'td', 'airnya', 'gak', 'keluar']",
DP-0_D9DgH4,2025-10-21 00:21:37 WIB,mommycend,"['juwingan', 'masih', 'lama', 'kah', 'min', '?']",
DP-0_D9DgH4,2025-10-21 04:31:10 WIB,rya.it09,"['selamat', 'pagi', 'min', 'air', 'didaerah', 'krembangan', 'tidak', 'keluar', 'kenapa', 'tidak', 'ada', 'info', 'sebelumnya']",
DP-0_D9DgH4,2025-10-21 05:48:27 WIB,martinus.teguh.1,"['daerah', 'krembangan', 'dan', 'sekitarnya', 'air', 'mati']",
DP-0_D9DgH4,2025-10-21 05:57:02 WIB,wahyu.agnk05,"['krembangan', 'dkk', 'tiba <num>', 'mati', 'waktunya', 'sekolah', 'kerja', 'jadi', 'ada', 'yg', 'ga', 'mandi', 'min', 'susah', 'ta', 'min', 'ngasih', 'info', 'dulu', 'minimal', 'qta', 'bs', 'prepare', 'sblmnya']",
DP-0_D9DgH4,2025-10-21 09:04:20 WIB,dwijayanti_dwi,"['mati', 'lagi', 'hari', 'ini']",
DP-0_D9DgH4,2025-10-21 09:40:40 WIB,cherrypunyarasa,"['lha', 'ini', 'daerah', 'krembangan', 'dari', 'semalem', 'mati', 'ngga', 'ada', 'pemberitahuan']",
DP-0_D9DgH4,2025-10-21 11:11:14 WIB,a.paramita_s,"['iya', 'pak', 'td', 'saya', 'sdh', 'japri', 'pihak', 'lapangan', 'langsung', 'capek', 'pak', 'btw', 'itu', 'box', 'culvert', 'kapan', 'selesainya', '?', 'mohon', 'dibantu', 'difollow', 'up', 'ke', 'pak', 'agar', 'cepet', 'selesai', 'kalo', 'pas', 'diare', 'gini', 'puyeng', 'air', 'tiap', 'hari', 'mati', 'omset', 'umkm', 'juga', 'terdampak', 'lho', 'pak', 'pelanggan', 'merasa', 'dirugikan', 'krn', 'kami', 'bayar', 'tagihan', 'pdam', 'tp', 'tdk', 'yg', 'kita', 'dpt', 'ga', 'maksinal']",
DP-0_D9DgH4,2025-10-21 11:19:18 WIB,nor_lianaa17,"['pln', 'padam', 'air', 'knp', 'lah', 'jd', 'kd', 'mengalir', 'jua', 'apa', 'hubunganya', 'lahkebangetan', 'eh']",
DP-0_D9DgH4,2025-10-21 12:00:35 WIB,melliniancp,"['krembangan', 'air', 'mati', 'sampai', 'jam', 'brp', 'min', '?']",
DP7sZ_2k33-,2025-10-18 14:58:33 WIB,esther.icha.56,"['katanya', 'estimasi', '<num> jam', 'mati', 'dari', 'jam', '<num> malam', 'sampek', 'skrg', 'belom', 'nyalaaahh', 'tolong', 'dong', 'punya', 'bayiiiiii', 'iniiii']",
DP7sZ_2k33-,2025-10-18 17:45:53 WIB,murdaningrumnining,"['ya', 'allah', 'pak', 'sekrng', 'uda', 'jam', 'berpa', 'air', 'blm', 'nyala', 'tolong', 'lah', 'pak', 'ini', 'satu', 'blok', 'pak', 'gk', 'ada', 'air', 'gk', 'ada', 'yg', 'di', 'minta', 'tolongn']",
DP7sZ_2k33-,2025-10-18 17:54:48 WIB,cynthia_larasati15,"['sememi', 'baru', 'mati', 'lagi', 'dulu', 'gak', 'diperbaiki', 'air', 'malah', 'lancar', '<num>', 'kali', 'perbaikan', 'ginian', 'malah', 'air', 'gak', 'lancar']",
DP7sZ_2k33-,2025-10-18 18:08:13 WIB,ubaidillaharrafif,"['kok', 'mati', 'lagi', 'wilayah', 'sememi', 'jaya', 'baru', 'katanya', 'sudah', 'selesai', 'yg', 'perbaikannya', 'di', 'leher', 'l', 'kendung', 'kenapa', 'harus', 'seperti', 'ini']",
DP7sZ_2k33-,2025-10-18 18:20:46 WIB,renoaap,"['tolong', 'sampai', 'sekarang', 'air', 'masih', 'belum', 'nyala', 'di', 'pbi', 'blok', 'belakang']",
DP7sZ_2k33-,2025-10-18 18:38:13 WIB,nurissfarra,"['pak', 'di', 'bulak', 'airnya', 'mati', 'kah']",
DP7sZ_2k33-,2025-10-18 19:02:30 WIB,tyaa.nanin,"['smpi', 'sekarang', 'sememi', 'belum', 'keluar', 'air', 'nya']",
DP7sZ_2k33-,2025-10-18 19:26:35 WIB,aal_iyaah111,"['beneran', 'min', 'di', 'pondok', 'benowo', 'indah', 'seharian', 'ini', 'pdam', 'gk', 'keluar', 'sama', 'sekali', 'coba', 'di', 'cek', 'lagi', 'sudah', 'bener', 'atau', 'belum', 'yg', 'di', 'betulin', 'di', 'sememi', 'kemarin', 'karna', 'dari', 'pagi', 'saya', 'coba', 'nyalakan', 'air', 'gk', 'keluar', 'sama', 'sekali', 'sayaa', '<num> hari', 'gk', 'mandi', 'sama', 'sekali', 'karna', 'sakit', 'sekalinnya', 'sudah', 'sembuh', 'malah', 'krisis', 'air', 'pondok', 'benowo', 'indah', 'kebacooot']",
DP7sZ_2k33-,2025-10-18 19:28:17 WIB,murdaningrumnining,"['sedang', 'proses', 'kapan', 'di', 'kirimnya', 'min', 'yg', 'di', 'butuhkan', 'bukan', 'janji', 'aja', 'tapi', 'air']",
DP7sZ_2k33-,2025-10-18 19:44:30 WIB,aal_iyaah111,"['gk', 'wes', 'min', 'malah', 'iso <num>', 'loro', 'maneh', 'aku', 'min', 'gara <num>', 'angkat <num>', 'banyu']",
DP7sZ_2k33-,2025-10-18 19:56:46 WIB,nurissfarra,"['iya', 'pak', 'airnya', 'nyala', 'sedikit', 'ini', 'sampai', 'kapan', 'ya', 'pak']",
DP7sZ_2k33-,2025-10-18 20:15:09 WIB,tenbrst,"['belum', 'keluar']",
DP7sZ_2k33-,2025-10-18 20:24:45 WIB,murdaningrumnining,"['pbi', 'blok', 'aa', 'dan', 'bb', 'blm', 'nyala', 'min']",
DP7sZ_2k33-,2025-10-18 20:54:14 WIB,shintaochin32,"['sering', 'bgt', 'ky', 'gt', 'y', 'kan', 'informasi', 'hr', 'rabu', 'mati', 'malah', 'kamis', 'nya', 'yg', 'mati', 'qt', 'udh', 'kadung', 'nampung', 'air', 'di', 'ember <num>', 'tp', 'matinya', 'besoknya', 'air', 'di', 'ember', 'udh', 'kadung', 'kotor', 'jd', 'sia <num>', 'ga', 'kepake']",
DP7sZ_2k33-,2025-10-18 20:55:03 WIB,shintaochin32,"['gr <num>', 'air', 'mati', 'seharian', 'pedagang', 'umkm', 'sampe', 'terpaksa', 'libur', 'dagang', 'krn', 'qt', 'jualan', 'jg', 'butuh', 'air', 'sedangkan', 'tagihan', 'cicilan', 'tetap', 'berjalan']",
DP7sZ_2k33-,2025-10-18 22:37:26 WIB,its.s.al,"['kapan', 'hidup', 'ni', 'daerah', 'sememi', 'seharian', 'ga', 'pup', 'mandi', 'dekil', 'pula']",
DP7sZ_2k33-,2025-10-19 06:22:37 WIB,idarochmawati97,"['haloo', 'min', 'mau', 'tanya', 'kalo', 'air', 'keluarnya', 'cuma', 'malam', 'aja', 'apa', 'bisa', 'diperbaiki', 'ya', '?', 'kapan', 'hari', 'ada', 'petugas', 'yg', 'mengganti', 'meteran', 'katanya', 'bisa', 'normal', 'lagi', 'setelah', 'diganti', 'tp', 'ttep', 'aja', 'air', 'kluarnya', 'jam', '<num>', 'malam']",
DP7sZ_2k33-,2025-10-19 07:51:00 WIB,shintaochin32,"['pbi', 'smlm', 'udh', 'nyala', 'knp', 'skrg', 'mati', 'lg', '?', 'ini', 'knp', 'sih', 'air', 'dimatiin', 'g', 'ad', 'pemberitahuan', 'gini', 'sya', 'pnya', 'bayi', 'loh', 'sya', 'jualan', 'umkm', 'jg', 'terhambat', 'bgt', 'klo', 'wilayah', 'sby', 'barat', 'sini', 'pdam', 'sering', 'mati', 'nanti', 'klo', 'tagihan', 'air', 'ga', 'dibayar', 'malah', 'asal', 'matiin', 'jg', 'dr', 'pusat', 'haduuhh']",
DP7sZ_2k33-,2025-10-19 07:51:36 WIB,shintaochin32,"['skrg', 'mati', 'lg', 'mbk', 'pbi']",
DP7sZ_2k33-,2025-10-19 07:54:47 WIB,shintaochin32,"['bener', 'bgt', 'ini', 'komen', 'nya', 'dlu', 'ga', 'jarang', 'bgt', 'ya', 'perbaikan <num>', 'gni', 'skrg', 'sering', 'perbaikan', 'sering', 'mati', 'jg', 'tp', 'tagihan', 'tetap', 'berjalan', 'no', 'ganggu', 'gugat', 'wayae', 'bayar', 'kudu', 'bayar']",
DP7sZ_2k33-,2025-10-19 08:26:52 WIB,laundrysurabaya.bulakbanteng,"['min', 'wilayah', 'bulak', 'banteng', 'gak', 'nyala', 'darii', 'kemarin', 'ini', 'laundry', 'pada', 'numpuk', 'masih', 'belum', 'nyala', 'pagi', 'ini', 'andalan', 'omset', 'kami', 'weekend', 'min', 'ini', 'kapan', 'nyalanya']",
DP7sZ_2k33-,2025-10-19 08:43:24 WIB,sandyirwansyah,"['melekan', 'ngenteni', 'banyu', 'bendino', 'piye', 'iki', 'air', 'daerah', 'pbi', 'mati']",
DP7sZ_2k33-,2025-10-19 08:49:40 WIB,renoaap,"['ini', 'mati', 'lagi', '?', 'kemarin', 'malam', 'juga', 'air', 'kecil', 'ga', 'mau', 'naik', 'ke', 'tandon']",
DP7sZ_2k33-,2025-10-19 09:20:15 WIB,laundrysurabaya.bulakbanteng,"['sudah', 'kka']",
DP7sZ_2k33-,2025-10-19 10:05:18 WIB,panggilsajaludi,"['benowo', 'bagian', 'barat', 'pucuk', 'gak', 'metu', 'blasss', 'sampek', 'kapan', 'iki', 'min', 'adminn', '?']",
DP7sZ_2k33-,2025-10-19 10:20:18 WIB,sandyirwansyah,"['hanya', 'keluar', 'malam', 'saja', 'jam', '<num>', 'ke', 'atas', 'tadi', 'pagi', 'jam', '<num>', 'sudah', 'mati', 'lagi', 'sampe', 'sekarang', 'pondok', 'benowo', 'indah', 'blok', 'qq', 'no', '<num>']",
DP7sZ_2k33-,2025-10-19 12:09:54 WIB,its.s.al,['belum'],
DP7sZ_2k33-,2025-10-18 10:54:38 WIB,bram_sneakers,"['woy', 'air', 'surabaya', 'barat', 'sememi', 'kok', 'tiba <num>', 'mati', 'mau', 'mandi', 'pakai', 'apa', 'ini']",
DP7sZ_2k33-,2025-10-18 11:00:39 WIB,murdaningrumnining,"['min', 'pbi', 'dr', 'jam', '<num>', 'mati', 'smpk', 'sekrng', 'kok', 'blm', 'nyalapunya', 'anak', 'min', 'air', 'adalh', 'kehidupan', 'min']",
DP7sZ_2k33-,2025-10-18 11:07:11 WIB,shinazugawa_sanemii_,"['surabaya', 'utara', 'wilayah', 'lebak', 'air', 'nya', 'mati', 'minn', 'nyalain', 'sanyo', 'dari', 'jam', '<num>', 'pagi', 'smpe', 'skrg', 'hampir', '<num>', 'jam', 'air', 'tak', 'kunjung', 'keluar', ""''""]",
DP7sZ_2k33-,2025-10-18 11:07:57 WIB,shinazugawa_sanemii_,"['apa', 'ada', 'perbaikan', 'ya', '?']",
DP7sZ_2k33-,2025-10-18 11:18:48 WIB,murdaningrumnining,"['boleh', 'min', 'saya', 'tunggu', 'sekarang', 'pbi', 'blok', 'u', 'blok', 'aa', 'blok', 'bb']",
DP7sZ_2k33-,2025-10-18 11:19:35 WIB,bram_sneakers,"['mohon', 'dikirimkan', 'tangki', 'air', 'bersih']",
DP7sZ_2k33-,2025-10-18 11:19:37 WIB,murdaningrumnining,"['saya', 'sudh', 'kirim', 'dm', 'min', 'nomernya', 'mohon', 'min', 'sudh', 'darurat']",
DP7sZ_2k33-,2025-10-18 11:24:10 WIB,mar.tina_tina,"['daerah', 'mleto', 'manyar', 'sabrangan', 'kok', 'mati', 'airnya', 'nyala', 'sehari', 'matinya', 'lbh', 'dr', '<num>', 'hari', 'pake', 'pompa', 'air', 'sama', 'aja', 'gk', 'keluar']",
DP7sZ_2k33-,2025-10-18 12:18:00 WIB,arifanugrahr,"['daerh', 'pbi', 'min', 'air', 'mati', 'tolong', 'min', 'uda', 'krisis', 'air']",
DP7sZ_2k33-,2025-10-18 12:39:17 WIB,tenbrst,"['keputih', 'ga', 'keluar', 'air']",
DP7sZ_2k33-,2025-10-18 13:55:29 WIB,murdaningrumnining,"['min', 'ayo', 'min', 'air', 'sumpah', 'susah', 'gk', 'ada', 'air', 'min', 'lain', 'kali', 'bikin', 'pengumuman', 'itu', 'yg', 'tepat', 'dan', 'jgn', 'dadakn', 'min', 'harus', 'sesuai', 'min', 'klau', 'mati', 'hari', 'rabu', 'ya', 'mati', 'rabu', 'jgn', 'matinya', 'kamis']",
DPxkv7Dk3hG,2025-10-14 19:23:02 WIB,rifaldokaka,"['okey', 'makasih', 'infonya']",
DPxkv7Dk3hG,2025-10-14 21:10:50 WIB,dheaaapriyanti_,"['tapi', 'ini', 'udah', 'tidak', 'nyala', 'loh', '”']",
DPxkv7Dk3hG,2025-10-15 04:36:25 WIB,dilaasrl,"['sido', 'mati', 'ta', 'banyu', 'e', 'iki', '?']",
DPxkv7Dk3hG,2025-10-15 07:41:39 WIB,richajingga,['lagi <num>'],
DPxkv7Dk3hG,2025-10-15 08:52:17 WIB,veelovee99,"['aduh', 'min', 'aer', 'mati', 'lagii', 'gak', 'mandi', 'lagi', 'loh', 'berangkat', 'kantor', 'semoga', 'cepat', 'nyala', 'ya', 'min', 'aamiin']",
DPxkv7Dk3hG,2025-10-15 09:56:35 WIB,aaaudiye_lyv,"['kok', 'gina', 'gini', 'aja', 'min', 'ya', 'allah', '<num>', 'menit', 'apanya', 'min', 'sdah', 'dri', 'kmren', 'mati', 'nya']",
DPxkv7Dk3hG,2025-10-15 10:14:55 WIB,pnoviantia,"['kok', 'akhir', '”', 'ini', 'airnya', 'sering', 'mati']",
DPxkv7Dk3hG,2025-10-15 13:27:31 WIB,felixsby,"['gayungsari', 'barat', 'x', 'air', 'nya', 'mati', 'kapan', 'bisa', 'nyala', '?']",
DPxkv7Dk3hG,2025-10-15 18:16:54 WIB,wisnulia,"['untuk', 'daerah', 'pakal', 'akhir', 'akhir', 'ini', 'sering', 'mati', 'kak', 'apalagi', 'dijam', '<num> <num>', 'pagi', 'dan', '<num> <num>', 'sore', 'sama', 'sekali', 'tidak', 'keluar', 'airnya']",
DPxkv7Dk3hG,2025-10-15 21:58:27 WIB,pnoviantia,"['lokasi', 'di', 'kendung']",
DPxkHAPCNYS,2025-10-16 04:17:38 WIB,dila_alidafrun,"['ini', 'tambak', 'wedi', 'baru', 'gg', '<num>', 'tiap', 'hari', 'gak', 'nyala', 'terus', 'gmna', '?', '?', '?', 'susah', 'mau', 'aktivitas', 'sampai', 'harus', 'mandi', 'pakai', 'air', 'galon', 'karna', 'gak', 'keluar', 'sama', 'sekali', 'airnya']",
DP2sH7wE_NT,2025-10-16 10:35:04 WIB,sifeb_,"['iki', 'daftar', 'pdam', 'pasange', 'ancen', 'suwi', 'ta', '?']",
DP2sH7wE_NT,2025-10-16 11:44:26 WIB,dtrisetyani,"['area', 'medokan', 'ayu', 'mati', 'juga', 'min', '?']",
DP2sH7wE_NT,2025-10-16 13:02:18 WIB,garin06,"['medayu', 'skrg', 'mati', 'ya', '?', 'ada', 'perbaikan', 'ta', 'min', '?']",
DP2sH7wE_NT,2025-10-16 18:18:51 WIB,tt.n.aurieltitania,"['untuk', 'wilayah', 'sekitar', 'mulyosari', 'air', 'skg', 'masih', 'mati']",
DP0MtS_k0O_,2025-10-15 17:01:23 WIB,felixsby,"['nyala', 'nya', 'kapan', '?']",
DP0MtS_k0O_,2025-10-15 17:01:57 WIB,felixsby,"['kalo', 'bayar', 'telat', 'kena', 'denda', 'kalo', 'pdam', 'seenaknya', 'mati', 'murup', 'cuma', 'minta', 'maaf']",
DP0MtS_k0O_,2025-10-16 18:27:19 WIB,_ntaneka27,"['apa', 'sudah', 'selesai', 'pengerjaan', 'nya', '?']",
DP0MtS_k0O_,2025-10-16 19:06:17 WIB,balqis_alwan,"['sekitar', 'tempurejo', 'bisa', 'hidup', 'kapan', 'ini', 'airnya', '?', 'apakah', 'masih', 'lama', '?', 'sudah', 'tlfn', 'call', 'center', 'tp', 'gak', 'bisa']",
DP0MtS_k0O_,2025-10-17 17:12:15 WIB,balqis_alwan,"['tp', 'air', 'blm', 'hidup', 'sampai', 'sekarang']",
DP3HNdjk_ex,2025-10-16 17:56:20 WIB,riezkykautsar,"['rungkut', 'terkena', 'juga']",
DP3HNdjk_ex,2025-10-16 17:57:16 WIB,rofiqrow,"['medayu', 'utara', 'sejak', 'siang', 'gak', 'ada', 'air']",
DPx57MmkyYU,2025-10-14 19:02:00 WIB,duwiq2805,"['mhn', 'maaf', 'kira <num>', 'sampai', 'kapan', 'y', 'min', '?']",
DPx57MmkyYU,2025-10-14 19:08:49 WIB,bbotnotbadd,"['dharmawangsa', 'kok', 'masih', 'keluar', 'kecil', 'ini', 'gimana', 'dari', 'kemarin', 'malem', 'mati', 'baru', 'keluar', 'kecil', 'sampe', 'malam', 'ini']",
DPx57MmkyYU,2025-10-14 19:46:33 WIB,ricorenaldi_,"['daerah', 'menganti', 'udah', 'dua', 'hari', 'gak', 'nyala', 'info', 'nyala', 'kapan', 'min']",
DPx57MmkyYU,2025-10-14 19:46:46 WIB,cholil_zaenuri,"['bulak', 'banteng', 'belum', 'hidup', 'dari', 'pagi', 'sampai', 'sekarang']",
DPx57MmkyYU,2025-10-14 20:39:46 WIB,natalinashelvy,"['wilayah', 'jelidro', 'sambikerep', 'airnya', 'mati', 'lg', 'dr', 'kmrn', 'mlalam', 'sampai', 'malam', 'ini', 'belum', 'nyala', 'min', 'solusinya', 'bagaimana', 'ya', '?']",
DPx57MmkyYU,2025-10-14 20:48:40 WIB,dodo.arbi,"['barat', 'kok', 'sering', 'men', 'gangguan', 'air', 'aslinya', 'dr', 'kmarin', 'tgl', '<num>', 'sdh', 'puelan', 'aliran', 'airnya']",
DPx57MmkyYU,2025-10-14 22:48:08 WIB,rosa_berduri,"['bener', 'seharian', 'mari', 'nyala', 'kl', 'nyala', 'juga', 'kecil', 'ga', 'bisa', 'masuk', 'bak', 'kamar', 'mandi', 'tolong', 'bantu', 'area', 'gayungsari', 'dong']",
DPx57MmkyYU,2025-10-14 22:48:36 WIB,rosa_berduri,"['mati', 'nyala']",
DPx57MmkyYU,2025-10-14 23:21:06 WIB,elxkins26_,"['warga', 'mojo', 'bener <num>', 'sampai', 'jam', '<num>', 'malam', 'air', 'baru', 'keluar', 'itupun', 'pelan', 'bgt', 'biasanya', 'jam', '<num> <num>', 'air', 'udh', 'nyala', 'deres', 'dari', 'kemarin <num>', 'air', 'susah', 'bgt', 'nyalanya', 'ini', 'ada', 'apa', 'min', '?']",
DPx57MmkyYU,2025-10-14 23:37:46 WIB,yuliana_safitriiii,"['daerah', 'kedungasem', 'kedungbaruk', 'juga', 'mati', 'dari', 'sore', 'sampai', 'sekarang', 'jam', '<num>', 'belum', 'nyala', 'perkiraan', 'kapan', 'nyalanya', 'min', '?']",
DPx57MmkyYU,2025-10-15 01:27:41 WIB,dyahnaw,"['daerah', 'wisma', 'pagesangan', 'juga', 'menyusahkan', 'sekali', 'malam', 'ini', 'juga', 'mati', 'lagi', 'airnya', 'telpon', 'call', 'center', 'juga', 'tidak', 'bisa', 'luar', 'biasa']",
DPx57MmkyYU,2025-10-15 06:11:10 WIB,verradyta44,"['jam', 'segini', 'wilayah', 'pakal', 'surabaya', 'sudah', 'mati', 'air', 'nya', 'katanya', 'jam', '<num>', 'baru', 'gangguan', 'ini', 'udah', 'terdampak', 'parah', 'dah']",
DPx57MmkyYU,2025-10-15 06:52:41 WIB,ricorenaldi_,"['menganti', 'kepatihan', 'min', 'gak', 'nyala', 'nyala']",
DPx57MmkyYU,2025-10-15 06:57:34 WIB,ricorenaldi_,"['udah', 'dari', 'senin', 'pagi', 'tapi', 'malam', 'nyala', 'ternyata', 'selasa', 'mati', 'lagi', 'sampek', 'sekarang', 'belom', 'hidup']",
DPx57MmkyYU,2025-10-15 09:32:06 WIB,dyahnaw,"['terimakasih', 'banyak', 'tolong', 'proyek', 'box', 'culvert', 'di', 'beri', 'peringatan', 'sudah', 'hampir', '<num>', 'minggu', 'membuat', 'air', 'sering', 'mati', 'dan', 'itu', 'sangat', 'meyebalkan']",
DPx57MmkyYU,2025-10-15 09:32:11 WIB,rosa_berduri,"['belum', 'ada', 'perubahan', 'air', 'mengalirnya', 'lebih', 'kecil', 'dari', 'kemarin', 'please', 'tolong', 'dibantu', 'hari', 'ini', 'ya', 'min', 'hari', 'ini', 'air', 'sama', 'sekali', 'ga', 'bisa', 'masuk', 'kamar', 'mandi', 'sama', 'dapur']",
DPx57MmkyYU,2025-10-15 09:35:40 WIB,rosa_berduri,"['saya', 'wa', 'ke', 'no', 'hotline', 'pdam', 'tapi', 'lupa', 'no', 'pelanggannya', 'mohon', 'dibantu', 'upahmu', 'besar', 'di', 'surga']",
DPx57MmkyYU,2025-10-15 09:59:48 WIB,aaaudiye_lyv,"['kok', 'gina', 'gini', 'lagi', 'min', 'sdah', 'air', 'nya', 'nyalanya', 'gak', 'lancar', 'tapi', 'mota', 'mati', 'trus', 'dr', 'kmren', 'mati', 'sampai', 'skrg']",
DPx57MmkyYU,2025-10-15 10:23:14 WIB,supri.mundo,"['air', 'pdam', 'keruh']",
DPx57MmkyYU,2025-10-15 12:24:31 WIB,annisaabunga_,"['ini', 'perak', 'emg', 'lagi', 'mati', 'airnya', '?']",
DPx57MmkyYU,2025-10-15 14:04:52 WIB,annisaabunga_,"['maaf', 'kak', 'ternyata', 'sudah', 'nyala']",
DPx57MmkyYU,2025-10-15 19:09:54 WIB,rosa_berduri,"['malam', 'ini', 'dicek', 'sama', 'petugas', 'warga', 'lain', 'juga', 'lapor', 'pak', 'semoga', 'segera', 'ditindaklanjuti', 'masalahnya', 'makasih', 'min', 'udah', 'gercep']",
DPx57MmkyYU,2025-10-15 19:11:56 WIB,budiwiratmo,"['min', 'siang', 'tadi', 'ada', 'info', 'pipa', 'bocor', 'depan', 'rumah', 'gayungsari', 'barat', 'x', 'no <num>', 'akibat', 'galian', 'box', 'culvert']",
DPx57MmkyYU,2025-10-16 00:11:40 WIB,budiwiratmo,"['belum', 'lancar', 'min', 'rumah <num>', 'warga', 'sini', 'sama', 'masih', 'kecilll', 'sekali', 'airnya', 'mungkin', 'gara <num>', 'pipa', 'bocor', 'di', 'depan', 'rumah', 'jl', 'gayungsari', 'barat', 'x', 'no <num>', 'itu', 'masih', 'bocor', 'min']",
DPx57MmkyYU,2025-10-16 07:58:04 WIB,raatihangraenii,"['kenapa', 'tagihan', 'saya', 'jadi', 'melonjok', 'drastis', 'yaa', '?', '?', '?', 'biasanya', 'kurang', 'dari', '<num>', 'kenapa', 'skrng', 'mahal', 'sekalii', 'air', 'pdam', 'rumah', 'tangga', 'pemakaian', 'sampai', '<num> m <num>']",
DPx57MmkyYU,2025-10-16 11:30:24 WIB,budiwiratmo,"['saat', 'ini', 'air', 'pdam', 'di', 'area', 'kami', 'ini', 'sudah', 'cukup', 'lancar', 'dan', 'jernih', 'walaupun', 'belum', 'seperti', 'saat', 'normal', 'tapi', 'warga', 'kami', 'sudah', 'sangat', 'senang', 'dan', 'terbantu', 'terima', 'kasih', 'banyak', 'buat', 'semua', 'kawan <num>', 'pdam', 'yang', 'sudah', 'berjuang', 'membantu', 'mengatasi', 'keluhan', 'warga', 'semangat']",
DPx57MmkyYU,2025-10-14 15:59:55 WIB,cholil_zaenuri,"['hari', 'ini', 'daerah', 'bulak', 'banteng', 'seharian', 'gak', 'hidup', 'min']",
DPx57MmkyYU,2025-10-14 16:14:40 WIB,ambarsari_prasodjo,"['beneran', '<num>', 'menit', 'kah', '?', 'atau', 'seharian', 'lagi', 'kayak', 'september', 'kemarin', 'min', '?', 'waduh', 'ruwet', 'nek', 'gitu', 'min']",
DPx57MmkyYU,2025-10-14 16:34:07 WIB,budiwiratmo,"['aduh', 'pdam', 'gayungsari', 'barat', 'area', 'sekitar', 'resto', 'kampoeng', 'steak', 'tiap', 'hari', 'mati', 'nyala', 'airnya', 'nyala', 'pun', 'cuma', 'beberapa', 'jam', 'ehh', 'mati', 'lagi', 'dan', 'kalau', 'nyala', 'ada', 'aja', '<num> <num>', 'rumah', 'yang', 'tetap', 'mati', 'tidak', 'kebagian', 'air', '?', 'dan', 'saat', 'ini', 'kebingungan', 'tampungan', 'airnya', 'sudah', 'mau', 'habis', 'tolong', 'dibantu', 'pdam']",
DPx57MmkyYU,2025-10-14 16:44:46 WIB,annishafs,"['bener', 'bgt', 'kak', 'gayungsari', 'sekitarnya', 'masih', 'mati', 'ini', 'nyala', 'cm', 'bbrp', 'jam', 'itupun', 'debitnya', 'kecil', 'terus', 'mati', 'lagi']",
DPx57MmkyYU,2025-10-14 17:39:16 WIB,duwiq2805,"['wil', 'klampis', 'ngasem', 'airnya', 'mengecilapakah', 'ada', 'perbaikan', 'dr', 'pagi', 'dampai', 'sekarang', 'trmksh']",
DP3B705k3fR,2025-10-16 13:23:26 WIB,nuri1huda,"['coba', 'di', 'wolak', 'walik', 'min', 'matenge', 'ben', 'roto']",
DP3B705k3fR,2025-10-16 13:29:13 WIB,dzulkifli_azmi,['amiin'],
DP3B705k3fR,2025-10-16 13:37:47 WIB,nibrassy,"['panas', 'banget', 'memang', 'min']",
DP3B705k3fR,2025-10-16 13:38:10 WIB,sintaaulch,"['rill', 'panas', 'poll']",
DP3B705k3fR,2025-10-16 13:39:12 WIB,presarioqalamm,"['panas', 'e', 'bisa', 'buat', 'dadar', 'telur']",
DP3B705k3fR,2025-10-16 13:42:04 WIB,mhmdrizkyy12._,"['butuh', 'kipas', 'jalan']",
DP3B705k3fR,2025-10-16 13:44:50 WIB,dolankesiniyuk,"['min', 'area', 'medayu', 'mati', 'air', 'nya']",
DP3B705k3fR,2025-10-16 13:51:37 WIB,fachryandd,"['sby', 'panass']",
DP3B705k3fR,2025-10-16 13:56:35 WIB,kharistiano28,"['rasa', 'ne', 'kyk', 'nang', 'nduwur', 'e', 'kompor', 'listrik', 'min']",
DP3B705k3fR,2025-10-16 13:59:17 WIB,akmalreyhnth,"['panas', 'potato', 'potato', 'tetap', 'on', 'fireee']",
DP3B705k3fR,2025-10-16 14:01:10 WIB,sheiraekaa,"['kipas', 'angin', 'berasa', 'nyemburin', 'api', 'saking', 'panasnya']",
DP3B705k3fR,2025-10-16 14:01:41 WIB,damaxrif,"['gak', 'terimo', '<num> o', 'min', 'rasane', 'clekit', 'clekit', '<num> o']",
DP3B705k3fR,2025-10-16 14:26:13 WIB,_frscarts,"['sampe', ""''"", 'kipas', 'angin', 'rasa', 'hair', 'dryer']",
DP3B705k3fR,2025-10-16 14:59:24 WIB,rahmatismee,"['dadi', 'opo', 'maringene', 'bundaran', 'waru']",
DP3B705k3fR,2025-10-16 15:13:47 WIB,randy_bstiawn,"['semangat', 'mimin', 'proyek', 'nya']",
DP3B705k3fR,2025-10-16 16:15:52 WIB,sii_mungiil,"['halo', 'min', 'dftar', 'pasang', 'baru', 'via', 'wa', 'kok', 'ga', 'ada', 'respo', 'lagi', 'ya', '?', 'apa', 'harus', 'lewat', 'aplikasi', 'cis', 'saja', '?']",
DP3B705k3fR,2025-10-16 17:55:33 WIB,rofiqrow,"['maaf', 'kira', 'kira', 'sampai', 'jam', 'berapa', 'ini', 'saya', 'sejak', 'siang', 'sudah', 'tidak', 'ada', 'air', 'tidak', 'bisa', 'apa', 'apa', 'belum', 'mandi', 'tidak', 'bisa', 'buang', 'air', 'dsb']",
DP3B705k3fR,2025-10-16 18:06:13 WIB,dyahnaw,"['awak', 'rasane', 'garing', 'kalah', 'iwak', 'teri']",
DP3B705k3fR,2025-10-16 18:46:09 WIB,msyifaul_,"['malang', 'dingin', 'min']",
DP3B705k3fR,2025-10-16 19:23:43 WIB,rofiqrow,"['perkiraan', 'sampai', 'jam', 'brp', 'ini', 'min', 'kudu', 'nangis', 'iki']",
DP3B705k3fR,2025-10-16 22:31:54 WIB,setiyowati897,"['min', 'daerah', 'jelidro', 'mati', '<num>', 'hari', 'min']",
DP3B705k3fR,2025-10-17 07:11:30 WIB,isapdam,"['panase', 'ndunyo', 'dirasakno', 'bareng', 'panase', 'ati', 'sopo', 'sing', 'duwehehehesemangat', 'sehat', 'tukang', 'ledeng']",
DP3B705k3fR,2025-10-17 11:45:12 WIB,thary1299,"['pakmanukan', 'adi', 'dekat', 'sma', '<num>', 'air', 'mati']",
DP3B705k3fR,2025-10-17 11:47:41 WIB,thary1299,"['mulai', 'hari', 'senin', '<num>', 'okt', 'pagi', 'mati', 'trus', 'siang', 'nyala', 'hari', 'rabu', 'sama', 'gitu', 'jg', 'sekarang', 'jum', ""'"", 'at', 'mati', 'lagi', 'jam', '<num>', 'pagisampai', 'skrng', 'blm', 'nyalasampek', 'mandi', 'aja', 'susah']",
DP3B705k3fR,2025-10-17 21:36:08 WIB,cakmigfarhanafi,"['iki', 'sek', 'panas', 'e', 'ndunyo', 'gak', 'sepiro']",
DP3pfhFEzzs,2025-10-16 22:26:33 WIB,nunaseptiano,"['proyek', 'box', 'culvert', 'di', 'pagesangan', 'msh', 'terdampak', 'atau', 'tdk', 'ya', '?', 'ngga', 'ada', 'pengumuman', 'tp', 'disini', 'air', 'pagesangan', 'mati']",
DP3pfhFEzzs,2025-10-17 07:25:32 WIB,jas_armyframe,"['ini', 'sampai', 'kapan', 'ya', '?', 'bhaskara', 'gak', 'keluar', 'air', 'sama', 'sekali']",
DP3pfhFEzzs,2025-10-17 09:38:24 WIB,yulitaanida,"['pagi', 'admin', 'air', 'di', 'daerah', 'mleto', 'sukolilo', 'tidak', 'keluar', 'sama', 'sekali', 'dari', 'shubuh', 'sampai', 'sekarang', 'hampir', '<num>', 'jam']",
DP3pfhFEzzs,2025-10-17 10:09:15 WIB,ekspresiaku,"['halo', 'min', 'izin', 'tanya', 'kalo', 'di', 'suatu', 'area', 'pipa', 'besarnya', 'rusak', 'kena', 'galian', 'box', 'culvert', 'sudah', 'diperbaiki', 'hampir', 'semua', 'rumah', 'sudah', 'lancar', 'airnya', 'tapi', 'ada', '<num> <num>', 'rumah', 'yg', 'tetap', 'mati', 'airnya', 'gimana', 'ya', 'min', '?', 'makasih', 'min']",
DP3pfhFEzzs,2025-10-17 18:01:36 WIB,ekspresiaku,"['kebetulan', 'saya', 'pengurus', 'kampung', 'rt', 'yg', 'sedang', 'membantu', 'warga', 'yg', 'mengalami', 'kasus', 'seperti', 'di', 'atas', 'stop', 'kran', 'sudah', 'posisi', 'terbuka', 'air', 'tetap', 'tidak', 'keluar', 'apakah', 'ybs', 'sebaiknya', 'mengajukan', 'keluhanpengaduan', 'via', 'wa', 'pdam', '?']",
DP3pfhFEzzs,2025-10-17 18:19:50 WIB,ekspresiaku,"['siap', 'saya', 'akan', 'infokan', 'pada', 'warga', 'tsb', 'sementara', 'terima', 'kasih', 'infonya', 'ya', 'min']",
DP3pfhFEzzs,2025-10-20 07:41:42 WIB,af13071997,"['min', 'admin', 'saya', 'tlfn', 'call', 'canter', 'sibuk', ""''"", 'trus', 'pdam', 'bagaimaana', 'siurabaya', 'panas', 'air', '<num>', 'hari', 'ngak', 'nyala', 'daerah', 'tambak', 'mayor', 'barat', 'a <num>', 'telat', 'bayat', 'denda', 'gk', 'aturan', 'tpi', 'komplain', 'lama', 'respon']",
DP0zd8RE_3a,2025-10-15 18:04:08 WIB,bintangbagusf,"['aduuhhh', 'mandi', 'kantor', 'lagi']",
DP0zd8RE_3a,2025-10-15 18:37:06 WIB,yanianis33,"['semoga', 'cepat', 'selesai', 'sebelum', 'pagi']",
DP0zd8RE_3a,2025-10-15 19:03:46 WIB,lalalililululalo,"['katanya', 'jam', '<num>', 'kok', 'udah', 'mati']",
DP0zd8RE_3a,2025-10-15 19:19:53 WIB,verradyta44,"['maneh', 'dah', 'haduh']",
DP0zd8RE_3a,2025-10-15 19:39:13 WIB,abiddinsy,"['ayo', 'min', 'semoga', 'pengerjaannya', 'tidak', 'molor', 'lagi']",
DP0zd8RE_3a,2025-10-15 20:19:47 WIB,pratiwi_dessi,['astagaaaa'],
DP0zd8RE_3a,2025-10-15 22:07:28 WIB,anisiti91,"['rumah', 'sya', 'ciliwung', 'kok', 'mati', 'ya', 'pak', 'airnya', 'dri', 'sore', 'smp', 'skrng']",
DP0zd8RE_3a,2025-10-15 22:58:18 WIB,dewagstin,"['bendino', 'kok', 'gangguan', 'ae', 'pegel', 'ngerasakne', 'banyu']",
DP0zd8RE_3a,2025-10-16 03:02:34 WIB,a.paramita_s,"['menanggal', 'ada', 'apa', 'lagi', 'ya', 'admin', '?', 'kok', 'airnya', 'mengecil', 'saat', 'ini', 'mati']",
DP0zd8RE_3a,2025-10-16 03:53:29 WIB,lalalililululalo,"['klakahrejo', 'lor']",
DP0zd8RE_3a,2025-10-16 04:56:50 WIB,ade_putri_wardani,"['halooo', 'paaak', 'samapi', 'skg', 'pukul', '<num>', 'sumberejo', 'benowo', 'belum', 'menyalaaaaaaa']",
DP0zd8RE_3a,2025-10-16 05:28:25 WIB,sara.yenny.panjaitan,"['ya', 'allah', 'saya', 'air', 'udah', 'mati', 'dari', 'pagi', 'kok', 'kemarin', 'udh', 'mati', '<num>', 'hari', 'masih', 'lagi', 'infonya', 'telat', 'pulang']",
DP0zd8RE_3a,2025-10-16 05:30:03 WIB,ade_putri_wardani,"['alhamdlullah', 'pak', '<num>', 'air', 'menyala', 'walaupun', 'kecil', 'terima', 'kasih']",
DP0zd8RE_3a,2025-10-16 06:04:44 WIB,vivien_aisyah,"['min', 'tolong', 'cek', 'inbox']",
DP0zd8RE_3a,2025-10-16 07:34:28 WIB,rii.roo,"['tidak', 'keluar', 'dari', 'jam', '<num> an', 'subuh', 'ini', 'ada', 'apa', 'ya', 'pak', 'bu', '?', 'tidak', 'ada', 'pemberitahuan', 'nyaa', 'setiap', 'hari', 'kok', 'ada', 'ajaa', 'masalahnya']",
DP0zd8RE_3a,2025-10-16 07:38:35 WIB,a.paramita_s,"['iya', 'tidak', 'keluar', 'airnya', 'pak', 'dsri', 'jam', '<num>', 'mulai', 'mati', 'tadi', 'pagi', 'jam', '<num>', 'subuuh', 'saya', 'tu', 'liat', 'ada', 'pekerjaam', 'bego', 'lg', 'gali <num>', 'situ', 'tp', 'kok', 'diurug', 'lagi', 'padahal', 'kemarin', 'kan', 'area', 'situ', 'sdh', 'ditutup', 'kok', 'digali', 'lgi', 'tutup', 'lg', 'apa', 'ada', 'kebocoran', 'lagi', '?', 'mohon', 'pengecekannya', 'krm', 'kan', 'ga', 'ada', 'info', 'sama', 'sekali', 'pdam', 'mati', 'saya', 'mau', 'kejar', 'produksi', 'kesulitan']",
DP0zd8RE_3a,2025-10-16 08:24:53 WIB,shafaardini,"['air', 'di', 'daerah', 'wisma', 'pagesangan', 'juga', 'kecil', 'sekali', 'ada', 'apa', 'yaa', '?']",
DP0zd8RE_3a,2025-10-16 08:26:37 WIB,shafaardini,"['iya', 'benar', 'air', 'selalu', 'ada', 'masalah', 'sejak', 'tgl', '<num>', 'september', 'sampai', 'sekarang', 'di', 'daerah', 'wisma', 'pagesangan', 'sering', 'mati']",
DP0zd8RE_3a,2025-10-16 09:18:02 WIB,dyahnaw,"['menyusahkan', 'sekali']",
DP0zd8RE_3a,2025-10-16 12:32:45 WIB,irinearyani,"['min', 'sampai', 'siang', 'ini', 'rumah', 'saya', 'di', 'pbi', 'belum', 'keluar', 'airnya', 'min']",
DP0zd8RE_3a,2025-10-16 14:31:55 WIB,_dssy,"['kok', 'sampai', 'sekarang', 'airnya', 'belum', 'nyala', 'ya']",
DP0zd8RE_3a,2025-10-16 14:46:11 WIB,_dssy,"['kendung', 'pak', 'belakang', 'rs', 'bdh']",
DP0zd8RE_3a,2025-10-16 14:55:52 WIB,a.paramita_s,"['sdh', 'sejak', 'lama', 'malah', 'kalo', 'proyeknya', 'pemkot', 'dari', 'pak', 'selalu', 'aja', 'area', 'sini', 'sering', 'sekali', 'bocor', 'kena', 'bego', 'dulu', 'yg', 'sebrang', 'pas', 'per', '<num>', 'an', 'alfamart', 'sebelum', '<num>', 'kan', 'jg', 'gt', 'dan', 'kerjakannya', 'lamaa', 'pekerja <num> nya', 'beda', 'dgn', 'area', 'lain', 'bisa', 'sat', 'set', 'dan', 'lebih', 'ati <num>', 'shg', 'jarang', 'sekali', 'ada', 'kebocoran', 'pipa', 'di', 'hampir', 'setiap', 'titik', 'mohon', 'pak', 'pak', 'kapan', 'ini', 'selesainya', '?', 'warga', 'banyak', 'dirugikan', 'ga', 'ditutup <num>', 'usaha', 'pun', 'omset', 'parah', 'banget']",
DP0zd8RE_3a,2025-10-16 16:13:11 WIB,rii.roo,"['apakah', 'sdh', 'ditangani', '?', 'estimasi', 'selesai', 'jam', 'brp', '?']",
DP0zd8RE_3a,2025-10-16 21:49:55 WIB,irinearyani,"['terpantau', 'malam', 'ini', 'sudah', 'nyala', 'min', 'semoga', 'lancar', 'sampai', 'seterusnya', 'amiiiiinn']",
DP0zd8RE_3a,2025-10-17 18:43:41 WIB,delitawedding,"['tolong', 'air', 'mati', 'di', 'sememi', 'sdh', '<num>', 'hari', 'katanya', '<num>', 'jam', 'tgl', '<num>', 'sampai', '<num>', 'mlm', 'blm', 'nyala']",
DP0zd8RE_3a,2025-10-18 05:24:46 WIB,hendry_list,"['update', 'wilayah', 'sememi', 'kandangan', 'rejo', 'air', 'mati', 'min']",
DP0lnmWk02a,2025-10-16 09:54:14 WIB,ellyzabeth3,"['mohon', 'info', 'pengerjaan', 'nya', 'apa', 'masih', 'lama', '?', 'karena', 'daerah', 'bhaskara', 'air', 'nya', 'sampai', 'sekarang', 'mati', 'tidak', 'keluar', 'sama', 'sekali']",
DP0lnmWk02a,2025-10-17 18:23:05 WIB,rennyindrawati_,"['selamat', 'malam', 'saya', 'mau', 'infokan', 'aliran', 'air', 'di', 'rumah', 'renny', 'mati', 'akibat', 'pipa', 'pdam', 'buntu', 'dampak', 'pengerjaan', 'box', 'culvert', 'mulyosari', 'sudah', 'laporan', 'dari', 'hari', 'rabu', 'malam', 'sampai', 'jumat', 'ini', 'belum', 'ada', 'respon', 'dari', 'petugas', 'pdam', 'dan', 'belum', 'di', 'betulkan', 'hanya', 'janji', 'janji', 'nanti', 'ada', 'petugas', 'yang', 'menghubungi', 'seharusnya', 'contoh', 'pln', 'yang', 'mengedepankan', 'pelanggan', 'dengan', 'one', 'day', 'service', 'bukan', 'janji', 'janji', 'terus', 'tapi', 'tidak', 'di', 'betulkan', 'jalan', 'bhaskara', '<num>', 'no', '<num>', 'segera', 'di', 'perbaiki', 'jangan', 'janji', 'terus']",
DP0lnmWk02a,2025-10-17 19:51:59 WIB,rennyindrawati_,"['bismillah', 'betulan', 'besok', 'di', 'kerjakan', 'karena', 'sudah', 'mati', '<num>', 'hari', 'bisa', 'menghubungi', 'di', 'no', 'hp', '<num>', 'semoga', 'tidak', 'janji', 'lagi']",
DP-hGTLkyG5,2025-10-19 14:10:55 WIB,nurul_lailatul_chasanah,"['hobi', 'banget', 'matiin', 'airseminggu', 'udah', '<num> xkemarin', 'yg', 'dikerjain', 'apa', 'yakok', 'tiap', 'hari', 'info', 'matiin', 'air']",
DP-hGTLkyG5,2025-10-19 14:21:30 WIB,aristo_rudin,"['sattt', 'yg', 'kemarin', 'aja', 'airnya', 'kecil', 'sekarang', 'malah', 'ada', 'perbaikan', 'lagisattt']",
DP-hGTLkyG5,2025-10-19 14:50:14 WIB,rudipriyanto1983,"['arepe', 'meso', 'kenek', 'pasal']",
DP-hGTLkyG5,2025-10-19 15:30:22 WIB,nurul_lailatul_chasanah,"['percuma', 'waslow', 'respon']",
DP-hGTLkyG5,2025-10-19 15:37:44 WIB,sara.yenny.panjaitan,"['kok', 'jadi', 'terus', 'terus', 'an', 'ya', 'pak', '?', '?', '?', '?', 'mati', 'air', 'berhari', 'hari', 'nyala', 'brp', 'jam', 'abis', 'itu', 'mati', 'lagi', 'ada', 'perbaikan', 'lagi']",
DP-hGTLkyG5,2025-10-19 15:47:12 WIB,wii1i,"['pbi', 'lagi', 'ancen', 'muatane', 'ancuk']",
DP-hGTLkyG5,2025-10-19 15:48:53 WIB,wii1i,"['asuw', 'baru', 'kemarin', 'tengah', 'malam', 'air', 'nyala', 'di', 'pbi', 'hari', 'ini', 'mati', 'lagi', 'uasuw', 'karepe', 'opo', 'iki', 'cok']",
DP-hGTLkyG5,2025-10-19 15:50:32 WIB,wii1i,"['wes', 'ra', 'urus', 'mas', 'pesohi', 'ae', 'aku', 'kemaren', 'sek', 'sopan', 'ngomong', 'e', 'dino', 'iki', 'ora', 'sudi', 'jen', 'dancok', 'tenan']",
DP-hGTLkyG5,2025-10-19 15:51:50 WIB,wii1i,"['kendung', 'itu', 'di', 'bulan', 'lalu', 'itu', 'sudah', 'dibongkar', 'kok', 'bulan', 'iki', 'bocor', 'maneh', 'bulan', 'lalu', 'yang', 'dikerjain', 'apap', 'cok', '?']",
DP-hGTLkyG5,2025-10-19 16:01:08 WIB,lee_chamoomilee,"['tolong', 'dicarikan', 'solusi', 'nya', 'jangan', 'seperti', 'diulang <num>', 'terus', 'saya', 'tahu', 'gak', 'ada', 'yg', 'mau', 'pipa', 'bocor', 'apalagi', 'pihak', 'pdam', 'sendiri', 'tapi', 'alangkah', 'baiknya', 'cari', 'solusi', 'nya', 'supaya', 'gk', 'sering', 'bocor', 'atau', 'kalo', 'pun', 'bocor', 'bisa', 'diperbaiki', 'dgn', 'waktu', 'cepat', 'tanpa', 'menghambat', 'aktifitas', 'warga', 'yg', 'membutuhkan', 'air', 'karena', 'air', 'pdam', 'ini', 'warga', 'bayar', 'bukan', 'bantuan', 'gratis', 'apalagi', 'tagihan', 'air', 'jg', 'tidak', 'murah', 'kalo', 'sudah', 'tahu', 'sering', 'bocor', 'pipanyaharusnya', 'cari', 'solusi', 'pemerintah', 'saya', 'harus', 'tag', 'siapa', 'supaya', 'ada', 'yg', 'peduli', 'pemerintahnya', 'ini', 'masalah', 'bukan', 'masalah', 'kecil', 'yg', 'di', 'ulang <num>', 'terus', 'kalopun', 'masalah', 'kecil', 'jg', 'gk', 'bagus', 'kalo', 'diulang <num>', 'tanpa', 'ada', 'perubahan', 'dan', 'perbaikan']",
DP-hGTLkyG5,2025-10-19 16:03:23 WIB,lee_chamoomilee,"['dan', 'jawaban', 'balasan', 'jgn', 'template', 'mohon', 'maaf', 'dan', 'masih', 'dlm', 'perbaikan', 'bantuan', 'air', 'tangki', 'gratis', 'kalo', 'pun', 'di', 'bantu', 'pertanyaan', 'nya', 'yg', 'gk', 'punya', 'tandon', 'terus', 'air', 'bantuan', 'bisa', 'di', 'simpan', 'dimana', '?', 'kalo', 'cuma', 'isi', 'bak', 'kamar', 'mandi', 'saja', 'ya', 'bukan', 'solusi', 'juga', 'tolong', 'berpikir', 'cari', 'solusi', 'nya']",
DP-hGTLkyG5,2025-10-19 16:13:00 WIB,renoaap,"['tandon', 'belum', 'ke', 'isi', 'udah', 'mati', 'lagi']",
DP-hGTLkyG5,2025-10-19 17:04:55 WIB,34_abadi,"['woalah', 'yooo', 'maneh', 'gak', 'ados', 'maneh', 'cok', 'segawon']",
DP-hGTLkyG5,2025-10-19 17:24:34 WIB,esyakik,['setuju'],
DP-hGTLkyG5,2025-10-19 17:38:59 WIB,dikisvg,['tuwerus'],
DP-hGTLkyG5,2025-10-19 17:48:38 WIB,woywiywoiwoy,"['ya', 'allah', 'min', 'minta', 'tolong', 'banget', 'min', 'di', 'usahain', 'lebih', 'cepat', 'dari', 'perkiraan', 'waktu', 'aku', 'ga', 'menuntut', 'min', 'tapi', 'ya', 'apa', 'ya', 'min', 'aku', 'kemarin', 'di', 'pbi', 'itu', 'air', 'udah', 'ku', 'abiskan', 'sengaja', 'tidak', 'aku', 'isi', 'supaya', 'apa', 'supaya', 'pas', 'aku', 'balik', 'dari', 'perak', 'ke', 'pbi', 'air', 'itu', 'bening', 'soalnya', 'kemarin', 'abis', 'perbaikan', 'juga', 'dan', 'nyala', 'tapi', 'airnya', 'butek', 'super', 'butek', 'nah', 'tujuan', 'ku', 'habisin', 'tandon', 'supaya', 'minggu', 'pas', 'aku', 'balik', 'pbi', 'aku', 'nyalain', 'air', 'airnya', 'bening', 'lah', 'kok', 'minggu', 'malah', 'ada', 'perbaikan', 'lagi', 'toh', 'min', 'min', 'iyo', 'lek', 'perbaikan', 'nyala-air', 'bersihjernih', 'iki', 'ga', 'perbaikan-nyala-butek-cuilik', 'maneh', 'debit', 'air', 'e', 'innalilahi', 'ya', 'allah', 'min', 'min', 'minta', 'tolong', 'banget', 'usahain', 'selesai', 'sbeleum', 'perkiraan', 'waktuu']",
DP-hGTLkyG5,2025-10-19 18:02:10 WIB,dheaaapriyanti_,"['tiap', 'minggu', 'dibuat', 'emosi', 'sama', 'perkara', 'mati', 'air', 'sedih', 'bgt']",
DP-hGTLkyG5,2025-10-19 18:06:54 WIB,dhana_saja,"['mau', 'kate', 'nyiram', 'taman', 'gak', 'isok']",
DP-hGTLkyG5,2025-10-19 18:18:54 WIB,chaidardor_3,"['demoen', 'ae', 'mbeck']",
DP-hGTLkyG5,2025-10-19 19:01:17 WIB,np.ajeng,"['gara <num>', 'mati', 'kemarin', 'airnya', 'butek', 'knp', 'ya', '?', 'sampe', 'kapan', 'bening', 'sebntar', 'butek', 'lagi', 'baju', 'dicuci', 'malah', 'makin', 'kotor', 'gatau', 'tdi', 'pagi', 'ternyata', 'msih', 'butek', 'skrg', 'ya', 'masih', 'butek', 'hbis', 'mati', 'kualitas', 'menurun']",
DP-hGTLkyG5,2025-10-19 20:13:31 WIB,dheaaapriyanti_,"['tidack', 'ada', 'update', 'lagi', 'ini', '?', 'besok', 'senin', 'yakalai', 'mandi', 'dikantor']",
DP-hGTLkyG5,2025-10-19 20:43:07 WIB,purnomosudaryanto,"['sekedar', 'mengingatkan', 'motto', 'pdam', 'surabaya', 'adalah', '``', 'kami', 'melayani', 'lebih', 'baik', ""''"", 'seminggu', 'ada', '<num> x', 'gangguan', 'di', 'lokasi', 'yg', 'jaraknya', 'berdekatan', 'kenapa', 'tidak', 'dikerjakan', 'bersamaan', 'sehingga', 'tidak', 'menganggu', 'pelanggan']",
DP-hGTLkyG5,2025-10-20 02:50:37 WIB,bentosabaro102,"['hello', 'pdam', 'di', 'pondok', 'benowo', 'indah', 'sampai', 'skrg', 'lho', 'pak', 'air', 'mati', 'total']",
DP-hGTLkyG5,2025-10-20 02:58:08 WIB,bentosabaro102,"['pondok', 'benowo', 'sampai', 'sekarang', 'masih', 'mati', 'lho', 'pak']",
DP-hGTLkyG5,2025-10-20 03:05:18 WIB,flndiojs,"['tolong', 'ya', 'min', 'daritadi', 'blm', 'tdr', 'karna', 'harus', 'nandon', 'air', 'mana', 'debit', 'air', 'yang', 'keluar', 'sekecil', 'itu']",
DP-hGTLkyG5,2025-10-20 03:23:37 WIB,mayaprmtsr,['wkwkwk'],
