post_id,created_at,username,text,parent_comment_id
DQ51a5oEw2y,2025-11-11 13:17:55 WIB,heframid,"['selamat', 'ulang', 'surya', 'moga', 'sumber', 'informasi', 'percaya', 'inspiratif', 'masyarakat', 'terima', 'kasih', 'kolaborasi', 'positif', 'perumda', 'air', 'minum', 'surya', 'sembada']",
DQ51a5oEw2y,2025-11-11 20:49:17 WIB,kharistiano28,"['jalin', 'kerjasama', 'media', 'keren']",
DQ5v5UsE4As,2025-11-11 11:13:37 WIB,mhmdrizkyy12._,"['selamat', 'semangat', 'indonesia']",
DQ5ldh8E_V7,2025-11-11 09:48:57 WIB,panggilnaw,"['dm', 'ku', 'ga', 'balas', 'kak']",
DQ6J9gWE8rk,2025-11-11 16:04:18 WIB,baang_aziz,"['salam', 'tim', 'spi', 'min']",
DQ6J9gWE8rk,2025-11-11 18:17:34 WIB,bellaaristas,"['surabaya', 'barat', 'daerah', 'ptc', 'air', 'mati', 'parah', 'banget', 'mati']",
DQ6J9gWE8rk,2025-11-11 20:17:03 WIB,mbembis92,"['bang', 'aziz']",
DQ6J9gWE8rk,2025-11-12 06:47:24 WIB,bellaaristas,"['nyala', 'kemarin', 'jam', 'mlm']",
DQ6J9gWE8rk,2025-11-12 20:19:44 WIB,mbembis92,"['sehat', 'min']",
DQ3lIqwk3zn,2025-11-11 09:49:33 WIB,panggilnaw,"['dm', 'ku', 'respons', 'kak']",
DPiRgn6k9BI,2025-10-29 23:44:51 WIB,n_aiiniiii,"['maaf', 'gak', 'paham', 'min', 'harga', 'pasang', 'pdam', 'min']",
DPiRgn6k9BI,2025-10-30 05:38:39 WIB,raymundus_aryo,"['rame', 'nih', 'kdm', 'min']",
DPiRgn6k9BI,2025-10-31 04:47:10 WIB,opera8176,"['min', 'pdam', 'jalan', 'gresik', 'mati', 'gimana']",
DPiRgn6k9BI,2025-10-31 10:05:24 WIB,matokebenny,"['tugas', 'wilayah', 'ploso', 'timur', 'tolong', 'sp', 'kali', 'cek', 'air', 'preman', 'ketuk', 'pagar', 'ugal-ugalan', 'kayu', 'pentung', 'preman', 'pagar', 'tetangga']",
DPiRgn6k9BI,2025-10-31 10:06:07 WIB,matokebenny,"['kali', 'kirim', 'komplain', 'langsung', 'pecat', 'tugas']",
DPiRgn6k9BI,2025-10-31 16:44:04 WIB,opera8176,"['terima kasih', 'min']",
DPiRgn6k9BI,2025-11-01 04:14:31 WIB,wien_reyki,"['min', 'pbi', 'pondok', 'benowo', 'indah', 'pdam', 'gak']",
DPiRgn6k9BI,2025-11-01 10:42:39 WIB,wii1i,"['pbi', 'mati', 'nyala', 'lancar', 'ga', 'mati']",
DPiRgn6k9BI,2025-11-03 07:14:48 WIB,ikacuby,"['min', 'griya', 'citra', 'asri', 'pdam', 'kemarin', 'pagi', 'ya']",
DPiRgn6k9BI,2025-11-03 18:09:53 WIB,rahul.bahrom,"['min', 'coba', 'daftar', 'situs', 'internal', 'server', 'eror', 'kalo', 'daftar', 'situs', 'promo', 'diskon']",
DPiRgn6k9BI,2025-11-04 14:48:56 WIB,nelchia,"['selamat', 'sore', 'lapor', 'tugas', 'lapang', 'sopir', 'dg', 'nomor polisi', 'foto', 'tera', 'kronologi', 'jam', 'rumah', 'dengar', 'suara', 'berisik', 'mobil', 'molen', 'operasi', 'jemput', 'anak', 'pas', 'pagar', 'pikup', 'milik', 'pdam', 'teriak', 'pindah', 'mobil', 'tsb', 'krn', 'suara', 'berisik', 'mobil', 'pura', 'tuli', 'dengar', 'mobil', 'maju', 'motor', 'rumah', 'tp', 'pulang', 'jemput', 'anak', 'mobil', 'nangkring', 'pas', 'pagar', 'bilang', 'berat', 'mobil', 'tsb', 'nangkring', 'pagar', 'eh', 'maaf', 'ejek', 'ga', 'ganggu', 'motor', 'tsb', 'masuk', 'rumah', 'pagar', 'pindah', 'berat', 'mobil', 'parkir', 'ganggu', 'pintu', 'pilih', 'pintu', 'pagar', 'pasang', 'pdam']",
DPiRgn6k9BI,2025-11-04 14:49:53 WIB,nelchia,"['rugi', 'terima', 'sikap', 'sopir']",
DPiRgn6k9BI,2025-11-04 14:53:57 WIB,nelchia,"['nomor polisi', 'foto', 'kirim']",
DPiRgn6k9BI,2025-11-04 17:05:33 WIB,kakak_mondy_,"['min', 'estimasi', 'proses', 'antri', 'pasang']",
DPiRgn6k9BI,2025-11-04 19:04:20 WIB,bagus_1453,"['surat', 'bank', 'ka', 'min']",
DPiRgn6k9BI,2025-11-04 21:57:42 WIB,nurulazizaahh15,"['kena', 'denda', 'ya', 'min', 'parah', 'sih', 'bayar', 'tidak pernah', 'tanggal', 'tanggal', 'loh', 'denda', 'beberapa ribu', 'ya', 'allah', 'wa', 'solusi', 'tolong', 'balas']",
DPiRgn6k9BI,2025-11-05 07:27:46 WIB,aslkhtl_anyah,"['kah', 'min', 'pasang', 'daya', 'listrik', 'bayar']",
DPiRgn6k9BI,2025-11-05 11:33:37 WIB,bagus_1453,"['foto', 'salin', 'gak', 'ganti', 'pbb', 'ta']",
DPiRgn6k9BI,2025-11-05 15:41:00 WIB,kakak_mondy_,"['nomor', 'daftar', 'pasang']",
DPiRgn6k9BI,2025-11-05 17:16:24 WIB,aslkhtl_anyah,"['biaya', 'kak']",
DPiRgn6k9BI,2025-11-08 11:50:05 WIB,budijuarangaji,"['rumah', 'daerah', 'karah datang', 'tugas', 'pdam', 'program', 'meter', 'program', 'pdam', 'kah', 'tipu']",
DPiRgn6k9BI,2025-11-08 23:05:17 WIB,budijuarangaji,['terima kasih'],
DPiRgn6k9BI,2025-11-09 20:03:15 WIB,umilatifah402,"['mohon', 'info', 'harga', 'air', 'pdam', 'harga', 'kubik']",
DPiRgn6k9BI,2025-11-10 11:17:43 WIB,inces_runy,"['halo', 'min', 'bayar', 'pdam', 'denda tunggak', 'oktober', 'bayar', 'tagih', 'beberapa ribu', 'denda', 'beberapa ribu', 'denda', 'lapor', 'whatsapp', 'surya', 'sembada', 'gak', 'respons', 'kasih', 'bukti', 'bayar', 'oktober', 'november']",
DPiRgn6k9BI,2025-11-10 11:41:39 WIB,futureman850,"['min', 'gali', 'pelihara', 'pipa', 'seng', 'kerja', 'rekan', 'daerah', 'depo', 'lokomotif', 'sidotopo', 'truk', 'perosok', 'malam', 'tabrak', 'daerah', 'seh', 'pagar', 'kayu', 'tanda', 'mbok', 'ojok', 'proyek', 'mari', 'mari']",
DPiRgn6k9BI,2025-11-10 18:59:54 WIB,inces_runy,"['dm', 'min']",
DPiRgn6k9BI,2025-11-11 09:48:29 WIB,panggilnaw,"['dm', 'ku', 'ga', 'balas']",
DPiRgn6k9BI,2025-10-12 07:34:51 WIB,shelomitaayr,"['pdam', 'air', 'hati', 'alir', 'tolong']",
DPiRgn6k9BI,2025-10-12 09:16:25 WIB,shelomitaayr,"['kebraon', 'susah', 'aktivitas']",
DPiRgn6k9BI,2025-10-12 17:15:13 WIB,ifa8416,"['laku', 'gak', 'min']",
DPiRgn6k9BI,2025-10-12 23:38:52 WIB,andini_rahmadwiandini,"['syarat', 'lengkap', 'proses', 'pasang']",
DPiRgn6k9BI,2025-10-13 17:23:11 WIB,ibuk.acid,"['karah', 'mati', 'air', 'jam', 'gak', 'pemberitahuan', 'tayamum']",
DPiRgn6k9BI,2025-10-13 19:40:37 WIB,alicee.veronaaa,"['aju', 'tanggal', 'september', 'rincian', 'tanggal', 'september', 'bayar', 'batas', 'bayar', 'smp', 'oktober', 'harga', 'promo', 'agustus', 'smp', 'september', 'promo']",
DPiRgn6k9BI,2025-10-14 13:37:42 WIB,alicee.veronaaa,"['dm', 'ya', 'kak']",
DPiRgn6k9BI,2025-10-14 14:57:07 WIB,irma.vidy,"['rungkut', 'industri', 'air', 'mati']",
DPiRgn6k9BI,2025-10-15 10:12:41 WIB,supri.mundo,"['pdam', 'air', 'keruh']",
DPiRgn6k9BI,2025-10-15 20:01:41 WIB,ichsanguntur,"['kertaja', 'air']",
DPiRgn6k9BI,2025-10-15 21:58:31 WIB,superdeden_,"['karang', 'menjangan', 'susah', 'air', 'bos']",
DPiRgn6k9BI,2025-10-16 08:16:36 WIB,raatihangraenii,"['tagih', 'pdam', 'lonjak', 'drastis']",
DPiRgn6k9BI,2025-10-16 18:00:59 WIB,roymarten,"['pdam', 'wonorejo', 'rungkut', 'mati']",
DPiRgn6k9BI,2025-10-17 10:18:29 WIB,novia.turrachmah,"['min', 'adu', 'ga', 'gubris', 'ya', 'cs', 'aja', 'tp', 'tugas', 'air', 'mati', 'krn', 'meter', 'bocor', 'ga', 'habis', 'ganti', 'meter']",
DPiRgn6k9BI,2025-10-18 22:47:54 WIB,mam_tutz,"['info', 'ganggu', 'air', 'wilayah', 'babat', 'jerawat', 'pondok', 'benowo', 'indah']",
DPiRgn6k9BI,2025-10-19 04:12:37 WIB,diska_kristiani,"['lapor', 'pdam', 'gara-gara', 'banyu', 'jumat', 'jam', 'jam', 'malam', 'nyala', 'ak', 'paksa', 'g', 'tidur', 'hawa', 'panas', 'badan', 'lengket', 'nyala', 'langsung', 'mandi', 'isi', 'bak', 'air', 'cuci', 'jam', 'subuh', 'jam gin', 'ape', 'tidur', 'bos']",
DPiRgn6k9BI,2025-10-19 09:43:35 WIB,quinthariarh,"['selesai', 'air', 'gak', 'nyala', 'rutinitas', 'pdam', 'akhir pekan', 'air', 'gak', 'nyala']",
DPiRgn6k9BI,2025-10-20 21:39:47 WIB,irwanagatot,"['jalan', 'juwingan', 'air', 'mati', 'gak', 'info', 'mohon', 'informasi', 'mati']",
DPiRgn6k9BI,2025-10-21 16:25:53 WIB,elmidwi_hartanti,"['info', 'sampek', 'tanggal', 'promo']",
DPiRgn6k9BI,2025-10-23 09:08:55 WIB,irishcartenz8,"['karah', 'air', 'mati', 'min', 'pas', 'air']",
DPiRgn6k9BI,2025-10-23 10:03:50 WIB,kokobramiko,"['ruwet', 'bayar', 'gak', 'pasang']",
DPiRgn6k9BI,2025-10-25 14:52:38 WIB,hameedaa71,"['daftar', 'pasang', 'pdam', 'gimana', 'daftar']",
DPiRgn6k9BI,2025-10-26 08:35:02 WIB,rafikaiffah,"['pdam', 'air', 'normal', 'minggu', 'pagi', 'gak', 'nyala', 'wonorejo', 'manuk', 'kulon']",
DPiRgn6k9BI,2025-10-26 18:31:12 WIB,rizamuhammad260491,"['lidah', 'kulon', 'banyu', 'mati']",
DPiRgn6k9BI,2025-10-26 20:28:56 WIB,rizamuhammad260491,"['ga', 'mati', 'kemarin', 'malam']",
DPiRgn6k9BI,2025-10-29 14:56:53 WIB,april.liatri,"['pdam', 'air', 'keruh', 'bau', 'kayak', 'air', 'air', 'bagus', 'jam', 'jam', 'aju', 'komplain', 'pas', 'cek', 'air', 'bersih', 'pas', 'isi', 'jam', 'pagi', 'aja', 'air', 'bau', 'keruh', 'gimana', 'pdam', 'adu', 'tugas', 'sampek', 'bosan', 'rumah']",
DPiRgn6k9BI,2025-10-09 16:08:06 WIB,bakulgedangsusu,"['kebraon', 'air', 'mati']",
DPiRgn6k9BI,2025-10-09 16:09:05 WIB,karunia_ayu_mukti,"['kebraon', 'air', 'mati']",
DPiRgn6k9BI,2025-10-09 16:12:18 WIB,inggit_putri18,"['mati', 'pdam', 'kebraon', 'ga', 'ad', 'pemberitahuan']",
DPiRgn6k9BI,2025-10-10 06:16:36 WIB,mayarini29,"['karah', 'air', 'mati', 'ap', 'efek', 'gorong-gorong', 'bikin', 'sedih', 'masak', 'minggu', 'ganti', 'air', 'wifi', 'mati']",
DPiRgn6k9BI,2025-10-10 11:49:52 WIB,susii_lowati19,"['aju', 'tanggal', 'september', 'pasang', 'pasang']",
DPiRgn6k9BI,2025-10-10 11:51:09 WIB,susii_lowati19,"['tugas', 'kumpul', 'berkas', 'info', 'satu minggu', 'pasang']",
DPiRgn6k9BI,2025-10-11 21:21:09 WIB,sawnturns,"['kebraon', 'mati', 'air']",
DFKccJJPeW_,2025-06-27 00:43:33 WIB,handokomulyoadi,"['pdam', 'nok', 'kampung', 'candi', 'kuwu', 'e', 'dalu', 'dalu', 'kudu', 'melek', 'tiap hari', 'pasang', 'ga', 'tau', 'banyu', 'mancur', 'teko', 'kran', 'ya', 'opo', 'min', 'ben', 'lapor', 'ga', 'tau', 'hasil', 'e', 'karo', 'solusi', 'e', 'jani', 'tok', 'sak', 'ga', 'kembang', 'e']",
DFKccJJPeW_,2025-07-08 20:39:55 WIB,johanliebertttt_,"['pdam', 'rugi', 'keluarga', 'tagih', 'tidak masuk', 'akal', 'mesti', 'alas', 'aja', 'pelampung', 'rusak', 'meter']",
DFKccJJPeW_,2025-07-14 15:15:24 WIB,paul7539459,"['pegawai', 'nama', 'glen', 'putra', 'pradana', 'setiadarma', 'bayar', 'tagih']",
DFKccJJPeW_,2025-07-14 15:22:13 WIB,paul7539459,"['suruh', 'bayar', 'hutang', 'kak']",
DFKccJJPeW_,2025-07-15 12:51:20 WIB,johanliebertttt_,['kesel'],
DFKccJJPeW_,2025-07-16 07:19:52 WIB,mardhairaa_,"['air', 'wilayah', 'bungkal', 'sambikerep', 'mati']",
DFKccJJPeW_,2025-07-22 17:39:40 WIB,kamilaevi,"['min', 'tanggap ganti', 'meter', 'gagal', 'tugas', 'pdam', 'ganti', 'meter', 'rumah', 'daerah', 'surabaya', 'pusat', 'camat lurah', 'bubut', 'air', 'nyala', 'mohon', 'cepat', 'respon']",
DFKccJJPeW_,2025-07-29 10:38:33 WIB,chichit_maharanie_almuchtar,"['daftar', 'pasang', 'g', 'pasang', 'erti', 'mending', 'bor', 'sumur', 'aja']",
DFKccJJPeW_,2025-08-15 17:13:38 WIB,pram_de_loviennalkha,"['wilayah', 'pagesangan', 'ga', 'selesai', 'air', 'mati', 'jam', 'normal']",
DFKccJJPeW_,2025-09-01 13:18:34 WIB,endahhtopa,"['maaf', 'min', 'tarif', 'golong', 'hapus', 'ya', 'rumah', 'tarif', 'golong', 'mahal', 'orang', 'gak', 'rumah', 'rumah', 'belah', 'golong', 'tugas', 'meter', 'keliling', 'tarif', 'golong', 'hapus']",
DFKccJJPeW_,2025-09-01 16:32:46 WIB,srikotiah,"['gila', 'semenjak', 'meter', 'ganti', 'tagih', 'beberapa kali', 'lipat']",
DFKccJJPeW_,2025-09-01 18:16:52 WIB,srikotiah,"['uda', 'dm', 'uda', 'chat', 'whatsapp', 'uda', 'telfon', 'respon']",
DFKccJJPeW_,2025-09-18 15:47:20 WIB,nurulwaki,"['wilayah', 'lidah', 'kulon', 'dukuh', 'sepat', 'remaja', 'meter', 'pdam']",
DFKccJJPeW_,2025-09-18 15:48:48 WIB,nurulwaki,"['remaja', 'ganti', 'meter', 'putar', 'cepat']",
DFKccJJPeW_,2025-09-20 15:12:54 WIB,dougmiddlee_,"['tolong', 'pdam', 'surabaya', 'ganti', 'kayak', 'sidoarjo', 'bening', 'segar', 'adem', 'surabaya', 'keruh', 'anti']",
DFKccJJPeW_,2025-10-10 06:33:39 WIB,primadia_amanda,"['pagi', 'air', 'daerah', 'karah', 'mati', 'pemberitahuan', 'ya']",
DFKccJJPeW_,2025-10-14 15:51:52 WIB,jastipbahagia,"['air', 'mati', 'gimana', 'min']",
DFKccJJPeW_,2025-10-15 00:50:45 WIB,shafaardini,"['air', 'mati', 'wisma', 'pagesangan', 'pemberitahuan', 'mati']",
DFKccJJPeW_,2025-10-19 10:36:23 WIB,kris_acenk,"['barusan', 'rumah', 'tugas', 'pdam', 'tuju', 'ganti', 'meter', 'pdam', 'surat', 'tugas', 'beliau', 'foto', 'orang', 'kendara', 'surat', 'tugas', 'langsung', 'pergi', 'alas', 'rumit', 'bongkar']",
DFKccJJPeW_,2025-10-22 19:36:51 WIB,putridaniarw,"['simo', 'tambaan', 'barusan', 'mertua', 'tugas', 'abal', 'suruh', 'ganti', 'meter']",
DFKccJJPeW_,2025-10-27 13:59:14 WIB,astrichanteratai,"['meter', 'ganti']",
DFKccJJPeW_,2025-10-27 20:47:59 WIB,ekypradana,"['tugas', 'cek', 'meter', 'salah', 'langgan']",
DFKccJJPeW_,2025-11-11 14:12:01 WIB,sholikinwatanabe,"['remaja', 'meter', 'wilayah', 'rungkut']",
DFKccJJPeW_,2025-11-12 13:40:47 WIB,sholikinwatanabe,"['min', 'makasih', 'informasi', 'gak', 'info', 'kait', 'rt rw', 'takut', 'modus', 'tipu', 'kemarin', 'curiga', 'pas', 'orang', 'ganti', 'meter', 'air', 'untung', 'pas', 'spk', 'id', 'kartu']",
DFKccJJPeW_,2025-11-14 06:17:50 WIB,kanawaaan,"['pdam', 'anjing', 'ari', 'ga', 'nyala', 'minggu', 'mandi', 'ga', 'sekolah', 'ni', 'gimana', 'lu', 'bego', 'kali', 'ya', 'pdam', 'benah', 'doang', 'mati', 'ga', 'kasihan', 'ama', 'ga', 'sekolah', 'gara-gara', 'air', 'mati', 'mandi']",
DFKccJJPeW_,2025-04-30 15:44:23 WIB,sismianah,"['terima kasih', 'layan']",
DFKccJJPeW_,2025-04-30 22:25:09 WIB,diandrawulan113,"['kalijudan', 'kadang', 'nyala', 'kadang', 'mati', 'emang', 'daerah', 'imbas', 'd', 'kalijudan']",
DFKccJJPeW_,2025-05-04 10:49:59 WIB,mc_rinov,"['pemberitahuan', 'resmi', 'kalo', 'atur', 'kos', 'kamar', 'kena', 'tarif', 'akal', 'tugas', 'aja', 'kalo', 'kos', 'hasil', 'gitu', 'ganti', 'kamar', 'kamar']",
DFKccJJPeW_,2025-05-06 11:45:05 WIB,achmad_syarifudin91,"['air', 'pdam', 'kotor', 'd', 'awat', 'masak', 'usaha', 'daerah', 'air', 'minum', 'air', 'minum', 'mandi', 'aja', 'layak', 'pasang', 'filter', 'micron', 'hasil']",
DFKccJJPeW_,2025-05-14 10:47:37 WIB,firdaulyh,"['gimana', 'si', 'hubung', 'layan', 'adu', 'minggu', 'tindak']",
DFKccJJPeW_,2025-05-15 10:25:34 WIB,achmad_vetty_fino,"['biaya', 'retribusi', 'ya']",
DFKccJJPeW_,2025-05-16 11:18:50 WIB,reika.id,"['tagih', 'ya', 'normal', 'maksimal', 'beberapa ribu', 'bengkak', 'beberapa ribu', 'sekian', 'rusa', 'pelampung', 'tandon', 'tagih', 'beberapa ribu']",
DFKccJJPeW_,2025-05-18 16:31:34 WIB,mohcatur,"['kalilom', 'lor', 'timur', 'gang', 'air', 'gak', 'masuk', 'duh', 'susah']",
DFKccJJPeW_,2025-05-18 16:32:38 WIB,mohcatur,"['pdam', 'kalilom', 'lor', 'timur', 'gang', 'aduh', 'susah', 'komplain', 'aduh']",
DFKccJJPeW_,2025-05-19 13:51:09 WIB,rahmawati__r,"['barusan', 'oknum', 'pegawai', 'pdam', 'sesuai', 'sop', 'tolong', 'wilayah', 'kebraon', 'pantau', 'sesuai', 'sop', 'pdam', 'video', 'bukti', 'bilang', 'mohon', 'ketat', 'tugas', 'lapang', 'konsumen', 'pdam', 'pusat']",
DFKccJJPeW_,2025-05-20 11:41:24 WIB,kang_min_pcn,"['halo', 'hot', 'salur', 'hubingi', 'coba', 'kali', 'satu minggu', 'menu', 'sibuk', 'konfirmasi', 'survei']",
DFKccJJPeW_,2025-05-20 13:42:35 WIB,elok_praptiningsih,"['iya', 'banget', 'gin', 'kejut', 'tagih', 'lipat', 'lipat', 'kena']",
DFKccJJPeW_,2025-05-23 21:51:09 WIB,papowbaby,"['tangan', 'wa', 'dm']",
DFKccJJPeW_,2025-05-25 09:50:54 WIB,rrosedee,"['halo', 'pdam', 'daerah', 'simomulyo', 'mati', 'alir', 'air', 'pemberitahuan', 'ya']",
DFKccJJPeW_,2025-05-25 09:51:39 WIB,rrosedee,"['sabtu', 'malam', 'minggu', 'tanggal', 'mei', 'nyala']",
DFKccJJPeW_,2025-05-25 09:52:20 WIB,rrosedee,"['lapor', 'hotline', 'tugas', 'tolong', 'rwspons']",
DFKccJJPeW_,2025-05-26 11:13:15 WIB,fatimah_imey93,"['min', 'pasang', 'survei', 'minggu', 'ga']",
DFKccJJPeW_,2025-05-28 16:25:16 WIB,yuliarahmayr,"['gimana', 'min', 'wonosari', 'bulak', 'banteng', 'air', 'mati', 'haduhhh-']",
DFKccJJPeW_,2025-05-31 09:28:08 WIB,permenkaki500,"['tolong', 'karyawan', 'nama', 'imam', 'bayar', 'hutang']",
DFKccJJPeW_,2025-06-03 15:30:16 WIB,albaniraditya.ss,"['masak', 'bayar', 'biaya', 'admin', 'harga', 'gila']",
DFKccJJPeW_,2025-06-07 01:17:03 WIB,triswanhars,"['antri', 'survey', 'status', 'ganti', 'alamat', 'ketemu', 'suruh', 'hubung', 'wa', 'bot', 'pas', 'aju', 'pin', 'lokasi', 'nomer', 'rumah', 'gak', 'ketemu', 'gak', 'niat', 'banget', 'wtf', 'cek', 'dm', 'min']",
DFKccJJPeW_,2025-06-08 14:25:36 WIB,karinabeautysafira,"['barusan', 'tugas', 'pdam', 'rumah', 'dg', 'tuju', 'remaja', 'meter', 'tugas', 'surat', 'tugas', 'pakai', 'kartu identitas', 'remaja', 'meter', 'air', 'wilayah', 'lurah', 'nginden', 'jangkung']",
DFKccJJPeW_,2025-06-09 17:32:12 WIB,ikha.y16,"['komplain', 'tagih', 'air', 'ya']",
DFKccJJPeW_,2025-06-09 17:33:39 WIB,ikha.y16,"['tagih', 'air', 'ya']",
DFKccJJPeW_,2025-06-10 08:14:11 WIB,im_happy1617,"['pdam', 'kota', 'bogor', 'tolong', 'biar', 'pagi', 'sore', 'ga', 'mati', 'air', 'gak']",
DFKccJJPeW_,2025-06-13 13:06:34 WIB,ekypradana,"['layan', 'perintah', 'modern', 'lapang', 'jaman', 'majapahit', 'tagih', 'nomor', 'layan', 'stagnan']",
DFKccJJPeW_,2025-06-13 14:45:06 WIB,ekypradana,"['telpon', 'sibuk']",
DFKccJJPeW_,2025-06-13 22:21:52 WIB,arifwardani27,"['malam', 'pdam', 'surabaya', 'aju', 'adu', 'meter', 'air', 'suruh', 'bayar', 'bayar', 'gak', 'respons', 'ya', 'whatsapp sudah', 'minggu', 'bayar', 'gak', 'tugas', 'uang', 'bayar', 'kemarin', 'kemanaminta', 'tolong', 'tindak']",
DFKccJJPeW_,2025-06-15 17:37:43 WIB,beruangkentut01,"['kebraon', 'air', 'mati', 'ya']",
DFKccJJPeW_,2025-06-15 17:40:18 WIB,wennyisnaeni,"['malam', 'wilayah', 'balas', 'klumprik pondok', 'maritim', 'pdam', 'mati', 'pemberitahuan', 'to']",
DFKccJJPeW_,2025-06-15 17:59:00 WIB,arumdewi06,"['air', 'mati', 'area', 'dukuh', 'pakis', 'gak', 'pemberitahuan', 'sih', 'min']",
DFKccJJPeW_,2025-06-15 18:09:49 WIB,susanti.efi84,"['halo', 'pdam', 'wilayah', 'babatan', 'camat', 'wiyung', 'air', 'mati', 'alir']",
DFKccJJPeW_,2025-06-15 18:53:28 WIB,hendy_dwihari,"['selamat', 'malam', 'daerah', 'putat', 'jaya', 'air', 'kendala']",
DFKccJJPeW_,2025-06-18 08:37:06 WIB,assyahh5,"['maaf', 'min', 'ganti', 'meter', 'bayar', 'ya']",
DFKccJJPeW_,2025-04-11 06:16:42 WIB,tiara_180319,"['pasang', 'survei', 'komplain', 'cs', 'whatsapp', 'wa', 'gak', 'tanggap']",
DFKccJJPeW_,2025-04-11 10:04:43 WIB,tiara_180319,"['terima', 'kasih']",
DFKccJJPeW_,2025-04-12 15:06:26 WIB,leonidas_alexanders_strongest,"['alir', 'air', 'mojo', 'tindak', 'kantor']",
DFKccJJPeW_,2025-04-13 17:57:29 WIB,dianto0996,"['maaf', 'ni', 'air', 'pdam', 'daerah', 'surabaya', 'wiyung', 'kotor', 'minggu', 'tolong', 'cek', 'kondisi', 'tandon', 'stok', 'air', 'terima kasih']",
DFKccJJPeW_,2025-04-20 19:44:40 WIB,shicya_cute,"['min', 'puter', 'pdam', 'dol', 'adu', 'ya']",
DFKccJJPeW_,2025-04-21 08:24:24 WIB,faizahindryna,"['pdam', 'ga', 'waras', 'tagih', 'raya', 'drastis', 'tugas', 'salah', 'catat', 'tulis', 'gila', 'tagih', 'beberapa ribu', 'gila', 'ngawur', 'orang', 'rumah', 'isi', 'orang', 'bocor', 'kolam', 'renang', 'air', 'pake', 'mandi', 'saka', 'cuci', 'baju', 'tagih', 'mei', 'kemarin', 'beberapa ribu', 'gila']",
DFKccJJPeW_,2025-04-21 14:50:33 WIB,niarizkyy,"['tugas', 'pdam', 'rumah', 'seragam', 'resmi', 'pdam', 'remaja', 'meter', 'lurah', 'dukuh', 'tanggal']",
DFKccJJPeW_,2025-04-21 19:58:19 WIB,harry_loe,"['aju', 'surat', 'berat', 'tagih', 'januari', 'gak', 'tanggap', 'tagih', 'gara-gara', 'meter', 'pdam', 'rusak', 'langgan', 'bayar', 'tagih', 'kelas', 'usaha', 'daerah', 'gak', 'profesional', 'gin']",
DFKccJJPeW_,2025-04-21 21:12:50 WIB,harry_loe,"['dm', 'telpon', 'cs', 'iya', 'kalo', 'serius', 'up']",
DFKccJJPeW_,2025-04-22 12:09:23 WIB,shicya_cute,"['iya', 'stop', 'kran', 'puter', 'meter', 'air', 'telepon', 'call', 'center', 'pdam', 'aktif', 'telepon']",
DFKccJJPeW_,2025-04-22 19:58:28 WIB,shicya_cute,"['whatsapp', 'center', 'pdam', 'respons', 'ganti', 'stop keran', 'harga']",
DFKccJJPeW_,2025-04-22 20:33:43 WIB,essazulfikarsalas,"['halo', 'kak', 'selamat', 'malam', 'maaf', 'ganggu', 'keluh', 'kait', 'alir', 'air', 'pdam', 'wilayah', 'tinggal', 'daerah', 'putih', 'makam', 'blk', 'e num', 'air', 'alir', 'malam', 'pagi', 'sore', 'alir', 'air', 'sulit', 'aktivitas', 'rumah', 'tangga', 'tekan', 'air', 'masuk', 'rumah', 'lupa', 'tutup', 'katup', 'pipa', 'air', 'tandon', 'sedot', 'habis', 'duga', 'sistem', 'distribusi', 'air', 'lingkung', 'skema', 'seri', 'paralel', 'alir', 'air', 'stabil', 'sedia', 'jam']",
DFKccJJPeW_,2025-04-22 22:07:37 WIB,ainunnadifah22,"['tagih', 'masuk', 'akal', 'kelas', 'tarif', 'pindah', 'ya', 'info', 'ga', 'langsung', 'harga', 'pdam', 'harga', 'beberapa ribu', 'masuk', 'beberapa ribu', 'usaha', 'kampung', 'untung']",
DFKccJJPeW_,2025-04-23 09:21:26 WIB,esuhar1,"['air', 'pdam', 'daerah', 'jemurwonosari', 'pagi', 'mati', 'sore', 'kotor', 'tolong', 'd', 'cek']",
DFKccJJPeW_,2025-04-24 08:59:27 WIB,hermawan_soekadi,"['lot', 'pdam', 'q', 'minggu', 'lapor', 'meter', 'q', 'mati', 'n', 'banyu', 'e', 'tangan']",
DFKccJJPeW_,2025-04-24 09:01:08 WIB,hermawan_soekadi,"['ajak', 'kopi', 'lak', 'ketemu', 'q', 'bah', 'asli', 'bah', 'tidak rumit', 'sikat', 'langsung', 'prei', 'ruwet']",
DFKccJJPeW_,2025-04-24 10:51:48 WIB,hermawan_soekadi,['mari'],
DFKccJJPeW_,2025-04-24 10:53:07 WIB,hermawan_soekadi,"['mari', 'baca', 'dm', 'q', 'n', 'langsung', 'gerak']",
DFKccJJPeW_,2025-04-24 22:46:59 WIB,bakoelkopi_sby,"['retribusi', 'beberapa ribu', 'kampung', 'ya']",
DFKccJJPeW_,2025-04-25 19:16:56 WIB,novandi_dwi,"['tolong', 'tenggumung', 'wetan', 'gang', 'garuda', 'mati', 'tolong', 'tindak']",
DFKccJJPeW_,2025-04-27 09:26:16 WIB,maykliray,"['dds', 'e', 'g']",
DFKccJJPeW_,2025-04-28 00:08:03 WIB,diandrawulan113,"['air', 'd', 'kalijudan', 'mati']",
DFKccJJPeW_,2025-04-28 05:44:36 WIB,sismianah,"['air', 'pdam', 'wilayah', 'utara', 'surabaya', 'setro', 'utara', 'sulit', 'alir', 'tolong', 'tindak lanjut']",
DFKccJJPeW_,2025-04-28 05:46:32 WIB,sismianah,"['tolong', 'cek', 'setro', 'utara', 'air', 'tandon', 'isi', 'tolong', 'tindak', 'terima kasih', 'setro', 'utara']",
DFKccJJPeW_,2025-04-28 16:30:12 WIB,sismianah,['dm'],
DFKccJJPeW_,2025-04-28 16:31:19 WIB,sismianah,['dm'],
DFKccJJPeW_,2025-04-29 07:11:43 WIB,sismianah,"['pdam', 'air', 'setro', 'utara']",
DFKccJJPeW_,2025-04-29 07:12:21 WIB,sismianah,"['mohon', 'tindak']",
DFKccJJPeW_,2025-04-30 08:52:19 WIB,diahpalupi1,"['hubung', 'ya', 'biar', 'bayar', 'biaya', 'ganti', 'stop', 'kran', 'tunggu', 'beberapa hari', 'tp', 'tugas', 'tolong', 'cerah', 'min']",
DFKccJJPeW_,2025-01-24 07:46:09 WIB,reza_somad,"['tugas', 'pdam', 'ijin', 'rt', 'tugas', 'aman']",
DFKccJJPeW_,2025-02-16 08:44:41 WIB,annisanmy,"['pdam', 'melulu', 'ya']",
DFKccJJPeW_,2025-02-16 12:15:15 WIB,aini_al_aydrus,"['air', 'ya', 'pagi', 'jam', 'sore', 'mati']",
DFKccJJPeW_,2025-02-17 15:07:10 WIB,dhevygilang,"['pdam', 'februari', 'lonjak', 'ya', 'admin', 'normal', 'beberapa ribu', 'cek', 'ribu', 'mohon', 'bantu', 'informasi']",
DFKccJJPeW_,2025-02-17 16:16:50 WIB,dhevygilang,['usman'],
DFKccJJPeW_,2025-02-17 19:34:16 WIB,muarizkis,"['halo', 'pakai', 'tagih', 'ya', 'kak']",
DFKccJJPeW_,2025-02-18 08:36:03 WIB,mr_yoel_setiawan,"['tugas', 'bingung']",
DFKccJJPeW_,2025-02-18 09:32:59 WIB,mr_yoel_setiawan,"['iya', 'seragam', 'bawa', 'alat', 'tempel', 'meter']",
DFKccJJPeW_,2025-02-18 10:26:02 WIB,mr_yoel_setiawan,"['selesai', 'alamat', 'ya', 'deteksi', 'bocor', 'e', 'surat', 'jalan', 'blok', 'no']",
DFKccJJPeW_,2025-02-19 10:01:11 WIB,jefrisusilo,"['lapor', 'pdam', 'kasih', 'nomer', 'catat', 'meter telepon', 'tidak bisa', 'tagih', 'ku', 'gak', 'sesuai', 'meter', 'cepat', 'respon']",
DFKccJJPeW_,2025-02-19 10:01:43 WIB,jefrisusilo,[],
DFKccJJPeW_,2025-02-20 07:33:02 WIB,cholik46,"['nih', 'alamat', 'tenggumung', 'karya', 'gang', 'surabaya', 'jam', 'subuh', 'jam', 'pagi', 'mati', 'jam', 'sore', 'jam', 'malam', 'mati']",
DFKccJJPeW_,2025-02-20 13:37:43 WIB,aini_al_aydrus,"['lapor', 'bolak', 'balek']",
DFKccJJPeW_,2025-02-26 18:04:24 WIB,minimey743,"['tagih', 'air', 'lonjak', 'ya']",
DFKccJJPeW_,2025-03-01 09:17:53 WIB,dshellysss,"['komplain', 'serba', 'bayar', 'to', 'g', 'percaya', 'perintah']",
DFKccJJPeW_,2025-03-05 04:37:04 WIB,illy.disini,"['kak', 'beberapa ribu', 'eh', 'maret', 'aneh', 'tugas', 'ga', 'bocor', 'ga', 'paham', 'sistem']",
DFKccJJPeW_,2025-03-06 19:38:48 WIB,iirmawulan,"['denda', 'pdam', 'telat', 'kalah', 'pinjol', 'parah']",
DFKccJJPeW_,2025-03-06 20:36:24 WIB,iirmawulan,"['bayar', 'denda', 'telat', 'gila']",
DFKccJJPeW_,2025-03-09 07:39:46 WIB,endahhtopa,"['ya', 'pdam', 'tarif', 'gol', 'ubah', 'tetangga', 'tarif', 'gol', 'kos', 'rumah', 'pribadi', 'salur', 'air', 'tetangga', 'rumah', 'pintu', 'tulis', 'keluarga', 'miskin', 'perintah', 'gara-gara', 'tarif', 'pdam', 'irit', 'pakai', 'air']",
DFKccJJPeW_,2025-03-13 22:02:09 WIB,akmalfrd,"['maghrib', 'air', 'buko', 'g', 'mancur', 'opo', 'pompa air', 'rusak', 'gak', 'kuat', 'semprot', 'sampek', 'kapas', 'gading', 'madya']",
DFKccJJPeW_,2025-03-17 17:15:23 WIB,_mumu.m12,"['pagi', 'air', 'parah', 'parah']",
DFKccJJPeW_,2025-03-17 18:07:40 WIB,_mumu.m12,"['dm', 'balas']",
DFKccJJPeW_,2025-03-21 23:24:15 WIB,restiani41,['air'],
DFKccJJPeW_,2025-03-24 14:58:46 WIB,rereawandaerto,"['barusan', 'jam', 'wib', 'air', 'mati', 'daerah', 'kebraon', 'tolong', 'tugas', 'cek', 'lapang']",
DO-Gmy3k2oA,2025-10-02 05:37:18 WIB,fredlina,"['mohon', 'bantu', 'pdam', 'wilayah', 'kebraon', 'air', 'alir', 'tanggal', 'jam', 'malam', 'pagi', 'kompensasi', 'air', 'tangki']",
DO-Gmy3k2oA,2025-10-02 06:33:50 WIB,pundirama,"['berangkat', 'sekolah', 'berangkat', 'kerja', 'pdam', 'mati', 'daerah', 'pondok', 'maritim', 'lurah balas', 'klumprik']",
DO-Gmy3k2oA,2025-10-03 05:53:18 WIB,yusuf_yogadinata,"['daerah', 'gading', 'karya', 'ben', 'pagi', 'mati', 'air', 'sore', 'mati']",
DO-Gmy3k2oA,2025-10-03 05:54:04 WIB,yusuf_yogadinata,"['sak', 'ulan']",
DO-Gmy3k2oA,2025-10-05 21:36:44 WIB,bremana_adi,"['sore', 'malam', 'air', 'mati', 'daerah', 'komplek', 'tni', 'al', 'juanda', 'susah']",
DO-Gmy3k2oA,2025-10-06 07:13:17 WIB,bremana_adi,"['air', 'gimana']",
DO-Gmy3k2oA,2025-10-06 08:27:50 WIB,bremana_adi,"['komplek', 'tni', 'al', 'juanda', 'kemarin', 'sore', 'air', 'sekolah', 'kantor']",
DO-Gmy3k2oA,2025-10-07 02:11:43 WIB,agungprasetyodh,"['air', 'kebraon', 'mati', 'tp', 'informasi', 'sm', 'tugas']",
DO-Gmy3k2oA,2025-10-07 06:58:35 WIB,ardigun09,"['pagi', 'pdam', 'kebraon', 'gang', 'sekolah', 'mati', 'gang', 'tomat', 'kebraon', 'pagi', 'mati', 'debit', 'air', 'mohon', 'wilayah', 'pokok', 'tekan', 'air', 'pagi', 'mati', 'jam', 'jam']",
DO-Gmy3k2oA,2025-10-07 07:46:55 WIB,agungprasetyodh,"['min', 'tolong', 'jam', 'mati', 'air', 'tandon', 'tip']",
DO-Gmy3k2oA,2025-10-07 08:35:32 WIB,galang_rizza43,"['pdam', 'daerah', 'jiwo', 'mati']",
DO-Gmy3k2oA,2025-10-07 11:09:12 WIB,agungprasetyodh,"['hubung', 'telpon', 'wib', 'siang', 'tugas']",
DO-Gmy3k2oA,2025-10-07 11:47:32 WIB,agus_luigi,"['senin', 'tanggal', 'oktober', 'kemarin', 'tugas', 'pdam', 'ganti', 'meter', 'ganti', 'meter', 'gerak', 'kran', 'air', 'tutup', 'lokasi', 'kedung', 'baruk rungkut']",
DO-Gmy3k2oA,2025-10-07 12:26:47 WIB,agungprasetyodh,"['selesai', 'tugas', 'pipa', 'bocor', 'lokasi', 'terima', 'kasih']",
DO-Gmy3k2oA,2025-10-08 05:05:37 WIB,anitaoffice2025,"['selamat', 'pagi', 'pdam', 'pdam', 'gayung', 'kebonsari', 'pagi', 'air', 'air', 'alir', 'siang', 'jam', 'mohon', 'informasi', 'bantu']",
DO-Gmy3k2oA,2025-10-08 08:31:16 WIB,anitaoffice2025,"['selesai', 'jam', 'ya', 'kak', 'selesai', 'kerja']",
DO-Gmy3k2oA,2025-10-08 09:38:50 WIB,tatong_pudjantoko,"['jadwal', 'catat', 'mandiri', 'tanggal', 'ubah', 'pikir', 'pergi', 'kota']",
DO-Gmy3k2oA,2025-10-10 11:00:51 WIB,mirandaaa14,"['min', 'telpon', 'no', 'sibuk', 'ya', 'min']",
DO-Gmy3k2oA,2025-10-10 11:53:10 WIB,susii_lowati19,"['terang', 'proses', 'cepat', 'kumpul', 'berkas', 'tanggal', 'september', 'pasang']",
DO-Gmy3k2oA,2025-10-13 11:35:32 WIB,susii_lowati19,"['kirim', 'pesan', 'kemarin']",
DO-Gmy3k2oA,2025-10-17 07:56:28 WIB,baimmm,"['daftar', 'daring', 'via', 'aplikasi', 'tahap', 'verifikasi', 'pasang', 'butuh', 'min']",
DO-Gmy3k2oA,2025-10-22 16:44:04 WIB,katschisby,"['pekan', 'pdam', 'kunjung', 'rumah', 'istri', 'tangan', 'no', 'surat', 'tidak ada apa', 'informasi', 'janji', 'to', 'ganti', 'meter', 'has', 'to', 'be', 'jadwal', 'meter', 'not', 'until', 'pekan', 'no', 'informasi', 'layan', 'mohon', 'cek', 'maksud', 'jalan', 'has', 'tidak ada apa', 'to', 'do', 'layan', 'do', 'butuh', 'info', 'mohon', 'via', 'messenger', 'terima kasih']",
DO-Gmy3k2oA,2025-10-28 18:34:25 WIB,baimmm,"['min', 'nomor antri', 'mohon', 'bantu', 'min']",
DO-Gmy3k2oA,2025-10-31 03:26:27 WIB,opera8176,"['min', 'daerah', 'jalan', 'gresik', 'mati', 'pdam', 'mohon', 'tindak', 'gak', 'air']",
DO-Gmy3k2oA,2025-11-03 14:02:55 WIB,ryzen70_,"['aju', 'daftar', 'pasang', 'bari', 'respon', 'whatapp', 'call', 'center', 'hubingi']",
DO-Gmy3k2oA,2025-11-04 07:34:09 WIB,roniaffandironi,"['daftar', 'syarat', 'ap']",
DO-Gmy3k2oA,2025-11-07 17:47:01 WIB,lani.tami,"['ya', 'air', 'pdam', 'ga', 'jam', 'pagi', 'jam', 'sore', 'pas', 'subuh', 'air', 'susah', 'magrib', 'air', 'susah', 'jam', 'pagi', 'jam', 'rumah', 'tetangga', 'sprt', 'mohon', 'lancar', 'spt', 'krn', 'air', 'butuh', 'ibadah', 'terima kasih']",
DO-Gmy3k2oA,2025-10-02 04:30:49 WIB,wennyisnaeni,"['pdam', 'mati', 'wilayah', 'rumah', 'pondok', 'maritim', 'pemberitahuan', 'tidur', 'mati', 'anak', 'kerja', 'sekolah', 'butuh', 'air', 'mandi']",
DQ2v0BhE6zg,2025-11-10 07:23:04 WIB,kartarsurabaya.official,"['selamat', 'pahlawan']",
DQ2v0BhE6zg,2025-11-10 08:52:06 WIB,mhmdrizkyy12._,"['selamat', 'pahlawan']",
DQ2v0BhE6zg,2025-11-10 09:14:46 WIB,presarioqalamm,"['selamat', 'pahlawan']",
DQ2v0BhE6zg,2025-11-10 09:23:02 WIB,sheiraekaa,"['selamat', 'pahlawan']",
DQ2v0BhE6zg,2025-11-10 09:44:53 WIB,cakrofiq46,"['selamat', 'pahlawan', 'satria', 'surya', 'sembada', 'surabaya']",
DQ2v0BhE6zg,2025-11-10 10:24:19 WIB,rajwaazhf,"['selamat', 'pahlawan']",
DQ2v0BhE6zg,2025-11-10 11:57:41 WIB,ratu_yuliana77,"['selamat', 'pahlawan', 'surabaya', 'pdam', 'surabaya', 'salam', 'arek', 'surabaya']",
DQ2v0BhE6zg,2025-11-11 11:10:41 WIB,widyarigga,"['bangga', 'arek', 'surabaya']",
DQvYl9Lk2BC,2025-11-07 16:38:57 WIB,isnainihandari,"['semangat', 'inovasi', 'pdam', 'surya', 'sembada', 'surabaya']",
DQvShYYk5my,2025-11-07 10:21:07 WIB,kel_sukomanunggal.sby,"['informasi', 'sebar', 'warga', 'terima kasih', 'admin']",
DQvShYYk5my,2025-11-07 11:40:31 WIB,heframid,"['terima', 'kasih', 'informasi', 'pdam', 'surya', 'sembada', 'moga', 'proses', 'pasang', 'tube', 'settler', 'ipam', 'karangpilang', 'jalan', 'lancar', 'kendala', 'harap', 'kerja', 'tingkat', 'kualitas', 'lancar', 'distribusi', 'air', 'bersih', 'langgan', 'warga', 'wilayah', 'dampak', 'moga', 'sabar', 'sesuai', 'proses', 'moga', 'layan', 'air', 'normal']",
DQvShYYk5my,2025-11-07 15:11:35 WIB,li2n9,"['air', 'november']",
DQvShYYk5my,2025-11-08 19:22:44 WIB,vthree_fashion,"['min', 'mati', 'ya']",
DQviTp5k7RV,2025-11-07 13:38:53 WIB,isnievanya,"['rejosari', 'benowo', 'surabaya', 'brt', 'debit', 'air', 'e', 'banter', 'pipis', 'e', 'jaran', 'min', 'jam', 'arek', 'berangkat', 'sekolah', 'jam', 'mandi', 'sore', 'mati', 'banter', 'e', 'malam', 'tok', 'nek', 'gak', 'tandon', 'suruh', 'mandi', 'masak', 'cuci', 'malam', 'min', 'bayar', 'eh', 'ulan', 'kemarin', 'seh', 'lapor', 'dzalim', 'min']",
DQviTp5k7RV,2025-11-07 13:39:17 WIB,isnievanya,['benowo'],
DQviTp5k7RV,2025-11-07 20:48:49 WIB,rendra_0816,['andal'],
DQ0ddNiE3mM,2025-11-09 10:12:40 WIB,presarioqalamm,"['makasih', 'min', 'informasi']",
DQ0ddNiE3mM,2025-11-09 10:16:29 WIB,reyhanathaa_,"['asik', 'museum', 'nopember']",
DQ0ddNiE3mM,2025-11-09 10:17:01 WIB,akmalreyhnth,"['wajib', 'nih', 'museum', 'nopember']",
DQ0ddNiE3mM,2025-11-09 10:18:42 WIB,sheiraekaa,"['gak', 'bosan']",
DQ0ddNiE3mM,2025-11-09 10:30:09 WIB,ann.wattimena,[],
DQ0ddNiE3mM,2025-11-09 11:12:16 WIB,fachryandd,"['keren', 'museum', 'nopember']",
DQ0ddNiE3mM,2025-11-09 11:33:28 WIB,nrkumalakn___,"['sih', 'masuk', 'daftar', 'destinasi', 'wajib', 'banget', 'kalo', 'main', 'surabaya']",
DQ0ddNiE3mM,2025-11-09 18:54:46 WIB,rajwaazhf,"['keren', 'museum']",
DQmIBE6kzyy,2025-11-03 20:21:11 WIB,ella_nurlailiyah,"['kebraon', 'mati']",
DQmIBE6kzyy,2025-11-04 07:25:13 WIB,dhear_ochi,"['simo', 'jawar', 'simomulyo', 'sukomanunggal', 'air', 'mati']",
DQs9fZkk9VO,2025-11-06 12:25:11 WIB,presarioqalamm,"['mantap', 'admin']",
DQs9fZkk9VO,2025-11-06 12:25:27 WIB,ann.wattimena,[],
DQs9fZkk9VO,2025-11-06 12:25:47 WIB,damaxrif,"['layan', 'jos', 'jos', 'siaga', 'jam']",
DQs9fZkk9VO,2025-11-06 12:25:58 WIB,fachryandd,"['siaga', 'jam', 'langgan']",
DQs9fZkk9VO,2025-11-06 12:42:40 WIB,akmalreyhnth,['layan'],
DQs9fZkk9VO,2025-11-06 12:51:54 WIB,surabayaview.id,"['keren', 'edit', 'nih']",
DQs9fZkk9VO,2025-11-06 13:46:02 WIB,kharistiano28,['sangar'],
DQs9fZkk9VO,2025-11-06 13:55:21 WIB,rizqiamrii,['keren'],
DQs9fZkk9VO,2025-11-06 14:57:56 WIB,widyarigga,"['seditor', 'kelas']",
DQs9fZkk9VO,2025-11-06 18:16:46 WIB,kaji.sulam,['andal'],
DQs9fZkk9VO,2025-11-06 18:27:07 WIB,rajwaazhf,['keren'],
DQs9fZkk9VO,2025-11-06 18:43:01 WIB,arivinmoch,"['keren', 'sih']",
DQs9fZkk9VO,2025-11-06 19:03:21 WIB,nanang_wid,['kreatif'],
DQs9fZkk9VO,2025-11-06 20:48:02 WIB,nrkumalakn___,['keren'],
DQs9fZkk9VO,2025-11-07 10:09:38 WIB,airorunners,"['semangat', 'teman', 'siaga', 'jam', 'kondisi', 'fisik', 'jaga', 'lupa', 'olahraga']",
DQs9fZkk9VO,2025-11-07 18:43:48 WIB,anggachristianhananta,"['semangat', 'teman', 'layan', 'warga', 'surabaya']",
DQs9fZkk9VO,2025-11-12 12:10:06 WIB,m.akmal_haromi,"['berbula-bulan', 'komplain', 'krn', 'tarif', 'sesuai', 'kali', 'komplain', 'survei', 'rumah', 'kena', 'tarif', 'tp', 'nyata', 'kena', 'tarif', 'rumah', 'mewah', 'lokasi', 'kampung', 'nginden', 'lebar', 'jalan', 'beberapa meter', 'luas', 'rumah', 'bayar', 'listrik', 'beberapa ribu', 'masak', 'kena', 'tarif', 'rumah', 'mewah', 'layan', 'buruk']",
DQqHfFxk9xy,2025-11-05 10:54:48 WIB,fisioterapisurabaya,"['bagus', 'info']",
DQqquhNkxxk,2025-11-06 10:04:20 WIB,adi_murachman,"['mohon', 'info', 'ganggu', 'bayar', 'tagih', 'ya']",
DQaW2fUk2z4,2025-10-30 06:44:46 WIB,kosmelatiindah,"['min', 'pagi', 'air', 'mati', 'area', 'wisma', 'lidah', 'kulon']",
DQeDOzKk-P7,2025-11-01 07:09:00 WIB,usiedila,"['hobi', 'banget', 'sih', 'si', 'pipa', 'bocor', 'daerah', 'wiyung']",
DQeDOzKk-P7,2025-11-01 07:13:02 WIB,yongki.wibowo,"['andai', 'spt', 'kompensasi', 'pdam', 'kalo', 'telat', 'bayar', 'gak', 'balas', 'mohon', 'maaf', 'ketidaknyamanan', 'pdam', 'sih']",
DQeDOzKk-P7,2025-11-01 07:13:50 WIB,lee_chamoomilee,"['gak', 'info']",
DQeDOzKk-P7,2025-11-01 07:18:03 WIB,ambarsrrr,"['babatan', 'mati', 'malam', 'mati', 'nyala']",
DQeDOzKk-P7,2025-11-01 07:19:28 WIB,lee_chamoomilee,"['parah', 'parah', 'mandi', 'subuh', 'min', 'bacut', 'kate', 'petang', 'ganggu', 'e', 'air', 'mati', 'nang', 'pondok', 'benowo', 'indah', 'pemberitahuan', 'kota', 'surabaya', 'duduk', 'pelosok', 'gusti', 'pangeran', 'parah', 'e', 'banyu', 'nek', 'kali', 'bersih', 'nang', 'kali', 'bersih', 'gusti', 'alah', 'parah', 'e', 'pdam', 'e', 'ben', 'minggu', 'opo']",
DQeDOzKk-P7,2025-11-01 08:15:29 WIB,ambarsrrr,['nyala'],
DQeDOzKk-P7,2025-11-01 08:29:51 WIB,budiwiratmo,"['kak', 'min', 'lapor', 'area', 'gayungsari', 'barat', 'air', 'pdam', 'mati', 'puluh', 'ratus', 'rumah', 'rt', 'keluh', 'air', 'pdam', 'mati', 'mohon', 'bantu', 'ya']",
DQeDOzKk-P7,2025-11-01 09:12:04 WIB,natnu.tt,"['pbi', 'air', 'uda', 'nyala', 'keruh', 'banget', 'admin']",
DQeDOzKk-P7,2025-11-01 09:27:08 WIB,ayusari8667,"['oalah', 'min', 'kering', 'eh', 'ben', 'minggu', 'banyu', 'mati', 'gak', 'info']",
DQeDOzKk-P7,2025-11-01 09:34:18 WIB,frystha.mamitha,"['babatan', 'pratama', 'mati', 'min', 'cuci', 'tumpuk', 'gak', 'cuci', 'piring']",
DQeDOzKk-P7,2025-11-01 10:27:37 WIB,budiwiratmo,"['makasih', 'min']",
DQeDOzKk-P7,2025-11-01 10:44:28 WIB,wii1i,"['mati', 'opo', 'e', 'sing', 'normalisasi']",
DQeDOzKk-P7,2025-11-01 10:45:19 WIB,wii1i,"['normal', 'area', 'pbi', 'mati', 'total']",
DQeDOzKk-P7,2025-11-01 11:35:03 WIB,ayusari8667,"['jam', 'min', 'gak', 'banyu', 'sama sekali', 'ya', 'opo', 'min']",
DQeDOzKk-P7,2025-11-01 11:36:27 WIB,ayusari8667,"['sampek', 'jam', 'min', 'jam gin', 'gorong-gorong', 'nyala', 'pondok', 'benowo', 'cek', 'parah', 'eh']",
DQeDOzKk-P7,2025-11-01 12:15:52 WIB,hervianggarh,"['alhamdulillah', 'nyala', 'terima', 'kasih']",
DQeDOzKk-P7,2025-11-01 14:41:39 WIB,raden_bgs.k.w,"['mohon', 'info', 'wilayah', 'kebraon', 'pondok', 'maritim', 'mati', 'ya', 'air', 'ganggu']",
DQeDOzKk-P7,2025-11-01 15:25:48 WIB,budiwiratmo,"['kak', 'min', 'info', 'titik', 'rusa', 'lampu', 'merah', 'jalan', 'gayungsari', 'barat', 'bocor']",
DQeDOzKk-P7,2025-11-01 15:48:25 WIB,vivien_aisyah,"['kebraon', 'air', 'mati', 'gak', 'pemberitahuan']",
DQeDOzKk-P7,2025-11-01 16:13:19 WIB,budiwiratmo,"['video', 'pipa', 'bocor', 'dm', 'kak', 'min']",
DQeDOzKk-P7,2025-11-01 16:17:19 WIB,pram_de_loviennalkha,"['kebonsari', 'sekolah', 'jam', 'pagi', 'air', 'dah', 'mati', 'pulang', 'kerja', 'jam', 'mati', 'cari', 'instagram', 'ga', 'info', 'ganggu', 'ga', 'kerja']",
DQeDOzKk-P7,2025-11-01 19:05:32 WIB,raden_bgs.k.w,"['aman', 'terima', 'kasih', 'kak', 'admin', 'cepat', 'respons']",
DQeDOzKk-P7,2025-11-01 19:21:38 WIB,budiwiratmo,"['kak', 'min', 'umpama', 'warga', 'bantu', 'truk', 'tangki', 'air', 'jam', 'operasional']",
DQeDOzKk-P7,2025-11-03 17:15:44 WIB,budiwiratmo,"['min', 'warga', 'keluh', 'air', 'terima', 'kasih']",
DQeDOzKk-P7,2025-10-31 22:15:15 WIB,yisapratama,"['jam', 'nyala']",
DQeDOzKk-P7,2025-10-31 23:28:44 WIB,tasyalulaa,"['nyala', 'jam']",
DQeDOzKk-P7,2025-11-01 00:04:56 WIB,ad17dp,"['wiyung', 'air', 'mati']",
DQeDOzKk-P7,2025-11-01 00:13:00 WIB,muhamadgozalirachman,"['air', 'pdam', 'taman', 'pondok', 'indah', 'wiyung', 'nyala', 'habis', 'air', 'rumah', 'kak']",
DQeDOzKk-P7,2025-11-01 02:56:42 WIB,kili.1918,"['air', 'mati', 'kemarin', 'malam', 'mati', 'jam', 'besok', 'air', 'sek', 'mati', 'jam', 'nyala', 'sampek', 'guruh']",
DQeDOzKk-P7,2025-11-01 03:53:55 WIB,tasyalulaa,"['kebelet', 'nih', 'nyala']",
DQeDOzKk-P7,2025-11-01 04:14:25 WIB,kakonozomi22,"['jam', 'nyala', 'min', 'bayar', 'larang', 'air']",
DQeDOzKk-P7,2025-11-01 04:49:08 WIB,orchidstrengh,"['air', 'nyala', 'graha']",
DQeDOzKk-P7,2025-11-01 04:54:39 WIB,christ.ming11,"['babatan', 'nyala', 'kerja', 'g', 'air']",
DQeDOzKk-P7,2025-11-01 05:02:41 WIB,cakbenn,"['orang', 'kerja', 'opo', 'gak', 'estimasi', 'jam', 'gak', 'selesai']",
DQeDOzKk-P7,2025-11-01 05:04:55 WIB,isnawatichoiruliyah,"['min', 'daerah', 'sidorejo', 'pakal', 'air', 'nyala', 'pemberitahuan']",
DQeDOzKk-P7,2025-11-01 05:10:33 WIB,teddy_vickoo,"['min', 'jam', 'air']",
DQeDOzKk-P7,2025-11-01 05:18:52 WIB,lailivitri,"['min', 'air', 'pakal', 'mati', 'pemberitahuan', 'ya', 'allah', 'e', 'min', 'min']",
DQeDOzKk-P7,2025-11-01 05:26:45 WIB,tomianugerah,"['daerah', 'wiyung', 'air', 'jam', 'min']",
DQeDOzKk-P7,2025-11-01 05:31:17 WIB,dhe_lius02,"['nyala', 'air', 'wiyung']",
DQeDOzKk-P7,2025-11-01 05:35:03 WIB,swanlakecantswim,"['air', 'mati', 'jam', 'gak', 'nyala', 'estimasi', 'jam', 'kalo', 'daerah', 'wiyung', 'mati', 'air', 'drama', 'gin']",
DQeDOzKk-P7,2025-11-01 05:42:38 WIB,wahyudisoeseno,['mati'],
DQeDOzKk-P7,2025-11-01 05:45:59 WIB,wiraputt,"['air', 'e', 'gak', 'salur', 'orang', 'kerja', 'opo', 'gak', 'jam', 'min', 'salur', 'air', 'kebelet']",
DQeDOzKk-P7,2025-11-01 05:52:46 WIB,budyernes,"['gak', 'nyala', 'babatan', 'pratama', 'bayar', 'mahal', 'gin']",
DQeDOzKk-P7,2025-11-01 05:55:33 WIB,nisrinaev_,"['air', 'keburu', 'sakit', 'perut']",
DQeDOzKk-P7,2025-11-01 06:01:57 WIB,vrst_ohs,"['ga', 'nyala', 'nyala', 'air', 'pondok', 'ros', 'jam', 'bom', 'nyala', 'nyala', 'jam', 'min']",
DQeDOzKk-P7,2025-11-01 06:09:04 WIB,renarayap,['pagi'],
DQeDOzKk-P7,2025-11-01 06:10:06 WIB,muhamadgozalirachman,"['gak', 'foto', 'giat', 'kak', 'kak', 'nyala', 'air']",
DQeDOzKk-P7,2025-11-01 06:16:03 WIB,elyvirgijanti,"['min', 'tdl', 'info', 'kait', 'pdam', 'area', 'benowo', 'subuh', 'mati', 'alir', 'air', 'adu', 'nomor', 'informasi', 'gak', 'jam', 'tolong', 'layan', 'benah']",
DQeDOzKk-P7,2025-11-01 06:19:08 WIB,gabbydianaaaa,"['jam', 'ya', 'mohon', 'informasi', 'nyala', 'jam']",
DQeDOzKk-P7,2025-11-01 06:23:38 WIB,nurul_lailatul_chasanah,"['daerah', 'pakal', 'air', 'mati', 'pemberitahuan', 'sih']",
DQeDOzKk-P7,2025-11-01 06:24:59 WIB,nurul_lailatul_chasanah,"['daerah', 'pakal', 'benowo', 'rek', 'sing', 'goda', 'ambek']",
DQeDOzKk-P7,2025-11-01 06:25:34 WIB,erdinyyy,"['pondok', 'benowo', 'indah', 'ga']",
DQeDOzKk-P7,2025-11-01 06:30:59 WIB,lala_ersi,"['babatan', 'indah', 'nyala', 'air']",
DQeDOzKk-P7,2025-11-01 06:31:45 WIB,dhiz4,"['nyala', 'kerja']",
DQeDOzKk-P7,2025-11-01 06:45:37 WIB,natnu.tt,"['min', 'pbi', 'air', 'mati']",
DQeDOzKk-P7,2025-11-01 07:00:48 WIB,yisapratama,"['cek', 'air', 'sek', 'murup', 'sampek', 'matahari', 'muncul', 'sampek', 'nyala', 'kemarin', 'malam', 'mati']",
DQeDOzKk-P7,2025-11-01 07:01:00 WIB,yongki.wibowo,"['nyala', 'parah']",
DQeDOzKk-P7,2025-11-01 07:01:31 WIB,muhamadgozalirachman,"['air', 'pdam', 'taman', 'pondok', 'indah', 'nyala', 'kak']",
DQeDOzKk-P7,2025-11-01 07:02:40 WIB,muhamadgozalirachman,"['nyala', 'air', 'pdam', 'kak']",
DQeDOzKk-P7,2025-11-01 07:03:45 WIB,muhamadgozalirachman,"['kak', 'sholat', 'subuh', 'gak', 'kak', 'gak', 'air', 'pdam']",
DQeDOzKk-P7,2025-11-01 07:04:10 WIB,muhamadgozalirachman,"['gak', 'sholat', 'subuh', 'gak', 'air', 'pdam']",
DQeDOzKk-P7,2025-11-01 07:04:26 WIB,ditasetyapermatasari,"['nyala', 'taman', 'pondok', 'indah', 'jam']",
DQidNm9kyqS,2025-11-03 06:38:11 WIB,partotari77,"['pasang', 'pake', 'ktp', 'ua']",
DQb3Hrvk8Ky,2025-10-31 06:07:26 WIB,cahyakamilarosa,"['admin', 'area', 'dupak', 'air', 'chat', 'tangki', 'air', 'respon']",
DQdL1MMEx6i,2025-10-31 09:21:20 WIB,wiksaebeced,"['telpon', 'call', 'center', 'respon', 'sama sekali', 'adu', 'rusa', 'meter']",
DQdL1MMEx6i,2025-10-31 10:44:46 WIB,wiksaebeced,"['selesai', 'terima kasih']",
DQZHJ4Uk6Ef,2025-10-29 19:48:17 WIB,denikdamayantii,[],
DQZHJ4Uk6Ef,2025-10-29 19:53:12 WIB,lindapriskilar,"['selesai', 'kah', 'min', 'proyek']",
DQZHJ4Uk6Ef,2025-10-29 21:02:54 WIB,vlntnfbran,['anjir'],
DQZHJ4Uk6Ef,2025-10-30 06:35:08 WIB,bhagyawan_bhagik0,"['air', 'pdam', 'jalan', 'raya', 'sambikerep', 'mati']",
DQZHJ4Uk6Ef,2025-10-30 08:22:01 WIB,bhagyawan_bhagik0,"['pemberitahuan', 'antisipasi', 'lupa', 'pemberitahuan']",
DQZHJ4Uk6Ef,2025-10-30 16:27:28 WIB,lindapriskilar,"['makasih', 'informasi', 'min']",
DQbRfbuEzZL,2025-10-30 15:30:35 WIB,akmalreyhnth,"['keren', 'instalasi', 'ipam', 'ngagel']",
DQbRfbuEzZL,2025-10-30 15:46:38 WIB,presarioqalamm,"['keren', 'banget', 'olah', 'ipam', 'ngagel']",
DQbRfbuEzZL,2025-10-30 17:19:14 WIB,sheiraekaa,[],
DQbRfbuEzZL,2025-10-30 17:55:44 WIB,fachryandd,"['dang', 'ipam', 'ngagel', 'keren', 'banget']",
DQbRfbuEzZL,2025-10-30 18:09:13 WIB,widyarigga,[],
DQbRfbuEzZL,2025-10-30 18:10:38 WIB,kharistiano28,"['perumda', 'air', 'minum', 'populer']",
DQbRfbuEzZL,2025-10-30 20:00:33 WIB,subahan_hadi,"['maju', 'layan']",
DQbRfbuEzZL,2025-10-30 21:13:19 WIB,nrkumalakn___,['keren'],
DQfyKp-E1bY,2025-11-01 12:22:19 WIB,alifiaasoraya,"['halo', 'pln', 'lapor', 'susah']",
DQfyKp-E1bY,2025-11-01 17:30:30 WIB,_frscarts,"['keren', 'banget', 'inovasi', 'layan']",
DQfyKp-E1bY,2025-11-01 18:00:08 WIB,amrilizz,"['pagesangan', 'alir', 'min', 'air']",
DQfyKp-E1bY,2025-11-01 20:34:35 WIB,pu2nn,"['tolong', 'pdam', 'daerah', 'jambang', 'kebonsari', 'air', 'alir']",
DQfyKp-E1bY,2025-11-01 21:11:30 WIB,englanselly,"['daerah', 'gayungsari', 'mati', 'min', 'jam', 'loh', 'tolong']",
DQfyKp-E1bY,2025-11-03 00:38:00 WIB,bambangprianto22,"['daerah', 'pakal', 'minggu', 'debit', 'air', 'pagi', 'sore', 'normal', 'malam']",
DQfyKp-E1bY,2025-11-03 10:21:03 WIB,bambangprianto22,"['komplain', 'kirim', 'aplikasi', 'cis', 'pdam']",
DQs3lyZE5_Z,2025-11-06 13:35:46 WIB,setiawatimeme,"['kalo', 'komplain', 'tarif', 'mahal', 'kualitas', 'air', 'buruk', 'tanggap']",
DQs3lyZE5_Z,2025-11-06 14:58:47 WIB,widyarigga,"['terima', 'kasih', 'informasi', 'kk', 'min']",
DQs3lyZE5_Z,2025-11-06 15:04:27 WIB,setiawatimeme,"['kirim', 'aplikasi']",
DQs3lyZE5_Z,2025-11-06 15:38:44 WIB,nuning.epsilon,"['wa', 'wa', 'center', 'tp', 'pilih', 'menu', 'nama', 'langgan']",
DQs3lyZE5_Z,2025-11-06 16:11:55 WIB,yusuf.syuhadaa,"['min', 'ubah', 'periode', 'bayar', 'gimana', 'ya']",
DQs3lyZE5_Z,2025-11-06 16:58:39 WIB,amd.0913,"['terima', 'kasih', 'pdam', 'nama', 'gratis', 'kayak', 'belah', 'bayar']",
DQs3lyZE5_Z,2025-11-07 11:41:55 WIB,maryamahsiti340,"['otomatis', 'ubah', 'nama', 'ya', 'min', 'no', 'langgan', 'ya']",
DQs3lyZE5_Z,2025-11-07 13:52:47 WIB,maryamahsiti340,"['tutorial', 'min']",
DQs3lyZE5_Z,2025-11-07 21:28:55 WIB,bangtamtam14,"['pdam', 'wilayah', 'gurung', 'air', 'umbul', 'fungsi', 'gimana', 'warga', 'harap', 'air', 'pdam']",
DQs3lyZE5_Z,2025-11-07 21:49:27 WIB,riaromantika,"['daerah', 'gresik', 'nama', 'ya']",
DQs3lyZE5_Z,2025-11-07 22:48:54 WIB,b.snugroho,"['kalo', 'ubah', 'periode', 'bayar', 'periode', 'periode']",
DQs3lyZE5_Z,2025-11-08 06:31:51 WIB,tu2tkbintari,"['tutorial', 'min']",
DQs3lyZE5_Z,2025-11-09 10:50:25 WIB,nuning.epsilon,['tutorial'],
DQs3lyZE5_Z,2025-11-10 16:21:19 WIB,piet_sudarmono,"['tutorial', 'min']",
DQs3lyZE5_Z,2025-11-12 12:00:14 WIB,m.akmal_haromi,"['mas', 'kena', 'tarif', 'rumah', 'mewah', 'kena', 'tarif', 'kriteria', 'dasar', 'situs', 'pdam', 'tugas', 'survey', 'masuk', 'kategori', 'tarif', 'lapor', 'kantor', 'pdam', 'cs', 'gak', 'krn', 'bilang', 'kriteria', 'jebak', 'rumah', 'masuk', 'kategori', 'tarif', 'krn', 'cs', 'gak', 'suruh', 'bikin', 'surat', 'manager', 'manager', 'gak', 'langsung', 'layan', 'publik', 'bayar', 'langgan']",
DQs3lyZE5_Z,2025-11-13 09:27:45 WIB,delok_sedilut72,"['kosong', 'kere', 'hoax']",
DQlkel7k6Nd,2025-11-03 16:46:10 WIB,firliafd,"['air', 'pdam', 'daerah', 'raya', 'darmo', 'warna', 'hijau', 'lumut']",
DQtR-1qE__N,2025-11-06 15:07:30 WIB,mhmdrizkyy12._,"['wow', 'bagus']",
DQtR-1qE__N,2025-11-06 16:54:39 WIB,herupratikto62,"['selamat', 'hut', 'perumda', 'air', 'minum', 'surya', 'sembada', 'kota', 'surabaya', 'komitmen', 'alir', 'hidup', 'logo', 'keren']",
DQtR-1qE__N,2025-11-06 18:44:38 WIB,ismy_qa,"['selamat', 'ulang', 'perumda', 'air', 'minum', 'surya', 'sembada', 'surabaya', 'moga', 'alir', 'manfaat', 'warga', 'kota', 'inovatif', 'jaya', 'moga', 'sejahtera', 'langgan', 'pegawai', 'sukses', 'anak', 'usaha', 'moga', 'kembang', 'bareng']",
DQtR-1qE__N,2025-11-06 21:13:03 WIB,ppnnnppenn,"['selamat', 'perumda', 'air', 'minum', 'surya', 'sembada', 'kota', 'surabaya', 'harap', 'moga', 'alir', 'hidup', 'warga', 'kota', 'surabaya', 'khusus', 'langgan', 'usaha', 'layan', 'air', 'nikmat', 'alir', 'air', 'bersih', 'bangga', 'langgan', 'pdam', 'saran', 'pos', 'air', 'minum', 'gratis', 'masyarakat', 'bantu', 'sukses', 'perumda', 'air', 'minum', 'surya', 'sembada', 'kota', 'surabaya', 'alir', 'hidup', 'langgan']",
DQtR-1qE__N,2025-11-07 05:41:44 WIB,subahan_hadi,"['met', 'milad', 'perumda', 'surya', 'sembada', 'surabaya', 'moga', 'sempurna']",
DQtR-1qE__N,2025-11-07 07:23:39 WIB,akmalreyhnth,"['keren', 'logo']",
DQtR-1qE__N,2025-11-07 11:23:44 WIB,nrkumalakn___,['keren'],
DQtR-1qE__N,2025-11-07 11:49:39 WIB,rizqiamrii,"['moga', 'bagus', 'layan', 'masyarakat', 'surabaya', 'pantun', 'beli', 'soda', 'gembira', 'nang', 'jogoloyoperumda', 'surya', 'sembada', 'keren', 'kerja', 'masyarakat', 'surabaya']",
DQqYfZQk7Xq,2025-11-05 18:20:38 WIB,anggachristianhananta,['cis'],
DQqYfZQk7Xq,2025-11-05 20:56:51 WIB,tri3soe,['mantab'],
DQiV7GCk_J2,2025-11-02 12:11:52 WIB,baang_aziz,"['mantap', 'min']",
DQiV7GCk_J2,2025-11-02 12:34:37 WIB,kharistiano28,['keren'],
DQVetJrk5Xh,2025-10-28 12:08:38 WIB,widyarigga,"['selamat', 'sumpah', 'pemuda']",
DQVetJrk5Xh,2025-10-28 13:05:16 WIB,akmalreyhnth,"['bangga', 'pemuda', 'indonesia']",
DQVetJrk5Xh,2025-10-28 13:05:46 WIB,ann.wattimena,"['selamat', 'sumpah', 'pemuda']",
DQVetJrk5Xh,2025-10-28 13:08:53 WIB,nrkumalakn___,"['lahir', 'to', 'be', 'bangga', 'as', 'indonesia']",
DQVetJrk5Xh,2025-10-28 13:10:23 WIB,ran_nayainayah,"['alir', 'semangat', 'muda']",
DQVetJrk5Xh,2025-10-28 13:11:06 WIB,rajwaazhf,"['selamat', 'sumpah', 'pemuda']",
DQVetJrk5Xh,2025-10-28 13:13:27 WIB,presarioqalamm,"['selamat', 'sumpah', 'pemuda']",
DQVetJrk5Xh,2025-10-28 13:28:12 WIB,fachryandd,"['bangga', 'pemuda', 'indonesia']",
DQVetJrk5Xh,2025-10-28 13:46:00 WIB,nibrassy,"['selamat', 'sumpah', 'pemuda']",
DQVetJrk5Xh,2025-10-28 22:15:59 WIB,damaxrif,"['sumpah', 'pemuda', 'cermin', 'berani', 'anak', 'bangsa', 'beda']",
DQVetJrk5Xh,2025-11-04 10:12:27 WIB,evimomsabila,"['suka', 'gaya', 'komunikasi', 'suka']",
DQLxAJbk15p,2025-10-25 02:46:07 WIB,bellaaristas,"['rumah', 'daerah', 'ptc', 'surabaya', 'barat', 'air', 'keruh', 'kemaren']",
DQLxAJbk15p,2025-10-25 08:12:10 WIB,hafana_transport,['bagus'],
DQLxAJbk15p,2025-10-25 11:04:40 WIB,miftachul_retna,"['min', 'jambang', 'air', 'mati', 'sabtu', 'jam', 'siang', 'nyala', 'bayar', 'min']",
DQLxAJbk15p,2025-10-25 17:30:57 WIB,annishafs,"['kak', 'jambang', 'air', 'nyala', 'cm', 'jam']",
DQTN1kMk1z5,2025-10-27 15:30:42 WIB,garin06,"['medayu', 'air', 'mati']",
DQTN1kMk1z5,2025-10-28 08:01:24 WIB,irvydaniara,"['min', 'sambikerep', 'mati', 'air', 'gada', 'pemberitahuan']",
DQTN1kMk1z5,2025-10-28 09:55:42 WIB,marcelia_dini,"['mati', 'air', 'pagi', 'mandi', 'tayamum', 'sambikerep']",
DQTN1kMk1z5,2025-10-28 11:14:52 WIB,ariefmasduqi07,"['air', 'nang', 'sambikerep', 'min', 'berangkat', 'kerja', 'mandi', 'banyu', 'gak', 'sama sekali']",
DQTMF6XE7Cl,2025-10-27 16:11:06 WIB,ollaaqmryh,"['medok', 'ayu', 'mati']",
DQTMF6XE7Cl,2025-10-27 17:26:46 WIB,dolankesiniyuk,"['halo', 'min']",
DQTMF6XE7Cl,2025-10-27 17:27:25 WIB,dolankesiniyuk,"['area', 'medayu', 'air', 'mati']",
DQTMF6XE7Cl,2025-10-27 17:54:05 WIB,garin06,"['nyala', 'ya', 'gak', 'pemberitahuan', 'status', 'pdam', 'pemberitahuan']",
DQTMF6XE7Cl,2025-10-27 19:28:08 WIB,shiro.lenny,"['tolong', 'bantu', 'pipa', 'salur', 'air', 'bocor', 'habis', 'giat', 'warga', 'bersih', 'got', 'lapor', 'rabu', 'ga', 'tangan']",
DQTMF6XE7Cl,2025-10-28 00:14:18 WIB,ollaaqmryh,"['ya', 'medok', 'ayu', 'mati', 'tolong', 'tindak', 'dm', 'instagram', 'chat', 'wa', 'call', 'center', 'lambat', 'respon']",
DQTMF6XE7Cl,2025-10-28 02:44:42 WIB,lindapriskilar,"['min', 'ya', 'medayu', 'utara', 'minggu', 'mati', 'air', 'minggu', 'mati', 'gin', 'pemberitahuan', 'kaya', 'gin', 'tu', 'kompensasi', 'ta', 'min', 'cape', 'admin', 'proyek', 'kotak', 'culvert', 'mesti', 'mati', 'air']",
DQTMF6XE7Cl,2025-10-28 05:07:34 WIB,ollaaqmryh,"['kak', 'nyala', 'ya', 'air', 'ga', 'tidur', 'tunggu', 'air', 'nyala', 'malam']",
DQTMF6XE7Cl,2025-10-28 05:52:20 WIB,lindapriskilar,"['iya', 'nyala', 'malam', 'tp', 'lantai', 'rumah', 'lantai', 'kakak', 'ya']",
DQTMF6XE7Cl,2025-10-28 06:02:33 WIB,ollaaqmryh,"['ga', 'nyala', 'kakak', 'medayu']",
DQTMF6XE7Cl,2025-10-28 08:50:30 WIB,lindapriskilar,"['gang', 'sendiri bagi', 'air']",
DQTMF6XE7Cl,2025-10-28 10:04:31 WIB,ollaaqmryh,"['mati', 'ya', 'kak']",
DQTMF6XE7Cl,2025-10-28 11:34:08 WIB,lindapriskilar,"['barusan', 'kak', 'tp', 'mati']",
DQTMF6XE7Cl,2025-10-28 15:46:47 WIB,lindapriskilar,"['moga', 'cepat', 'selesai', 'ya', 'min']",
DQTMF6XE7Cl,2025-10-28 20:42:04 WIB,shiro.lenny,"['kalo', 'tanggap', 'ga', 'smp', 'komen', 'instagram', 'makasih']",
DQTMF6XE7Cl,2025-10-29 12:09:18 WIB,shiro.lenny,"['kemarin', 'malam', 'jam', 'terima', 'kasih']",
DQS9mzaEw-b,2025-10-27 10:02:41 WIB,mhmdrizkyy12._,"['tau', 'sejarah', 'listrik', 'terima kasih', 'pdam']",
DQWUoiYkzuI,2025-10-29 14:59:04 WIB,mrarie,"['jam', 'nyala']",
DQWUoiYkzuI,2025-10-29 17:54:54 WIB,rewi.18,"['moga', 'malam', 'alir', 'air']",
DQWUoiYkzuI,2025-10-29 18:20:50 WIB,puputdeka_17,"['bangil', 'min', 'mati']",
DQWUoiYkzuI,2025-10-29 19:42:47 WIB,diannur7,"['jam', 'nyala']",
DQWUoiYkzuI,2025-10-29 20:28:19 WIB,diannur7,"['barusan', 'nyala', 'alir', 'nyala', 'terima', 'kasih', 'moga', 'tim', 'pipa', 'sehat', 'selamat']",
DQWUoiYkzuI,2025-11-01 08:04:29 WIB,rosarahmasari,"['kraton', 'gerong', 'mati', 'total', 'nyala']",
DQWiWq1k_n3,2025-10-29 18:07:14 WIB,anggachristianhananta,"['layan', 'prima', 'wujud', 'kerja', 'nyata']",
DQYeUX4k85g,2025-10-29 13:37:19 WIB,budiwiratmo,"['kak', 'min', 'lapor', 'warga', 'gayungsari', 'barat', 'keluh', 'air', 'pdam', 'mati kecil', 'pipa', 'rusak', 'akibat', 'gali', 'kotak', 'culvert', 'lalu lintas', 'lampu', 'gayungsari', 'barat', 'makasih', 'min']",
DQYeUX4k85g,2025-10-29 14:50:06 WIB,damaxrif,"['sehat', 'tugas', 'pam', 'surya', 'sembada', 'moga', 'lancar', 'kerja']",
DQYeUX4k85g,2025-10-29 16:56:52 WIB,budiwiratmo,"['kak', 'min', 'kontraktor', 'gali', 'kotak', 'culvert', 'pipa', 'rusak', 'lalu lintas', 'lampu', 'jalan', 'gayungsari', 'barat', 'mohon', 'bantu', 'warga', 'keluh', 'kak', 'min']",
DQYeUX4k85g,2025-10-29 18:05:05 WIB,anggachristianhananta,"['juang', 'air', 'tugas', 'pam', 'surya', 'sembada', 'kota', 'surabaya']",
DQYeUX4k85g,2025-10-29 18:41:57 WIB,budiwiratmo,"['matur', 'respon', 'bantu', 'kak', 'min', 'tim']",
DQYeUX4k85g,2025-10-29 19:14:12 WIB,arsitadesi,"['min', 'air', 'gayung', 'kah', 'ya']",
DQYeUX4k85g,2025-10-30 20:26:58 WIB,budiwiratmo,"['warga', 'keluh', 'air', 'pdam', 'mati', 'rusa', 'tangan', 'terima', 'kasih']",
DQYeUX4k85g,2025-10-30 20:41:12 WIB,akmalreyhnth,['gercep'],
DQYeUX4k85g,2025-10-31 16:48:41 WIB,budiwiratmo,"['terima', 'kasih', 'respon', 'bantu', 'cepat']",
DQYeUX4k85g,2025-11-03 16:49:26 WIB,j3frinya,"['bangun', 'gak']",
DQGDe55kxu-,2025-10-22 16:51:20 WIB,katonsetyawan,"['kebraon', 'air', 'jam', 'air']",
DQLWM3Sk4tz,2025-10-24 21:54:28 WIB,frans_jeremyoriental12,"['daerah', 'rungkut', 'mapan', 'kena', 'dampak', 'kah']",
DQLWM3Sk4tz,2025-10-24 21:54:55 WIB,frans_jeremyoriental12,"['mohon', 'cepat', 'rwspons']",
DQLWM3Sk4tz,2025-10-25 17:27:26 WIB,nurissfarra,"['kak', 'bulak', 'rukem', 'timur', 'gak', 'air']",
DQLWM3Sk4tz,2025-10-31 11:14:15 WIB,bayuhadileksana,"['terima kasih', 'pdam']",
DQJNTI4k5PD,2025-10-23 17:48:59 WIB,lovia_shop,"['bulak', 'rukem', 'timur', 'kena', 'ga', 'min']",
DQJNTI4k5PD,2025-10-23 19:05:28 WIB,sariwkartika,[],
DQJNTI4k5PD,2025-10-23 20:57:53 WIB,deviepuspitasari92,"['bagus', 'kabar', 'biar', 'orang', 'ky']",
DQJNTI4k5PD,2025-10-24 16:22:07 WIB,a.adiprima,"['dukuh', 'setro', 'gading', 'lebak', 'dampak']",
DQJNTI4k5PD,2025-10-24 17:58:02 WIB,_cindiari,"['tambak', 'rejo', 'ga', 'kena', 'ya', 'min']",
DQJNTI4k5PD,2025-10-24 18:22:46 WIB,arjunkhan1982,"['mampir', 'camat', 'sukolilo', 'kena', 'dampak', 'bahan', 'kedung', 'baruk', 'batas', 'kali', 'brantas']",
DQJNTI4k5PD,2025-10-24 20:23:20 WIB,ridho_fikri1999,"['bulak', 'kenjeran', 'dampak', 'min']",
DQJNTI4k5PD,2025-10-24 20:29:43 WIB,yudaferrymahendra,"['besok', 'seng', 'g', 'banyu']",
DQJNTI4k5PD,2025-10-24 20:38:36 WIB,yesinovita,"['rumah', 'sapphire', 'yak']",
DQJNTI4k5PD,2025-10-24 20:53:19 WIB,virmameisaroh,"['rumah', 'sapphire', 'gak', 'orang', 'coba', 'benowo', 'deh', 'me']",
DQJNTI4k5PD,2025-10-24 20:59:16 WIB,yesinovita,"['siang', 'benowo', 'malam', 'sapphire', 'biar', 'adil']",
DQJNTI4k5PD,2025-10-25 06:46:58 WIB,angelita_permata_lai_boeng,"['bulak', 'banteng', 'dampak', 'ya']",
DQJNTI4k5PD,2025-10-25 08:35:19 WIB,milaarsita3,"['kalikepiting', 'dampak', 'min']",
DQJNTI4k5PD,2025-10-25 09:50:21 WIB,iis_chiedoel,"['ganggu', 'daerah', 'tambak', 'takut']",
DQJNTI4k5PD,2025-10-25 10:20:50 WIB,choky_pokoke_mancing,"['jam', 'mati', 'air']",
DQJNTI4k5PD,2025-10-25 11:33:31 WIB,diniumar17,"['mantap', 'erti']",
DQJNTI4k5PD,2025-10-25 14:15:02 WIB,auliaachmad_afi,"['tambak', 'takut', 'jam', 'min', 'sek', 'mati', 'air']",
DQJNTI4k5PD,2025-10-25 16:24:32 WIB,nurissfarra,"['bulak', 'rukem', 'mati', 'timur', 'air', 'gak']",
DQJNTI4k5PD,2025-10-25 16:47:57 WIB,arjunkhan1982,"['terima kasih', 'informasi']",
DQGVfPcDqP7,2025-10-22 16:14:37 WIB,bitsab34,"['suka', 'banget', 'mati', 'air', 'ga', 'informasi kebraon', 'kebraon']",
DQGVfPcDqP7,2025-10-22 16:16:17 WIB,ella_nurlailiyah,"['bongkar', 'madina', 'luhur', 'bu']",
DQGVfPcDqP7,2025-10-22 16:21:37 WIB,bitsab34,"['ya', 'minimal', 'mah', 'informasi', 'buinimah']",
DQJQbH4E2GE,2025-10-23 16:25:52 WIB,ikayuniasih,"['daerah', 'simo', 'gunung', 'siang', 'mati', 'air']",
DQJQbH4E2GE,2025-10-24 07:25:48 WIB,nandaayu_am,"['mati', 'kasihan', 'usaha', 'penatu', 'kalo', 'air', 'mati']",
DQLEvfGE2xc,2025-10-24 08:15:35 WIB,mhmdrizkyy12._,"['selamat', 'dokter']",
DQLEvfGE2xc,2025-10-24 08:21:49 WIB,_frscarts,"['selamat', 'dokter', 'nasional']",
DQSogplE0iS,2025-10-27 08:10:41 WIB,aaffuuck,"['lidah', 'kulon', 'estimasi', 'kerja', 'min']",
DQSogplE0iS,2025-10-28 06:29:32 WIB,rini_arek_lmjg,"['maaf', 'jalan', 'raya', 'bungkal', 'sambikerep', 'air', 'mati', 'ya', 'info', 'mati']",
DQIqAzuk46h,2025-10-23 11:45:30 WIB,surabayabertaqwa,['biar'],
DQIqAzuk46h,2025-10-23 11:51:41 WIB,sukmaa.jaa,['ganggu'],
DQIqAzuk46h,2025-10-23 11:53:33 WIB,wii1i,"['pbi', 'gatal']",
DQIqAzuk46h,2025-10-23 11:55:18 WIB,eha57461,"['besok', 'mati', 'rejosari', 'benowo', 'mati', 'y']",
DQIqAzuk46h,2025-10-23 11:58:08 WIB,eha57461,"['debit', 'air', 'd', 'rumah', 'pasang', 'kotak', 'culvert', 'pelan', 'banget', 'rumah', 'selesai', 'd', 'aspal', 'tp', 'air', 'e', 'bikin', 'jengkel']",
DQIqAzuk46h,2025-10-23 11:58:17 WIB,rrydwnt,"['ya', 'allah', 'minggu', 'kemarin', 'mati', 'lo', 'jumat']",
DQIqAzuk46h,2025-10-23 12:01:38 WIB,no_vellia,"['mati', 'rajin', 'mati', 'air', 'mbok', 'ya', 'air', 'gratis']",
DQIqAzuk46h,2025-10-23 12:15:25 WIB,chella.o,[],
DQIqAzuk46h,2025-10-23 12:45:37 WIB,nurriya70,"['mem', 'ojok', 'mati', 'min']",
DQIqAzuk46h,2025-10-23 13:06:05 WIB,aal_iyaah111,"['ta', 'min', 'minggu', 'pdam', 'mati', 'bicara', 'lak', 'jancok', 'pbi', 'salah', 'air', 'larang', 'mati', 'mati']",
DQIqAzuk46h,2025-10-23 13:36:18 WIB,for_siahaan,"['dampak', 'mem', 'ga', 'min']",
DQIqAzuk46h,2025-10-23 16:28:45 WIB,pradiptarnd,"['mem', 'dampak', 'tolong', 'informasi', 'mohon']",
DQIqAzuk46h,2025-10-23 16:33:34 WIB,diazraaa,"['palm', 'mem', 'dampak', 'ga', 'min', 'hobi', 'mati', 'air', 'min', 'min']",
DQIqAzuk46h,2025-10-23 18:07:17 WIB,agung_lintank,"['daerah', 'jalan', 'kaum', 'masak', 'sabtu minggu', 'mati', 'air', 'lapor', 'call', 'center', 'tugas', 'periksa', 'minggu', 'pagi', 'mohon', 'perhati', 'terima', 'kasih']",
DQIqAzuk46h,2025-10-23 18:44:24 WIB,candradwitiwi,"['tolong', 'respon', 'pdam', 'cepat', 'warga', 'air', 'lapor', 'kali', 'tugas', 'pdam', 'rumah']",
DQIqAzuk46h,2025-10-23 20:57:49 WIB,mayaprmtsr,"['makasih', 'min', 'informasi']",
DQIqAzuk46h,2025-10-23 23:16:39 WIB,natnu.tt,"['pbi', 'tiap hari', 'admin', 'lak']",
DQIqAzuk46h,2025-10-24 00:19:03 WIB,yynt_sec,"['mem', 'mati']",
DQIqAzuk46h,2025-10-24 03:00:17 WIB,ryulhannamaria,"['hobi', 'mati', 'air', 'kompensasi', 'air', 'gratis']",
DQIqAzuk46h,2025-10-24 05:07:55 WIB,nurianti_dwie,"['griya', 'citra', 'asri', 'mudah', 'mudah', 'dampak']",
DQIqAzuk46h,2025-10-24 06:09:31 WIB,rudipriyanto1983,"['pdam', 'pasang', 'pdam', 'makan', 'angin']",
DQIqAzuk46h,2025-10-24 06:15:03 WIB,orenjiiiiiii__,['minggu'],
DQIqAzuk46h,2025-10-24 16:12:57 WIB,febridhaayu,"['selesai', 'kah']",
DQIqAzuk46h,2025-10-24 16:15:18 WIB,febridhaayu,"['info', 'daerah', 'jarang', 'air', 'mati', 'pindah', 'cari', 'kontra']",
DQIqAzuk46h,2025-10-24 18:44:53 WIB,febridhaayu,['nyala'],
DQIqAzuk46h,2025-10-24 19:57:36 WIB,aburamadhan,"['sek', 'kemarin', 'loh', 'mati', 'mati', 'parah', 'parah', 'mandi', 'banyu', 'selokan']",
DQIqAzuk46h,2025-11-04 23:50:13 WIB,dhana_saja,"['min', 'pdam', 'pondok', 'benowo', 'indah', 'air', 'pelan']",
DQIqAzuk46h,2025-11-05 15:42:55 WIB,dhana_saja,"['pondok', 'benowo', 'indah', 'min']",
DQIqAzuk46h,2025-10-23 09:46:39 WIB,dewagstin,"['hidup', 'pdam', 'hidup']",
DQIqAzuk46h,2025-10-23 09:49:03 WIB,miftachul_retna,"['air', 'pdam', 'jambang', 'mati', 'min', 'jambang', 'kepung', 'kerja', 'gali', 'gorong-gorong', 'air', 'normal', 'resah', 'langgan', 'bayar', 'mahal']",
DQIqAzuk46h,2025-10-23 09:50:03 WIB,alefauzann,['mati'],
DQIqAzuk46h,2025-10-23 09:59:23 WIB,dahayubymega,"['karah', 'mati', 'subuh', 'nyala']",
DQIqAzuk46h,2025-10-23 10:10:19 WIB,erryseptiawan,"['mati', 'air', 'jos']",
DQIqAzuk46h,2025-10-23 10:18:29 WIB,iwanngono,"['mem', 'ga', 'dampak', 'ya']",
DQIqAzuk46h,2025-10-23 10:21:55 WIB,chandihale,"['kendung', 'kena']",
DQIqAzuk46h,2025-10-23 10:22:27 WIB,chandihale,['kerja'],
DQIqAzuk46h,2025-10-23 10:28:56 WIB,rawnyy_,"['kandang', 'kena', 'dampak', 'admin']",
DQIqAzuk46h,2025-10-23 10:46:35 WIB,yolandaayurotania,"['debit', 'air', 'normal', 'ya', 'min']",
DQIqAzuk46h,2025-10-23 11:07:48 WIB,myrnabudi,['opo'],
DQIqAzuk46h,2025-10-23 11:31:11 WIB,miftachul_retna,"['tau', 'pipa', 'pdam', 'y', 'gali', 'min', 'bayar', 'telat', 'kena', 'denda', 'tp', 'air', 'mati']",
DQIqAzuk46h,2025-10-23 11:40:59 WIB,nurul_lailatul_chasanah,"['hobi', 'banget', 'mati', 'air', 'ya', 'admin', 'jadwal']",
DP5Xm_LEab6,2025-10-17 11:29:08 WIB,dhtyabmntr,"['wih', 'ngeri']",
DP5Xm_LEab6,2025-10-18 17:37:36 WIB,its_ngejreng,['keren'],
DP52tOrE9Bz,2025-10-17 16:54:55 WIB,mhmdrizkyy12._,['hbd'],
DP52tOrE9Bz,2025-10-17 17:30:57 WIB,adrian_0531,"['min', 'tolong', 'cek', 'dm']",
DP52tOrE9Bz,2025-10-17 18:07:14 WIB,fajrianimaidi,"['mohon', 'bantu', 'cek', 'dm', 'kak']",
DP5OsWokxjf,2025-10-17 11:23:19 WIB,r1c0_05,"['maaf', 'maksud', 'pipa', 'pdam', 'pecah', 'ya']",
DP5OsWokxjf,2025-10-17 12:26:50 WIB,rienz_128,[],
DP5OsWokxjf,2025-10-17 12:38:34 WIB,kayla_afiqa,"['opo', 'gak']",
DP5OsWokxjf,2025-10-17 13:03:40 WIB,tatangkusmargono,"['pipa', 'pdam', 'posting', 'biar', 'wewenang', 'analisis', 'info']",
DP5OsWokxjf,2025-10-17 13:03:46 WIB,rini_prames,"['logika', 'lek', 'pipa', 'pertamina', 'gak', 'jero', 'sungai', 'sungai', 'opo', 'keri', 'opo']",
DP5OsWokxjf,2025-10-17 13:11:11 WIB,subahan_hadi,['lapindo'],
DP5OsWokxjf,2025-10-17 13:47:09 WIB,falina_hijab,['sembur'],
DP5OsWokxjf,2025-10-17 13:57:01 WIB,achmadkiyono,"['reta', 'kerak', 'bumi', 'akibat', 'muncul', 'gas', 'muka']",
DP5OsWokxjf,2025-10-17 14:23:08 WIB,iezmha_cemun,"['info', 'pipa', 'bocor']",
DP5OsWokxjf,2025-10-17 14:38:37 WIB,dp_adp,"['dasar', 'cari', 'google', 'kunci', 'daerah', 'bekas', 'tambang', 'minyak', 'surabaya', 'zaman', 'belanda', 'gunung', 'anyar', 'salah', 'daerah', 'daerah', 'kutisari', 'sembur', 'httpswwwsuarasurabayanetkelanakota num amat sembur di kutisari bekas bor minyak', 'kali', 'lidi', 'instansi', 'kait', 'moga', 'investigasi', 'laku']",
DP5OsWokxjf,2025-10-17 14:48:23 WIB,yulianitaika,['kak'],
DP5OsWokxjf,2025-10-17 15:02:06 WIB,senomardikanto,"['air', 'pdam', 'wilayah', 'surabaya', 'utara', 'air', 'keruh', 'bau', 'mohon', 'tindak lanjut', 'terima', 'kasih']",
DP5OsWokxjf,2025-10-17 15:08:54 WIB,ardhe_satya,"['tolong', 'minggu', 'air', 'keruh']",
DP5OsWokxjf,2025-10-17 16:55:43 WIB,kayla_afiqa,"['moga', 'bahaya']",
DP5OsWokxjf,2025-10-17 17:00:17 WIB,raniahboutique_sewabaju,"['banget', 'rumah', 'nih']",
DP5OsWokxjf,2025-10-17 17:28:45 WIB,chewy_586,"['lapindo', 'surabaya', 'kah']",
DP5OsWokxjf,2025-10-18 09:13:26 WIB,puthree_setiawan,"['sembur', 'min']",
DP5OsWokxjf,2025-10-27 15:16:31 WIB,hdpestoragestore,"['butuh', 'pipa', 'hdpe', 'aksesoris', 'hdpe', 'langsung', 'hubung', 'via', 'whatsapp', 'ya']",
DP6O35WE1xK,2025-10-18 21:35:31 WIB,shasa.cong,"['jam', 'ya', 'nyala']",
DP6O35WE1xK,2025-10-18 21:56:42 WIB,lee_chamoomilee,"['sih', 'min', 'bohong', 'ih', 'capek', 'bohong', 'admin', 'gitu', 'ya', 'air', 'tolong']",
DP6O35WE1xK,2025-10-18 21:59:45 WIB,rizkiyanura,"['jam', 'terima kasih']",
DP6O35WE1xK,2025-10-18 22:01:04 WIB,lee_chamoomilee,[],
DP6O35WE1xK,2025-10-18 22:01:06 WIB,lee_chamoomilee,"['orang', 'suruh', 'puasa', 'tahan', 'pake', 'air', 'astagfirullah', 'bayar', 'loh', 'gak', 'ikhlas', 'ya', 'bayar', 'air', 'mahal', 'kayak', 'gin', 'admin']",
DP6O35WE1xK,2025-10-18 22:24:14 WIB,wilda_novi,"['tolong', 'tindak', 'pdam', 'area', 'pbi', 'mati', 'kali', 'rugi', 'masyarakat', 'air', 'butuh', 'utama', 'tp', 'mati', 'warga', 'tandon', 'warga', 'sumur', 'mati', 'selesai', 'tolong', 'tindak lanjut']",
DP6O35WE1xK,2025-10-18 22:26:50 WIB,mayaprmtsr,"['min', 'jam', 'isi', 'tandon', 'air', 'alir']",
DP6O35WE1xK,2025-10-18 22:32:17 WIB,lila_linlin,"['terima', 'kasih']",
DP6O35WE1xK,2025-10-18 22:34:19 WIB,ha_llo01,"['iya', 'terima kasih', 'moga', 'besok', 'mati', 'air', 'krn', 'bak', 'kamar', 'mandi', 'alias', 'jeding', 'ku', 'air', 'coret', 'habis']",
DP6O35WE1xK,2025-10-18 22:35:36 WIB,mayaprmtsr,"['rwspons', 'nyala']",
DP6O35WE1xK,2025-10-18 22:40:07 WIB,diska_kristiani,"['ak', 'telepon', 'x', 'lapor', 'kait', 'kerja', 'd', 'telepon', 'x', 'templat', 'tolong', 'warga', 'pbi', 'air', 'g', 'jam', 'malam', 'khusus', 'g', 'pake', 'pompa air', 'g', 'tetea', 'g', 'malam', 'jam', 'subuh', 'nyala', 'kemaren', 'malam', 'detik', 'g', 'tolong']",
DP6O35WE1xK,2025-10-18 23:38:42 WIB,piupiusky,"['gurung', 'air', 'mem', 'tamansari', 'kering', 'fakk']",
DP6O35WE1xK,2025-10-18 23:40:59 WIB,aristo_rudin,"['nyala', 'air', 'bangsat']",
DP6O35WE1xK,2025-10-19 05:55:43 WIB,riadisugeng,"['warga', 'tinggal', 'dinding', 'xi', 'alami', 'senang', 'air', 'pdam', 'butuh', 'siang', 'malam', 'contoh', 'pagi', 'minggu', 'oktober', 'cuci', 'pakai', 'air', 'normal', 'giat', 'cuci', 'selesai', 'air', 'alir', 'air', 'pdam', 'rumah', 'sedot', 'pompa', 'air', 'tetangga', 'rutin', 'adu', 'tugas', 'tangan', 'ubah', 'bayar', 'rutin', 'layan', 'kecewa']",
DP6O35WE1xK,2025-10-19 06:05:44 WIB,refyrahma,"['info', 'mem', 'ya', 'ungsi']",
DP6O35WE1xK,2025-10-19 06:06:01 WIB,refyrahma,"['info', 'mem', 'ya', 'ungsi']",
DP6O35WE1xK,2025-10-19 06:06:32 WIB,refyrahma,"['nyala', 'ya', 'ungsi']",
DP6O35WE1xK,2025-10-19 06:06:48 WIB,refyrahma,"['mem', 'nyala']",
DP6O35WE1xK,2025-10-19 06:07:03 WIB,shasa.cong,['malam'],
DP6O35WE1xK,2025-10-19 06:08:11 WIB,refyrahma,"['kak', 'mem', 'nyala']",
DP6O35WE1xK,2025-10-19 06:09:11 WIB,refyrahma,"['info', 'nyala', 'ya']",
DP6O35WE1xK,2025-10-19 06:09:27 WIB,refyrahma,"['info', 'nyala', 'ya']",
DP6O35WE1xK,2025-10-19 06:09:45 WIB,refyrahma,"['info', 'mem', 'nyala']",
DP6O35WE1xK,2025-10-19 06:22:36 WIB,sugab_ojunip_farm_magetan,"['normal', 'kak']",
DP6O35WE1xK,2025-10-19 06:40:19 WIB,refyrahma,"['info', 'mem', 'ya']",
DP6O35WE1xK,2025-10-19 06:44:49 WIB,dikisvg,"['masak', 'ta', 'cak']",
DP6O35WE1xK,2025-10-19 07:33:24 WIB,ismiedf,"['tugas', 'gak', 'solusi', 'templat', 'salah', 'sambung', 'pipa', 'rumah', 'sumbat', 'logika', 'kalo', 'sumbat', 'air', 'ga', 'air', 'malam', 'tok', 'gak', 'logis']",
DP6O35WE1xK,2025-10-19 07:34:31 WIB,ismiedf,"['up', 'up', 'ayo', 'evaluasi', 'pdam']",
DP6O35WE1xK,2025-10-19 08:23:45 WIB,salsa_olshop1927,['kk'],
DP6O35WE1xK,2025-10-19 08:44:03 WIB,paniipannnn_,['nyala'],
DP6O35WE1xK,2025-10-19 09:11:01 WIB,natnu.tt,"['min', 'min', 'pbi', 'mati', 'air', 'gali', 'min']",
DP6O35WE1xK,2025-10-19 09:12:54 WIB,chella.o,"['pagi', 'debit', 'air', 'mati', 'tolong', 'min', 'debit', 'air', 'kasihan', 'warga', 'ga', 'tandon', 'air', 'pompa air', 'usaha', 'debit', 'air', 'pdam', 'buka']",
DP6O35WE1xK,2025-10-19 09:13:32 WIB,chella.o,"['area', 'pbi']",
DP6O35WE1xK,2025-10-19 10:58:14 WIB,d1_m_s.dms,['min'],
DP6O35WE1xK,2025-10-19 11:57:15 WIB,diska_kristiani,['mati'],
DP6O35WE1xK,2025-10-19 18:48:27 WIB,trisachrisma,"['malam', 'siang']",
DP6O35WE1xK,2025-10-18 19:35:17 WIB,ha_llo01,"['nyala', 'sih', 'tp', 'kran', 'rendah', 'alir', 'kran', 'kamar', 'mandi']",
DP6O35WE1xK,2025-10-18 19:45:47 WIB,natnu.tt,"['min', 'area', 'pbi', 'bom', 'nyala', 'air', 'gimana', 'min', 'normalisasi', 'air', 'pbi', 'jani', 'jam', 'kerja']",
DP6O35WE1xK,2025-10-18 19:53:41 WIB,jeksonpanjaitan91,"['jam', 'nyala', 'iya', 'stok', 'air', 'gak']",
DP6O35WE1xK,2025-10-18 19:57:28 WIB,natnu.tt,"['gratis', 'ga', 'min', 'bayar']",
DP6O35WE1xK,2025-10-18 20:14:11 WIB,rickychen_as,"['kerja', 'kerja']",
DP6O35WE1xK,2025-10-18 20:15:18 WIB,vicharomadhonawati,"['ayo', 'min', 'nyala', 'air', 'wilayah', 'sumberrejo', 'pakal']",
DP6O35WE1xK,2025-10-18 20:20:43 WIB,citraykrn,"['nyala', 'min']",
DP6O35WE1xK,2025-10-18 20:30:01 WIB,wii1i,"['pbi', 'air', 'min', 'kerja', 'jam', 'jam', 'air']",
DP6O35WE1xK,2025-10-18 20:35:17 WIB,lee_chamoomilee,"['astagfirullah', 'min', 'kabar', 'air', 'air', 'alir', 'estimasi', 'kurang lebih beberapa', 'jam', 'akurat', 'ya']",
DP6O35WE1xK,2025-10-18 20:36:26 WIB,lee_chamoomilee,"['min', 'gera', 'air', 'alir', 'kamar', 'mandi', 'kering', 'tandus', 'kayak', 'tanah', 'kena', 'air']",
DP6O35WE1xK,2025-10-18 20:54:55 WIB,thary1299,"['manuk', 'tanggal', 'oktober', 'jam', 'mati']",
DP6O35WE1xK,2025-10-18 20:55:07 WIB,diska_kristiani,"['telepon', 'pdam', 'ya', 'g', 'telepon', 'x', 'pake', 'd', 'rumah', 'aja', 'kendala', 'air', 'ya', 'sak', 'komplek', 'd', 'instagram', 'ya', 'rame', 'lapor', 'pura', 'tidak tahu', 'parah', 'e', 'g', 'nyala', 'sama sekali']",
DP6O35WE1xK,2025-10-18 20:57:01 WIB,diska_kristiani,"['pagi', 'malam', 'g', 'nyala', 'parah', 'air', 'nyala', 'malam', 'tok', 'jam', 'pagi', 'parah', 'e', 'banget', 'pagi', 'jam', 'g', 'nyala', 'sama sekali', 'tetea', 'kran', 'buka', 'ak', 'g', 'isa', 'masak', 'g', 'mandi', 'g', 'cuci', 'g', 'bersih']",
DP6O35WE1xK,2025-10-18 21:01:30 WIB,izdiharuddinm,"['min', 'area', 'gbipbi', 'bleng', 'ga', 'nyala', 'pagi', 'malam', 'kran', 'ku', 'tidak keluar', 'banyu', 'sama sekali', 'sabtu', 'sabtu', 'lapo', 'lapo']",
DP6O35WE1xK,2025-10-18 21:03:12 WIB,wii1i,"['kerja', 'e', 'bumd', 'bumn', 'jarang', 'beres', 'monopoli', 'sak', 'e', 'kerja']",
DP6O35WE1xK,2025-10-18 21:19:06 WIB,wii1i,"['gitu', 'jam', 'pagi', 'kerja', 'selesai', 'jam', 'kerja', 'normalisasi']",
DP6O35WE1xK,2025-10-18 21:20:11 WIB,oracabuloradenji,"['denda', 'semangat', 'gilir', 'banyu', 'mati', 'lot', 'kendung', 'benah']",
DP6O35WE1xK,2025-10-18 21:22:59 WIB,abiddinsy,"['molor', 'admin', 'tolong', 'malam', 'nyala', 'tagih', 'gak', 'bayar']",
DP6O35WE1xK,2025-10-18 15:32:24 WIB,wildanrobih,"['nyala', 'ya']",
DP6O35WE1xK,2025-10-18 15:34:36 WIB,hesacru,"['pondok', 'benowo', 'indah', 'air']",
DP6O35WE1xK,2025-10-18 16:20:23 WIB,refyrahma,"['halo', 'min', 'mati', 'ya', 'daerah', 'mem']",
DP6O35WE1xK,2025-10-18 16:24:51 WIB,ellenia_nia,"['parah', 'sek', 'nyala']",
DP6O35WE1xK,2025-10-18 16:25:51 WIB,tyaa.nanin,"['sore', 'nyala', 'air']",
DP6O35WE1xK,2025-10-18 16:29:53 WIB,nine_wanda,"['air', 'daerah', 'benowo', 'nyala', 'gimana']",
DP6O35WE1xK,2025-10-18 16:32:15 WIB,yudyrukmana,['alir'],
DP6O35WE1xK,2025-10-18 16:33:26 WIB,irinearyani,"['pantau', 'set', 'sore', 'pbi', 'nyala', 'min', 'air']",
DP6O35WE1xK,2025-10-18 16:34:20 WIB,yudyrukmana,"['sore', 'alir', 'pakal', 'benowo']",
DP6O35WE1xK,2025-10-18 16:48:16 WIB,rizkyberry15,"['gak', 'tau', 'mandi', 'komen', 'cak']",
DP6O35WE1xK,2025-10-18 16:53:06 WIB,34_abadi,"['selamat', 'sore', 'ngadimin', 'hormat', 'sore', 'air', 'wilayah', 'surabaya', 'barat', 'mem', 'pondok', 'benowo', 'indah', 'alir']",
DP6O35WE1xK,2025-10-18 16:54:55 WIB,nurul_lailatul_chasanah,"['alir', 'estimasi', 'jam', 'kali', 'kalo', 'kasih', 'info', 'mepet']",
DP6O35WE1xK,2025-10-18 16:55:11 WIB,34_abadi,"['aktivitas', 'mck', 'mohon', 'up', 'kerja', 'larut', 'kasihan', 'rumah', 'pakai', 'tandon', 'habis', 'kalo']",
DP6O35WE1xK,2025-10-18 16:55:48 WIB,i.nafsi,"['nyala', 'ya', 'ampun']",
DP6O35WE1xK,2025-10-18 16:57:35 WIB,_rindaputri,"['air', 'bom', 'nyala', 'sih', 'admin']",
DP6O35WE1xK,2025-10-18 17:11:26 WIB,refyrahma,[],
DP6O35WE1xK,2025-10-18 17:12:24 WIB,refyrahma,"['tolong', 'admin', 'gimana', 'mem', 'air', 'ga', 'nyala', 'habis', 'air']",
DP6O35WE1xK,2025-10-18 17:14:45 WIB,elizafirdausi,"['min', 'ko', 'mati', 'ya']",
DP6O35WE1xK,2025-10-18 17:15:27 WIB,ismiedf,"['jahat', 'banget', 'estimasi', 'jam', 'selesai', 'pagi', 'ga', 'nyala', 'ga', 'ajar', 'ta', 'kalo', 'bohong', 'dosa', 'direksi', 'gak', 'evaluasi', 'ta', 'cek']",
DP6O35WE1xK,2025-10-18 17:17:32 WIB,malll_muhammad,"['mem', 'sore', 'mati']",
DP6O35WE1xK,2025-10-18 17:20:08 WIB,retno_sulistiyoningsih,"['sore', 'min', 'sabtu', 'oktober', 'jam', 'permisi', 'kerja', 'selesai', 'air', 'langka', 'lingkung', 'mem', 'tolong', 'maksimal', 'lancar', 'makasih']",
DP6O35WE1xK,2025-10-18 17:33:51 WIB,me.mitha0205,"['siang', 'nyala', 'mati', 'maksud', 'gimana', 'sih', 'min']",
DP6O35WE1xK,2025-10-18 17:37:54 WIB,elwiedha,"['he', 'min', 'klakahrejo', 'mati', 'niat', 'ta', 'gak']",
DP6O35WE1xK,2025-10-18 17:40:34 WIB,rinaldibenowo,"['jam', 'tp']",
DP6O35WE1xK,2025-10-18 17:43:22 WIB,chanisna,"['ya', 'rumah', 'air', 'g']",
DP6O35WE1xK,2025-10-18 17:46:35 WIB,paniipannnn_,"['mem', 'mati', 'tolong']",
DP6O35WE1xK,2025-10-18 17:47:05 WIB,agung_lintank,"['masak', 'sabtu minggu', 'pdam', 'mati', 'daerah', 'kaum', 'mohon', 'tindak', 'meter', 'jalan', 'air', 'mati', 'terima', 'kasih']",
DP6O35WE1xK,2025-10-18 17:48:04 WIB,agung_lintank,"['daerah', 'kaum', 'gitu', 'minggu']",
DP6O35WE1xK,2025-10-18 17:53:26 WIB,cynthia_larasati15,"['mati', 'air', 'mem']",
DP6O35WE1xK,2025-10-18 17:54:15 WIB,salsa_olshop1927,"['mati', 'ya', 'air', 'mem']",
DP6O35WE1xK,2025-10-18 17:58:27 WIB,indie_riawan,"['gimana', 'min', 'air', 'jam', 'detik', 'payah', 'pdam', 'warga', 'susah']",
DP6O35WE1xK,2025-10-18 18:01:40 WIB,mandaaa.rn,"['kak', 'kudu', 'mantau', 'ate', 'masak', 'mantau', 'ate', 'mandi', 'mantau', 'a']",
DP6O35WE1xK,2025-10-18 18:03:25 WIB,ha_llo01,"['mati', 'ya', 'sabtu', 'area', 'pondok', 'benowo', 'indah', 'kampung', 'bur']",
DP6O35WE1xK,2025-10-18 18:06:20 WIB,jeksonpanjaitan91,"['ganggu', 'jancok']",
DP6O35WE1xK,2025-10-18 18:06:38 WIB,jeksonpanjaitan91,"['air', 'bom', 'jalan']",
DP6O35WE1xK,2025-10-18 18:09:27 WIB,sektaboss,"['alir', 'nyala']",
DP6O35WE1xK,2025-10-18 18:21:49 WIB,eviaprilias,"['min', 'air', 'mem', 'mati', 'loh', 'pikir', 'siang', 'e', 'sore', 'normal', 'mati', 'min', 'cuci', 'ku', 'tumpuk', 'min', 'nek', 'mati', 'e', 'sampek', 'besok', 'min']",
DP6O35WE1xK,2025-10-18 18:22:01 WIB,erryseptiawan,"['admin', 'bicara', 'selesai', 'nyata', 'banyu', 'nang', 'bablas', 'sak', 'tetes', 'kran', 'buka', 'pagi', 'berangkat', 'kerja', 'sampek', 'pulang', 'kerja', 'bak', 'ku', 'kosong']",
DP6O35WE1xK,2025-10-18 18:30:54 WIB,putrilisti_16,"['min', 'air', 'sek', 'nyala', 'sampek', 'ungsi', 'nak', 'rumah', 'e', 'orang tua']",
DP6O35WE1xK,2025-10-18 18:44:28 WIB,jack_noises,"['admin', 'nek', 'butuh', 'kerja', 'bakti', 'warga', 'kerja', 'pipa', 'bicara', 'ta', 'pegawai', 'banyu', 'sampek', 'admin']",
DP6O35WE1xK,2025-10-18 18:50:49 WIB,chella.o,"['nyata', 'd', 'lapang', 'air', 'stok', 'banyu', 'tipis', 'admin', 'garai', 'tagih', 'habis']",
DP6O35WE1xK,2025-10-18 19:00:51 WIB,erryseptiawan,"['kirim', 'dm', 'min']",
DP6O35WE1xK,2025-10-18 19:07:30 WIB,34_abadi,"['oalah', 'tau', 'kalo', 'barat', 'mentok', 'benowo']",
DP6O35WE1xK,2025-10-18 19:09:23 WIB,abiddinsy,"['bohong', 'si', 'admin', 'lapang', 'proses']",
DP6O35WE1xK,2025-10-18 19:09:35 WIB,34_abadi,"['halo', 'cak', 'neng', 'bu', 'informasi', 'tanggal', 'tanggal', 'jam', 'jam', 'gak', 'banyu', 'nobar', 'kecut', 'bos']",
DP6O35WE1xK,2025-10-18 19:12:35 WIB,34_abadi,"['min', 'buang', 'angin', 'kentut', 'ta', 'pagi', 'dorong', 'mandi', 'min', 'ngadimin', 'cuci', 'cuci', 'tumpuk', 'awak', 'kecut', 'nobar', 'lengket']",
DP6O35WE1xK,2025-10-18 09:37:05 WIB,rioade14,"['mandi', 'banyu', 'logo', 'komen']",
DP6O35WE1xK,2025-10-18 09:41:15 WIB,ayoerahayu111,"['mem', 'langgan', 'sih', 'min', 'lapor', 'mati', 'daerah', 'mem']",
DP6O35WE1xK,2025-10-18 09:42:14 WIB,hendrikvivi,"['nyala', 'air', 'sampek', 'ya']",
DP6O35WE1xK,2025-10-18 09:42:38 WIB,trisachrisma,"['nyala', 'ya', 'selesai']",
DP6O35WE1xK,2025-10-18 09:45:28 WIB,trisachrisma,"['daerah', 'mem']",
DP6O35WE1xK,2025-10-18 09:49:19 WIB,inspirasiku_racunshopee,"['sidorejo', 'pakal', 'air', 'nyala', 'min', 'gimana', 'wa', 'tanggap']",
DP6O35WE1xK,2025-10-18 09:58:13 WIB,indie_riawan,"['parah', 'air', 'uda', 'susah', 'rumah', 'warga']",
DP6O35WE1xK,2025-10-18 09:58:49 WIB,indie_riawan,"['air', 'jam', 'subuh', 'gak', 'payah']",
DP6O35WE1xK,2025-10-18 09:59:30 WIB,indie_riawan,"['parah', 'pdam', 'air', 'jam', 'debit', 'air']",
DP6O35WE1xK,2025-10-18 10:03:17 WIB,chizlava,"['nyala', 'loh', 'min']",
DP6O35WE1xK,2025-10-18 10:07:36 WIB,lalalililululalo,"['pagi', 'air', 'alir']",
DP6O35WE1xK,2025-10-18 10:13:28 WIB,me.mitha0205,"['min', 'barusan', 'nyala']",
DP6O35WE1xK,2025-10-18 10:16:22 WIB,paniipannnn_,"['mem', 'mati', 'air']",
DP6O35WE1xK,2025-10-18 10:23:13 WIB,poncoae,"['oke', 'min', 'terima', 'kasih', 'informasi']",
DP6O35WE1xK,2025-10-18 10:25:20 WIB,shinta_marsharosaline,"['paham', 'banget', 'kesal', 'ibu tadi', 'pagi', 'telepon', 'call', 'center', 'bilang', 'informasi', 'tanggal', 'tanggal', 'rajin', 'cek', 'instagram', 'pdam', 'biar', 'info']",
DP6O35WE1xK,2025-10-18 10:33:44 WIB,isnawatichoiruliyah,"['min', 'e', 'mari', 'rumah', 'jalan', 'sidorejo', 'pakal', 'banyu', 'sampek', 'jam', 'sek', 'mati']",
DP6O35WE1xK,2025-10-18 10:53:04 WIB,mhmddidits,"['opo', 'pbi', 'gak', 'nyala', 'gak', 'bayar', 'air']",
DP6O35WE1xK,2025-10-18 11:23:47 WIB,mochyusufghanii,"['nyala', 'kaum']",
DP6O35WE1xK,2025-10-18 11:26:17 WIB,aaaudiye_lyv,"['gimana', 'min', 'ya', 'allah', 'tanggal', 'gak', 'nyala', 'sama sekali', 'ki', 'min', 'air', 'sumber', 'hidup', 'min', 'beli', 'galon', 'mandi', 'bab', 'keluarga', 'kek', 'opo', 'min', 'anak', 'balita', 'butuh', 'air']",
DP6O35WE1xK,2025-10-18 11:26:19 WIB,no_vellia,"['rumah', 'bandarejo', 'minggu', 'banyu', 'e', 'kadang', 'sama sekali', 'sumpah', 'bacut', 'pdam']",
DP6O35WE1xK,2025-10-18 11:29:18 WIB,rizkiyanura,"['mem', 'nyala']",
DP6O35WE1xK,2025-10-18 11:38:53 WIB,wildanrobih,"['nyala', 'ya']",
DP6O35WE1xK,2025-10-18 11:40:39 WIB,isnawatichoiruliyah,"['min', 'nyala', 'banyu', 'sidorejo', 'pakal', 'call', 'center', 'wa', 'chat', 'proses', 'stok', 'banyu', 'ku', 'tip', 'tolong', 'respons', 'min']",
DP6O35WE1xK,2025-10-18 11:40:53 WIB,wildanrobih,"['mimpi', 'land', 'pondok', 'benowo', 'indah', 'nyala']",
DP6O35WE1xK,2025-10-18 11:42:03 WIB,lila_linlin,"['pbi', 'ad', 'nyala', 'mati', 'lancar', 'air']",
DP6O35WE1xK,2025-10-18 12:06:38 WIB,chizlava,"['kandang', 'nyala']",
DP6O35WE1xK,2025-10-18 12:20:14 WIB,ellythonggg,"['nyala', 'min']",
DP6O35WE1xK,2025-10-18 12:27:53 WIB,34_abadi,"['selamat', 'siang', 'air', 'wilayah', 'pbi', 'kecut', 'mandi', 'perut', 'mules', 'mohon', 'tindak lanjut', 'biar', 'mandi', 'orang', 'terima kasih']",
DP6O35WE1xK,2025-10-18 12:51:09 WIB,padelita.cr,"['nyala', 'ta']",
DP6O35WE1xK,2025-10-18 12:54:07 WIB,dhana_saja,['normal'],
DP6O35WE1xK,2025-10-18 13:03:51 WIB,ayusari8667,"['pbi', 'nyala', 'tolong', 'tangan', 'banyu', 'sama sekali', 'min']",
DP6O35WE1xK,2025-10-18 13:05:21 WIB,bekam_sby,"['seng', 'daerah', 'bandarejo', 'admin', 'normalisasi', 'butuh', 'jam', 'tolong', 'min', 'sak', 'no', 'bayi', 'parah']",
DP6O35WE1xK,2025-10-18 13:08:14 WIB,np.ajeng,"['daerah', 'bandarsari', 'nyala', 'nyala', 'dpt', 'baskom', 'air', 'butek']",
DP6O35WE1xK,2025-10-18 13:12:20 WIB,nrhasanah39,"['hawa', 'panas', 'banyu', 'mati']",
DP6O35WE1xK,2025-10-18 13:20:40 WIB,suksessportsby,"['panas', 'nyala']",
DP6O35WE1xK,2025-10-18 13:24:26 WIB,brambang.ireng,"['nyala', 'ya', 'area', 'mem']",
DP6O35WE1xK,2025-10-18 13:28:17 WIB,wii1i,"['air', 'pbi']",
DP6O35WE1xK,2025-10-18 13:45:51 WIB,shasa.cong,"['area', 'mem', 'nyala', 'ya', 'air']",
DP6O35WE1xK,2025-10-18 13:47:26 WIB,shasa.cong,"['informasi', 'mepet', 'habis', 'air', 'nyala']",
DP6O35WE1xK,2025-10-18 13:54:59 WIB,wildanrobih,['iya'],
DP6O35WE1xK,2025-10-18 13:56:18 WIB,shasa.cong,"['tolong', 'respons', 'mem', 'nyala', 'air']",
DP6O35WE1xK,2025-10-18 13:59:35 WIB,yosefinnathalia,"['kak', 'mem', 'nyala']",
DP6O35WE1xK,2025-10-18 14:44:21 WIB,inez_dvk,"['jam', 'sore', 'rumah', 'alir']",
DP6O35WE1xK,2025-10-18 14:47:16 WIB,sm4llc0rner,"['iya', 'kak', 'barusan', 'kendung', 'kaya', 'selesai']",
DP6O35WE1xK,2025-10-18 15:01:53 WIB,purnomosudaryanto,"['debit', 'air', 'lumayan']",
DP6O35WE1xK,2025-10-18 15:04:59 WIB,wildanrobih,['air'],
DP6O35WE1xK,2025-10-18 15:05:31 WIB,rudipriyanto1983,"['detik', 'area', 'pondok', 'benowo', 'indah', 'air', 'tetea']",
DP6O35WE1xK,2025-10-18 15:28:09 WIB,sugab_ojunip_farm_magetan,"['absen', 'min', 'mem', 'air', 'pagi', 'mandi']",
DP6O35WE1xK,2025-10-18 07:40:13 WIB,dannykrisd,"['air', 'mati']",
DP6O35WE1xK,2025-10-18 07:42:03 WIB,abiddinsy,"['kemarin', 'habis', 'bocor', 'min', 'parah']",
DP6O35WE1xK,2025-10-18 07:44:44 WIB,chizlava,"['pas', 'd', 'bungkal', 'mati', 'pindah', 'kandang', 'kena', 'serah']",
DP6O35WE1xK,2025-10-18 07:47:33 WIB,sektaboss,"['pagi', 'kemarin', 'selesai', 'pbi', 'mati', 'total', 'pakai', 'pompa air', 'aja', 'pagi', 'pagi', 'aktivitas', 'pagi']",
DP6O35WE1xK,2025-10-18 07:54:23 WIB,poncoae,"['nyala', 'air', 'min', 'hajat', 'susah', 'cari', 'air']",
DP6O35WE1xK,2025-10-18 07:57:32 WIB,fikars18,"['lanjur', 'tidur', 'mandi', 'banyu', 'min']",
DP6O35WE1xK,2025-10-18 07:58:28 WIB,salsa_olshop1927,"['kemarin', 'lanjur', 'tampung', 'mati', 'mati', 'mati', 'mati', 'jan', 'jan', 'sulit', 'tok']",
DP6O35WE1xK,2025-10-18 07:59:41 WIB,reyvan0963,"['mati', 'air', 'heran', 'tolong', 'selesai']",
DP6O35WE1xK,2025-10-18 07:59:59 WIB,yynt_sec,"['selesai', 'tolong', 'hawa', 'panas', 'air', 'mepet', 'air']",
DP6O35WE1xK,2025-10-18 08:12:26 WIB,embeecks.eblast,"['selesai', 'info', 'bocor', 'beberapa meter', 'kotak', 'petric', 'culvert', 'selesai', 'estimasi', 'jam', 'bocor', 'daerah', 'beji', 'beberapa meter']",
DP6O35WE1xK,2025-10-18 08:22:02 WIB,nophanophek,"['kerja', 'jadwal', 'gitu', 'info', 'dada', 'banyu', 'mati', 'nang', 'status', 'instagram', 'main', 'instagram', 'tah', 'lihat', 'instagram']",
DP6O35WE1xK,2025-10-18 08:25:44 WIB,chizlava,"['jam berapa', 'gusti']",
DP6O35WE1xK,2025-10-18 08:35:33 WIB,brambang.ireng,"['panas', 'panas', 'banyu', 'mati']",
DP6O35WE1xK,2025-10-18 08:37:48 WIB,wii1i,"['awas', 'molor', 'janji', 'jam', 'molor']",
DP6O35WE1xK,2025-10-18 08:39:00 WIB,hi_iniiaku,"['lihat', 'sek', 'warga', 'sing', 'hajat', 'ta', 'gak', 'data', 'lek', 'gak', 'angger', 'tidur', 'mati', 'air', 'sing', 'bongkar', 'pasang', 'koyok', 'roblox', 'lo', 'erti', 'gak']",
DP6O35WE1xK,2025-10-18 08:39:37 WIB,hi_iniiaku,"['mari', 'ta', 'panas', 'mati', 'mati']",
DP6O35WE1xK,2025-10-18 09:06:58 WIB,paniipannnn_,"['teman', 'mem', 'air', 'nyala']",
DP6O35WE1xK,2025-10-18 09:08:41 WIB,brambang.ireng,"['terima', 'kasih']",
DP6O35WE1xK,2025-10-18 09:11:21 WIB,yanianis33,"['hawa', 'panas', 'air', 'mati', 'moga']",
DP6O35WE1xK,2025-10-18 09:13:20 WIB,izza.nurulr26,"['lek', 'denda', 'langsung', 'gercep', 'lek', 'pipa', 'bolak', 'balek', 'tulung', 'lek', 'seng', 'ojok', 'bolak', 'air', 'butuh', 'vital', 'min']",
DP6O35WE1xK,2025-10-18 09:21:36 WIB,augselv_,"['pbi', 'nyala', 'min']",
DP6O35WE1xK,2025-10-18 09:23:34 WIB,bluegummm_,"['min', 'bandarejo', 'mem', 'air', 'mati', 'pagi', 'min', 'selesai']",
DP6O35WE1xK,2025-10-18 09:27:11 WIB,malll_muhammad,"['mem', 'mati', 'min']",
DP6O35WE1xK,2025-10-18 09:30:56 WIB,bluegummm_,"['admin', 'bandarejo', 'mem', 'air', 'mati', 'pagi', 'min', 'nyala']",
DP6O35WE1xK,2025-10-18 05:09:13 WIB,mega55639,['sulit'],
DP6O35WE1xK,2025-10-18 05:18:48 WIB,wii1i,"['ganggu', 'daerah', 'pipa', 'bocor', 'kali', 'madam', 'rumah', 'pompa', 'kali']",
DP6O35WE1xK,2025-10-18 05:20:30 WIB,rendrainmasgus,"['min', 'kayak', 'alas', 'pipa', 'bocor', 'min', 'kecewa', 'pas', 'akhir pekan', 'informasi', 'pas']",
DP6O35WE1xK,2025-10-18 05:21:34 WIB,alfaaz_onecare,"['benowo', 'nyala', 'siang', 'malam']",
DP6O35WE1xK,2025-10-18 05:22:21 WIB,wii1i,"['tulis', 'jam', 'mohon', 'asti', 'jam', 'dasar', 'perintah', 'ga', 'kerja']",
DP6O35WE1xK,2025-10-18 05:23:21 WIB,wii1i,"['mati', 'total', 'pbi', 'jam', 'malam']",
DP6O35WE1xK,2025-10-18 05:26:36 WIB,mochyusufghanii,"['bayar', 'telat', 'denda', 'lek', 'mati', 'serentak', 'maaf']",
DP6O35WE1xK,2025-10-18 05:33:44 WIB,mochyusufghanii,"['lek', 'mati', 'bayar', 'ojk', 'denda']",
DP6O35WE1xK,2025-10-18 05:41:00 WIB,augselv_,"['seng', 'kerja', 'bingung', 'tagih', 'banyu', 'diskon', 'ben', 'g', 'rugi', 'warga']",
DP6O35WE1xK,2025-10-18 05:54:37 WIB,me.mitha0205,"['mati', 'hidup', 'sih', 'pdam']",
DP6O35WE1xK,2025-10-18 05:55:21 WIB,bintu.ghanii_,"['klakah', 'rejo', 'mati', 'mati', 'info', 'malam', 'pas', 'jam', 'istirahat', 'bangun', 'air', 'mati', 'total', 'ga', 'rumah', 'tandon', 'air', 'susah', 'banget']",
DP6O35WE1xK,2025-10-18 05:56:36 WIB,me.mitha0205,"['iya', 'kalo', 'bicara', 'gampang', 'kak', 'tampung', 'tampung', 'air', 'hujan', 'ta', 'ya', 'musim', 'kemarau', 'gin', 'kirim', 'pasok', 'air', 'kudu', 'warga', 'gak', 'gampang', 'pdam', 'oh', 'pdam', 'kalo', 'tarif', 'denda', 'telat', 'no']",
DP6O35WE1xK,2025-10-18 06:01:17 WIB,chrizt_tien,"['prei', 'kerja', 'kumpul', 'nang', 'rumah', 'banyu', 'mati', 'anjay']",
DP6O35WE1xK,2025-10-18 06:14:58 WIB,andib.rhm,"['jam gin', 'sek', 'mati', 'berangkat', 'kerja', 'ga', 'mandi', 'min']",
DP6O35WE1xK,2025-10-18 06:16:51 WIB,nurriya70,"['efek', 'tidur', 'sore', 'gak', 'banyu', 'min']",
DP6O35WE1xK,2025-10-18 06:24:59 WIB,cynthia_larasati15,"['habis', 'sih', 'tolong', 'selesai', 'ya', 'timbul', 'malas', 'deh']",
DP6O35WE1xK,2025-10-18 06:29:52 WIB,mukhammad_fandi,"['latah', 'ta']",
DP6O35WE1xK,2025-10-18 06:36:44 WIB,riswandha95,"['kandang', 'pandansari', 'kena', 'dampak', 'min', 'rumah', 'pompa', 'kandang', 'suplai', 'mobil', 'tangki', 'air', 'gratis']",
DP6O35WE1xK,2025-10-18 06:38:59 WIB,ikacuby,"['griya', 'citra', 'asri', 'pdam', 'mati', 'sih', 'min', 'pagi']",
DP6O35WE1xK,2025-10-18 06:42:19 WIB,evinamegan,['jam'],
DP6O35WE1xK,2025-10-18 06:42:23 WIB,_dmzzz,"['warga', 'bayar', 'pdam', 'ganti', 'informasi', 'dadak']",
DP6O35WE1xK,2025-10-18 06:44:44 WIB,evinamegan,"['libur', 'niat', 'cuci', 'mati', 'air']",
DP6O35WE1xK,2025-10-18 06:53:54 WIB,lee_chamoomilee,"['info', 'min', 'estimasi', 'kurang lebih beberapa', 'jam', 'jam', 'kota', 'pelosok', 'susah', 'air', 'bayar', 'gratis']",
DP6O35WE1xK,2025-10-18 06:59:11 WIB,mila_miyaz,['selesai'],
DP6O35WE1xK,2025-10-18 07:00:05 WIB,mirzaland,['ulang'],
DP6O35WE1xK,2025-10-18 07:07:31 WIB,bekam_sby,"['gak', 'mati', 'tetes', 'sama sekali', 'nang', 'masjid', 'min', 'karo', 'ajak', 'bayi']",
DP6O35WE1xK,2025-10-18 07:08:16 WIB,_dewiaria,"['estimasi', 'nyala', 'jam']",
DP6O35WE1xK,2025-10-18 07:08:52 WIB,_dewiaria,"['rumah', 'anak', 'orang', 'tandon', 'air', 'krn', 'dadak', 'g', 'liat', 'instagram', 'pdam']",
DP6O35WE1xK,2025-10-18 07:10:44 WIB,angga.per,"['mati', 'pas', 'e', 'pesan']",
DP6O35WE1xK,2025-10-18 07:10:50 WIB,congkendro,"['pbi', 'jam', 'mati', 'kerja', 'suruh', 'cepet']",
DP6O35WE1xK,2025-10-18 07:12:28 WIB,hi_iniiaku,"['mota', 'mati', 'anjir', 'berangkat', 'kerja']",
DP6O35WE1xK,2025-10-18 07:17:13 WIB,mila_miyaz,"['kayak', 'komen']",
DP6O35WE1xK,2025-10-18 07:33:28 WIB,eviaprilias,"['min', 'kasih', 'jam', 'tidur', 'rencana', 'kasi', 'siang', 'biar', 'tampung', 'air', 'gin', 'tampung', 'banyu', 'iler', 'ta', 'min']",
DP6O35WE1xK,2025-10-18 07:33:47 WIB,rezky_2210,"['air', 'pagi']",
DP6O35WE1xK,2025-10-18 07:37:08 WIB,yolandaayurotania,"['pdam', 'hormat', 'mohon', 'selesai', 'debit', 'air', 'kali', 'mati', 'air', 'bu', 'bayang', 'posisi', 'tandon', 'ganggu', 'aktivasi', 'rumah', 'tangga']",
DP6O35WE1xK,2025-10-18 07:38:00 WIB,aburamadhan,['ganggu'],
DP6O35WE1xK,2025-10-17 19:14:50 WIB,lalalililululalo,[],
DP6O35WE1xK,2025-10-17 19:18:19 WIB,dewagstin,[],
DP6O35WE1xK,2025-10-17 19:19:35 WIB,lalalililululalo,"['bayar', 'dpt', 'diskon']",
DP6O35WE1xK,2025-10-17 19:25:37 WIB,yanianis33,['seh'],
DP6O35WE1xK,2025-10-17 19:34:53 WIB,eveline_fr,"['call', 'center', 'wa', 'pagi', 'malam', 'hubingi', 'jam', 'sibuk', 'balas']",
DP6O35WE1xK,2025-10-17 19:41:07 WIB,nyomudkecil_,"['ya', 'allah', 'kemarin', 'admin', 'ta', 'cerita']",
DP6O35WE1xK,2025-10-17 19:44:24 WIB,nyomudkecil_,"['tampung', 'opo', 'tampung', 'ganggu', 'kemarin', 'nyala', 'loh', 'ganggu', 'suruh', 'tampung', 'tampung', 'angin']",
DP6O35WE1xK,2025-10-17 19:50:12 WIB,inez_dvk,"['bayar', 'e', 'air', 'sulit']",
DP6O35WE1xK,2025-10-17 19:50:15 WIB,bekam_sby,"['bandarejo', 'dampak', 'ya']",
DP6O35WE1xK,2025-10-17 19:51:04 WIB,chella.o,"['mota', 'mati', 'kerja', 'rugi', 'warga', 'tagih', 'larang', 'banyu', 'mota', 'mati']",
DP6O35WE1xK,2025-10-17 20:04:16 WIB,indriyantiikaagustin,"['mati', 'min']",
DP6O35WE1xK,2025-10-17 20:09:41 WIB,eveline_fr,"['suda', 'wa', 'tolong', 'cek']",
DP6O35WE1xK,2025-10-17 20:31:36 WIB,natnu.tt,['pbi'],
DP6O35WE1xK,2025-10-17 21:08:27 WIB,mayaprmtsr,"['akhir pekan', 'kaya', 'gin']",
DP6O35WE1xK,2025-10-17 21:37:11 WIB,_dssy,"['mem', 'mem', 'seng', 'kemarin', 'sek', 'alir']",
DP6O35WE1xK,2025-10-17 21:38:15 WIB,_dssy,[],
DP6O35WE1xK,2025-10-17 21:45:34 WIB,thary1299,"['manuk', 'air', 'mati', 'pagi', 'oktober', 'malam', 'gak', 'nyala']",
DP6O35WE1xK,2025-10-18 00:02:05 WIB,thary1299,"['manuk', 'sma']",
DP6O35WE1xK,2025-10-18 04:00:01 WIB,cynthia_larasati15,"['pdam', 'mati', 'mati', 'aja']",
DP6O35WE1xK,2025-10-18 04:03:02 WIB,cynthia_larasati15,"['asa', 'heran', 'deh']",
DP6O35WE1xK,2025-10-18 04:34:22 WIB,lee_chamoomilee,"['informasi', 'mepet', 'ya', 'malam', 'tidur', 'bangun', 'bangun', 'petang', 'nyala', 'air', 'kamar', 'mandi', 'air', 'langsung', 'pikir', 'cek', 'instagram', 'pdam', 'tagih', 'air', 'ribu', 'kalo', 'total', 'juta', 'ribu', 'air', 'loh', 'ya', 'kondisi', 'air', 'nyala', 'jam', 'mati', 'ulang', 'mati', 'gak', 'rumah', 'tandon', 'air', 'sumur', 'kalo', 'andal', 'air', 'pdam', 'kalo', 'ya', 'sulit', 'kali', 'nama', 'rugi', 'tolong', 'bocor', 'pipa', 'kalo', 'tagih', 'murah', 'sih', 'oke', 'oke', 'aja', 'pakai', 'tagih', 'padan']",
DP6O35WE1xK,2025-10-18 04:39:43 WIB,wien_reyki,"['kabar', 'pasang', 'katup', 'babat', 'jerawat']",
DP6O35WE1xK,2025-10-18 04:49:58 WIB,daffaalzhafran,"['orang', 'tidur', 'bikin', 'mati', 'air', 'hebat']",
DP6O35WE1xK,2025-10-18 05:08:49 WIB,mega55639,"['estimasi', 'jam', 'bangun', 'tidur', 'mandi']",
DP5XKAwk8nC,2025-10-17 11:34:25 WIB,lindapriskilar,"['min', 'tolong', 'medok', 'ayu', 'utara', 'ya', 'ampun', 'min', 'air', 'ga', 'panas', 'banget', 'cuaca']",
DP5XKAwk8nC,2025-10-17 15:20:57 WIB,dephii_cute,"['jam', 'air', 'hidup', 'aktivitas', 'air']",
DP5XKAwk8nC,2025-10-17 16:48:10 WIB,lindapriskilar,"['selesai', 'ya', 'min']",
DP5XKAwk8nC,2025-10-17 17:41:49 WIB,dephii_cute,"['iya', 'nyala', 'alir', 'air', 'kemaren']",
DP5XKAwk8nC,2025-10-17 18:25:09 WIB,lindapriskilar,"['smp', 'min', 'tunggu', 'ya']",
DP5XKAwk8nC,2025-10-18 05:20:40 WIB,hendry_list,"['daerah', 'kandang', 'rejo', 'air', 'mati', 'min']",
DQVwjiUE6px,2025-10-28 12:15:01 WIB,nurivaivana,"['medayu', 'utara', 'sore', 'kemarin', 'mati', 'air', 'tolong']",
DQVwjiUE6px,2025-10-28 12:29:13 WIB,ollaaqmryh,"['kak', 'lihat', 'story', 'ya']",
DQVwjiUE6px,2025-10-28 12:31:30 WIB,nurivaivana,"['oh', 'iya', 'ya', 'mb', 'ya', 'allah', 'gak', 'air']",
DQVwjiUE6px,2025-10-28 12:38:33 WIB,yopi_apriyanto,"['air', 'rumah', 'nyala', 'iya']",
DQVwjiUE6px,2025-10-28 14:41:42 WIB,stuylei,"['sambikerep', 'ga', 'nyala', 'pagi', 'solusi']",
DQVwjiUE6px,2025-10-28 15:13:15 WIB,putriijams,"['daerah', 'pradah', 'air', 'mati', 'kemarin', 'sore', 'air']",
DQVwjiUE6px,2025-10-28 15:27:48 WIB,nurima_so7,"['iya', 'pagi', 'jual', 'gak']",
DQVwjiUE6px,2025-10-28 17:34:48 WIB,dwiwahyu.23,"['sambikerep', 'nyala', 'air', 'pagi', 'mandi', 'cuci', 'buang', 'air', 'sulit']",
DQVwjiUE6px,2025-10-28 18:50:14 WIB,marcelia_dini,"['sambikerep', 'pangan', 'loh', 'pipa', 'nek', 'kerja']",
DQVwjiUE6px,2025-10-28 18:50:20 WIB,marcelia_dini,"['kebelet', 'buang air besar']",
DQVwjiUE6px,2025-10-28 18:52:16 WIB,marcelia_dini,"['nek', 'erti', 'adu', 'sambikerep', 'dukuh', 'kapsan', 'mati', 'kudu', 'gercep', 'timbul', 'armada', 'to', 'banyu', 'pagi', 'lamun', 'peduli']",
DQVwjiUE6px,2025-10-28 19:22:16 WIB,harianto_eko94,"['sakit', 'daerah', 'sambikerep', 'air', 'pelan', 'mati', 'gak', 'ubah', 'pdam']",
DQVwjiUE6px,2025-10-28 22:24:54 WIB,cholifatussya,"['dukuh', 'kapas', 'pagi', 'nyala']",
DQVwjiUE6px,2025-10-28 22:26:17 WIB,cholifatussya,"['habis', 'banyu', 'dukuh', 'kapas', 'pagi', 'sampek', 'gak', 'nyala', 'air']",
DQVwjiUE6px,2025-10-29 07:28:00 WIB,albertfebriant,"['kutisari', 'kemarin', 'siang', 'pdam', 'ga', 'nyala']",
DQVwjiUE6px,2025-10-29 10:28:23 WIB,cholifatussya,"['alhamdulillah', 'air']",
DQVwjiUE6px,2025-10-29 12:28:45 WIB,anis_roziqi,"['kutisari', 'rumah', 'mati', 'o']",
DQVwjiUE6px,2025-10-29 12:28:55 WIB,anis_roziqi,"['mati', 'pdam']",
DQVwjiUE6px,2025-10-29 13:24:58 WIB,albertfebriant,"['siang', 'nyala', 'kondisi', 'air', 'kotor']",
DQVwjiUE6px,2025-10-29 17:32:52 WIB,lianaharyantini5,"['sumurwelut', 'mati', 'air']",
DQVwjiUE6px,2025-10-29 18:49:34 WIB,rys.delight,"['sumur', 'welut', 'lakarsantri', 'mati', 'jam', 'gak', 'info', 'ya']",
DQVwjiUE6px,2025-10-30 05:48:19 WIB,hadi.soev,"['air', 'umbul', 'mbok', 'ya', 'alir', 'warga', 'rumah', 'mewah', 'tok']",
DP3rWdpExko,2025-10-19 21:11:28 WIB,af13071997,"['bayar', 'pdam', 'telat', 'denda', 'jos', 'lapor', 'pagi', 'pdam', 'mati', 'kampung', 'malam', 'respon']",
DP3rWdpExko,2025-10-19 21:31:25 WIB,af13071997,"['tambak', 'mayor', 'barat', 'gang', 'warga', 'habis', 'air', 'jam', 'skrang', 'respon', 'pdam', 'lapor', 'rt', 'warga']",
DP3rWdpExko,2025-10-19 21:32:40 WIB,af13071997,"['tambak', 'mayor', 'barat', 'gang', 'gudang', 'jawa', 'indah', 'tanjungsari']",
DP3rWdpExko,2025-10-20 05:27:20 WIB,af13071997,"['min', 'jelang', 'air', 'rumah', 'habis', 'tindak']",
DQF6EqejkFf,2025-10-22 08:10:15 WIB,nuri1huda,"['santri', 'bangun', 'negeri']",
DQF6EqejkFf,2025-10-22 09:35:08 WIB,presarioqalamm,"['selamat', 'santri']",
DQF6EqejkFf,2025-10-22 11:48:57 WIB,evimomsabila,"['terima', 'kasih', 'perumda', 'surya', 'sembada']",
DQF6EqejkFf,2025-10-22 11:50:13 WIB,widyarigga,"['selamat', 'santri']",
DQDpQlWE97I,2025-10-21 13:11:01 WIB,shafaardini,"['selesai', 'air', 'keci']",
DQDpQlWE97I,2025-10-21 15:51:03 WIB,onnyfariz,"['berita', 'lambat', 'salah', 'tanggal', 'tanggal']",
DQDpQlWE97I,2025-10-21 20:50:21 WIB,panti.remaja,"['kalijaran', 'air', 'ko', 'tidak pernah', 'alir', 'bayar']",
DQDpQlWE97I,2025-10-21 20:51:16 WIB,joesoeff,"['hubung', 'cs', 'kait', 'kalijaran', 'air', 'alir', 'ko', 'respon']",
DQDpQlWE97I,2025-10-21 20:51:58 WIB,riyann.dc,"['tolong', 'admin', 'bom', 'mandi', 'minggu']",
DQDpQlWE97I,2025-10-21 20:52:59 WIB,guajagobola,"['iya', 'mas', 'mati', 'ya', 'min', 'kalijaran']",
DQDpQlWE97I,2025-10-21 20:53:10 WIB,st.anfang,"['kalijaran', 'minggu', 'air', 'sulit', 'alir', 'hubung', 'cs wa', 'x', 'gerak cepat tolong', 'respon', 'cepat']",
DQDpQlWE97I,2025-10-21 20:54:28 WIB,sir_yannnn,['pdam'],
DQDpQlWE97I,2025-10-21 20:54:34 WIB,joesoefflaughter,"['kak', 'kalijaran', 'sambikerep', 'air', 'alir', 'mohon', 'bantu']",
DQDpQlWE97I,2025-10-21 20:54:59 WIB,kakakumoro_,"['min', 'air', 'e', 'kalijaran', 'cilik', 'pol', 'kate', 'mandi', 'sulit']",
DQDpQlWE97I,2025-10-21 20:57:19 WIB,psm7_smpn20sby,"['kalijaran', 'min', 'tolong', 'tolong']",
DQDpQlWE97I,2025-10-21 21:10:37 WIB,kkn13pasuruan,"['tolong', 'min', 'kering']",
DQDpQlWE97I,2025-10-21 21:16:07 WIB,joesoeff,"['tolong', 'ga', 'air', 'kalijaran', 'sambikerep']",
DQDpQlWE97I,2025-10-22 06:13:38 WIB,arumanggiarini_,"['karah', 'mati', 'ya', 'allah', 'mandi', 'berangkat', 'kerja sekolah', 'loh']",
DQDpQlWE97I,2025-10-22 06:51:46 WIB,annishafs,"['kak', 'daerah', 'jambang', 'mati', 'air', 'pemberitahuan', 'ya', 'saran', 'suruh', 'tampung', 'kl', 'pemberitahuan', 'tampung', 'pake', 'duh']",
DQDpQlWE97I,2025-10-22 07:23:03 WIB,laundrysurabaya.bulakbanteng,"['halo', 'kak', 'ya', 'pagi', 'malam', 'gada', 'air', 'satu minggu', 'kak', 'tolong', 'bantu']",
DQDpQlWE97I,2025-10-22 07:32:38 WIB,ote_05,"['tempurejo', 'air', 'mati', 'gak', 'banyu', 'sama sekali', 'admin', 'gak', 'mandi', 'mati', 'gak', 'bicara', 'estimasi', 'tanggal', 'tanggal']",
DQDpQlWE97I,2025-10-22 12:42:31 WIB,sir_yannnn,"['wa', 'en', 'ka', 'pegal']",
DP-0_D9DgH4,2025-10-19 22:12:54 WIB,ervansoerabaja,"['tolong', 'wilayah', 'bronggalan', 'kalo', 'da', 'pagi', 'sd', 'malam', 'sd', 'mohon', 'solusi', 'lapor', 'pas', 'tugas', 'air', 'alir', 'gak', 'cek', 'tolong', 'pdam', 'surabaya', 'perhati', 'daerah', 'air', 'lancar', 'terima', 'kasih']",
DP-0_D9DgH4,2025-10-20 03:13:34 WIB,a.paramita_s,"['pagi', 'min', 'min', 'tanggal', 'air', 'mati', 'ya', 'ga', 'info', 'air', 'mati', 'uda', 'kaya', 'puasa', 'daud']",
DP-0_D9DgH4,2025-10-20 12:55:53 WIB,aaaudiye_lyv,['nyala'],
DP-0_D9DgH4,2025-10-20 20:31:42 WIB,sakti_alcobra,"['jalan', 'juwingan', 'dampak', 'kah', 'min', 'air', 'gak']",
DP-0_D9DgH4,2025-10-21 00:21:37 WIB,mommycend,"['juwingan', 'kah', 'min']",
DP-0_D9DgH4,2025-10-21 04:31:10 WIB,rya.it09,"['selamat', 'pagi', 'min', 'air', 'daerah', 'krembangan', 'info']",
DP-0_D9DgH4,2025-10-21 05:48:27 WIB,martinus.teguh.1,"['daerah', 'krembangan', 'air', 'mati']",
DP-0_D9DgH4,2025-10-21 05:57:02 WIB,wahyu.agnk05,"['krembangan', 'mati', 'sekolah', 'kerja', 'ga', 'mandi', 'min', 'susah', 'ta', 'min', 'kasih', 'info', 'minimal']",
DP-0_D9DgH4,2025-10-21 09:04:20 WIB,dwijayanti_dwi,['mati'],
DP-0_D9DgH4,2025-10-21 09:40:40 WIB,cherrypunyarasa,"['daerah', 'krembangan', 'malam', 'mati', 'pemberitahuan']",
DP-0_D9DgH4,2025-10-21 11:11:14 WIB,a.paramita_s,"['iya', 'japri', 'lapang', 'langsung', 'capek', 'kotak', 'culvert', 'selesai', 'mohon', 'bantu', 'up', 'cepet', 'selesai', 'kalo', 'pas', 'diare', 'gin', 'puyeng', 'air', 'mati', 'omset', 'umkm', 'dampak', 'langgan', 'rugi', 'krn', 'bayar', 'tagih', 'pdam', 'tp', 'dpt', 'ga', 'maksimal']",
DP-0_D9DgH4,2025-10-21 11:19:18 WIB,nor_lianaa17,"['pln', 'padam', 'air', 'alir', 'jua', 'hubung', 'banget', 'eh']",
DP-0_D9DgH4,2025-10-21 12:00:35 WIB,melliniancp,"['krembangan', 'air', 'mati', 'jam', 'min']",
DP7sZ_2k33-,2025-10-18 14:58:33 WIB,esther.icha.56,"['estimasi', 'mati', 'jam', 'beberapa malam', 'sampek', 'bom', 'nyala', 'tolong', 'bayi']",
DP7sZ_2k33-,2025-10-18 17:45:53 WIB,murdaningrumnining,"['ya', 'allah', 'uda', 'jam', 'air', 'nyala', 'tolong', 'blok', 'air', 'tolong']",
DP7sZ_2k33-,2025-10-18 17:54:48 WIB,cynthia_larasati15,"['mem', 'mati', 'gak', 'air', 'lancar', 'kali', 'air', 'gak', 'lancar']",
DP7sZ_2k33-,2025-10-18 18:08:13 WIB,ubaidillaharrafif,"['mati', 'wilayah', 'mem', 'jaya', 'selesai', 'leher', 'l', 'kendung']",
DP7sZ_2k33-,2025-10-18 18:20:46 WIB,renoaap,"['tolong', 'air', 'nyala', 'pbi', 'blok']",
DP7sZ_2k33-,2025-10-18 18:38:13 WIB,nurissfarra,"['bulak', 'air', 'mati', 'kah']",
DP7sZ_2k33-,2025-10-18 19:02:30 WIB,tyaa.nanin,"['mem', 'air']",
DP7sZ_2k33-,2025-10-18 19:26:35 WIB,aal_iyaah111,"['min', 'pondok', 'benowo', 'indah', 'pdam', 'coba', 'cek', 'mem', 'kemarin', 'pagi', 'coba', 'nyala', 'air', 'mandi', 'sakit', 'sembuh', 'krisis', 'air', 'pondok', 'benowo', 'indah']",
DP7sZ_2k33-,2025-10-18 19:28:17 WIB,murdaningrumnining,"['proses', 'kirim', 'min', 'butuh', 'janji', 'aja', 'air']",
DP7sZ_2k33-,2025-10-18 19:44:30 WIB,aal_iyaah111,"['min', 'sakit', 'min', 'gara-gara', 'angkat', 'banyu']",
DP7sZ_2k33-,2025-10-18 19:56:46 WIB,nurissfarra,"['iya', 'air', 'nyala', 'ya']",
DP7sZ_2k33-,2025-10-18 20:15:09 WIB,tenbrst,[],
DP7sZ_2k33-,2025-10-18 20:24:45 WIB,murdaningrumnining,"['pbi', 'blok', 'aa', 'bb', 'nyala', 'min']",
DP7sZ_2k33-,2025-10-18 20:54:14 WIB,shintaochin32,"['ky', 'y', 'informasi', 'rabu', 'mati', 'kamis', 'mati', 'kadung', 'tampung', 'air', 'ember', 'tp', 'mati', 'besok', 'air', 'ember', 'kadung', 'kotor', 'sia', 'ga', 'pakai']",
DP7sZ_2k33-,2025-10-18 20:55:03 WIB,shintaochin32,"['gara-gara', 'air', 'mati', 'dagang', 'umkm', 'paksa', 'libur', 'dagang', 'krn', 'jual', 'butuh', 'air', 'tagih', 'cicil', 'jalan']",
DP7sZ_2k33-,2025-10-18 22:37:26 WIB,its.s.al,"['hidup', 'ni', 'daerah', 'mem', 'ga', 'buang air besar', 'mandi', 'dekil']",
DP7sZ_2k33-,2025-10-19 06:22:37 WIB,idarochmawati97,"['min', 'kalo', 'air', 'malam', 'aja', 'ya', 'tugas', 'ganti', 'meter', 'normal', 'ganti', 'tp', 'aja', 'air', 'jam', 'malam']",
DP7sZ_2k33-,2025-10-19 07:51:00 WIB,shintaochin32,"['pbi', 'malam', 'nyala', 'mati', 'sih', 'air', 'mati', 'g', 'ad', 'pemberitahuan', 'gin', 'bayi', 'loh', 'jual', 'umkm', 'hambat', 'wilayah', 'surabaya', 'barat', 'pdam', 'mati', 'tagih', 'air', 'ga', 'bayar', 'mati', 'pusat']",
DP7sZ_2k33-,2025-10-19 07:51:36 WIB,shintaochin32,"['mati', 'pbi']",
DP7sZ_2k33-,2025-10-19 07:54:47 WIB,shintaochin32,"['komen', 'ga', 'jarang', 'ya', 'mati', 'tp', 'tagih', 'jalan', 'no', 'ganggu', 'gugat', 'bayar', 'kudu', 'bayar']",
DP7sZ_2k33-,2025-10-19 08:26:52 WIB,laundrysurabaya.bulakbanteng,"['min', 'wilayah', 'bulak', 'banteng', 'gak', 'nyala', 'kemarin', 'penatu', 'tumpuk', 'nyala', 'pagi', 'andal', 'omset', 'akhir pekan', 'min', 'nyala']",
DP7sZ_2k33-,2025-10-19 08:43:24 WIB,sandyirwansyah,"['begadang', 'tunggu', 'banyu', 'tiap hari', 'air', 'daerah', 'pbi', 'mati']",
DP7sZ_2k33-,2025-10-19 08:49:40 WIB,renoaap,"['mati', 'kemarin', 'malam', 'air', 'ga', 'tandon']",
DP7sZ_2k33-,2025-10-19 09:20:15 WIB,laundrysurabaya.bulakbanteng,[],
DP7sZ_2k33-,2025-10-19 10:05:18 WIB,panggilsajaludi,"['benowo', 'barat', 'pucuk', 'gak', 'sama sekali', 'sampek', 'min', 'admin']",
DP7sZ_2k33-,2025-10-19 10:20:18 WIB,sandyirwansyah,"['malam', 'jam', 'pagi', 'jam', 'mati', 'pondok', 'benowo', 'indah', 'blok', 'qq', 'no']",
DP7sZ_2k33-,2025-10-19 12:09:54 WIB,its.s.al,[],
DP7sZ_2k33-,2025-10-18 10:54:38 WIB,bram_sneakers,"['air', 'surabaya', 'barat', 'mem', 'mati', 'mandi', 'pakai']",
DP7sZ_2k33-,2025-10-18 11:00:39 WIB,murdaningrumnining,"['min', 'pbi', 'jam', 'mati', 'nyala', 'anak', 'min', 'air', 'hidup', 'min']",
DP7sZ_2k33-,2025-10-18 11:07:11 WIB,shinazugawa_sanemii_,"['surabaya', 'utara', 'wilayah', 'lebak', 'air', 'mati', 'admin', 'nyala', 'pompa air', 'jam', 'pagi', 'jam', 'air', 'kunjung']",
DP7sZ_2k33-,2025-10-18 11:07:57 WIB,shinazugawa_sanemii_,['ya'],
DP7sZ_2k33-,2025-10-18 11:18:48 WIB,murdaningrumnining,"['min', 'tunggu', 'pbi', 'blok', 'u', 'blok', 'aa', 'blok', 'bb']",
DP7sZ_2k33-,2025-10-18 11:19:35 WIB,bram_sneakers,"['mohon', 'kirim', 'tangki', 'air', 'bersih']",
DP7sZ_2k33-,2025-10-18 11:19:37 WIB,murdaningrumnining,"['kirim', 'dm', 'min', 'nomor', 'mohon', 'min', 'darurat']",
DP7sZ_2k33-,2025-10-18 11:24:10 WIB,mar.tina_tina,"['daerah', 'mleto', 'manyar', 'sabrangan', 'mati', 'air', 'nyala', 'mati', 'lbh', 'pake', 'pompa', 'air', 'aja']",
DP7sZ_2k33-,2025-10-18 12:18:00 WIB,arifanugrahr,"['daerah', 'pbi', 'min', 'air', 'mati', 'tolong', 'min', 'uda', 'krisis', 'air']",
DP7sZ_2k33-,2025-10-18 12:39:17 WIB,tenbrst,"['putih', 'ga', 'air']",
DP7sZ_2k33-,2025-10-18 13:55:29 WIB,murdaningrumnining,"['min', 'ayo', 'min', 'air', 'sumpah', 'susah', 'air', 'min', 'kali', 'bikin', 'dada', 'min', 'sesuai', 'min', 'mati', 'rabu', 'ya', 'mati', 'rabu', 'mati', 'kamis']",
DPxkv7Dk3hG,2025-10-14 19:23:02 WIB,rifaldokaka,"['makasih', 'informasi']",
DPxkv7Dk3hG,2025-10-14 21:10:50 WIB,dheaaapriyanti_,"['nyala', 'loh']",
DPxkv7Dk3hG,2025-10-15 04:36:25 WIB,dilaasrl,"['mati', 'ta', 'banyu', 'e']",
DPxkv7Dk3hG,2025-10-15 07:41:39 WIB,richajingga,[],
DPxkv7Dk3hG,2025-10-15 08:52:17 WIB,veelovee99,"['aduh', 'min', 'air', 'mati', 'gak', 'mandi', 'loh', 'berangkat', 'kantor', 'moga', 'cepat', 'nyala', 'ya', 'min']",
DPxkv7Dk3hG,2025-10-15 09:56:35 WIB,aaaudiye_lyv,"['gina', 'gin', 'aja', 'min', 'ya', 'allah', 'menit', 'min', 'kemarin', 'mati']",
DPxkv7Dk3hG,2025-10-15 10:14:55 WIB,pnoviantia,"['air', 'mati']",
DPxkv7Dk3hG,2025-10-15 13:27:31 WIB,felixsby,"['gayungsari', 'barat', 'x', 'air', 'mati', 'nyala']",
DPxkv7Dk3hG,2025-10-15 18:16:54 WIB,wisnulia,"['daerah', 'pakal', 'mati', 'kak', 'jam', 'pagi', 'sore', 'air']",
DPxkv7Dk3hG,2025-10-15 21:58:27 WIB,pnoviantia,"['lokasi', 'kendung']",
DPxkHAPCNYS,2025-10-16 04:17:38 WIB,dila_alidafrun,"['tambak', 'takut', 'gak', 'nyala', 'susah', 'aktivitas', 'mandi', 'pakai', 'air', 'galon', 'gak', 'air']",
DP2sH7wE_NT,2025-10-16 10:35:04 WIB,sifeb_,"['daftar', 'pdam', 'pasang', 'ta']",
DP2sH7wE_NT,2025-10-16 11:44:26 WIB,dtrisetyani,"['area', 'medok', 'ayu', 'mati', 'min']",
DP2sH7wE_NT,2025-10-16 13:02:18 WIB,garin06,"['medayu', 'mati', 'ya', 'ta', 'min']",
DP2sH7wE_NT,2025-10-16 18:18:51 WIB,tt.n.aurieltitania,"['wilayah', 'mulyosari', 'air', 'mati']",
DP0MtS_k0O_,2025-10-15 17:01:23 WIB,felixsby,['nyala'],
DP0MtS_k0O_,2025-10-15 17:01:57 WIB,felixsby,"['kalo', 'bayar', 'telat', 'kena', 'denda', 'kalo', 'pdam', 'mati', 'murup', 'maaf']",
DP0MtS_k0O_,2025-10-16 18:27:19 WIB,_ntaneka27,"['selesai', 'kerja']",
DP0MtS_k0O_,2025-10-16 19:06:17 WIB,balqis_alwan,"['tempurejo', 'hidup', 'air', 'telepon', 'call', 'center', 'tp', 'gak']",
DP0MtS_k0O_,2025-10-17 17:12:15 WIB,balqis_alwan,"['tp', 'air', 'hidup']",
DP3HNdjk_ex,2025-10-16 17:56:20 WIB,riezkykautsar,"['rungkut', 'kena']",
DP3HNdjk_ex,2025-10-16 17:57:16 WIB,rofiqrow,"['medayu', 'utara', 'siang', 'gak', 'air']",
DPx57MmkyYU,2025-10-14 19:02:00 WIB,duwiq2805,"['mohon', 'maaf', 'y', 'min']",
DPx57MmkyYU,2025-10-14 19:08:49 WIB,bbotnotbadd,"['dharmawangsa', 'gimana', 'kemarin', 'malam', 'mati', 'malam']",
DPx57MmkyYU,2025-10-14 19:46:33 WIB,ricorenaldi_,"['daerah', 'anti', 'gak', 'nyala', 'info', 'nyala', 'min']",
DPx57MmkyYU,2025-10-14 19:46:46 WIB,cholil_zaenuri,"['bulak', 'banteng', 'hidup', 'pagi']",
DPx57MmkyYU,2025-10-14 20:39:46 WIB,natalinashelvy,"['wilayah', 'jelidro', 'sambikerep', 'air', 'mati', 'kemarin', 'malam', 'malam', 'nyala', 'min', 'solusi', 'ya']",
DPx57MmkyYU,2025-10-14 20:48:40 WIB,dodo.arbi,"['barat', 'men', 'ganggu', 'air', 'asli', 'kemarin', 'tanggal', 'pelan', 'alir', 'air']",
DPx57MmkyYU,2025-10-14 22:48:08 WIB,rosa_berduri,"['mari', 'nyala', 'kl', 'nyala', 'ga', 'masuk', 'bak', 'kamar', 'mandi', 'tolong', 'bantu', 'area', 'gayungsari']",
DPx57MmkyYU,2025-10-14 22:48:36 WIB,rosa_berduri,"['mati', 'nyala']",
DPx57MmkyYU,2025-10-14 23:21:06 WIB,elxkins26_,"['warga', 'mojo', 'jam', 'malam', 'air', 'pelan', 'jam', 'air', 'nyala', 'deres', 'kemarin', 'air', 'susah', 'nyala', 'min']",
DPx57MmkyYU,2025-10-14 23:37:46 WIB,yuliana_safitriiii,"['daerah', 'kedungasem', 'kedungbaruk', 'mati', 'sore', 'jam', 'nyala', 'nyala', 'min']",
DPx57MmkyYU,2025-10-15 01:27:41 WIB,dyahnaw,"['daerah', 'wisma', 'pagesangan', 'susah', 'malam', 'mati', 'air', 'telpon', 'call', 'center']",
DPx57MmkyYU,2025-10-15 06:11:10 WIB,verradyta44,"['jam', 'wilayah', 'pakal', 'surabaya', 'mati', 'air', 'jam', 'ganggu', 'dampak', 'parah', 'dah']",
DPx57MmkyYU,2025-10-15 06:52:41 WIB,ricorenaldi_,"['anti', 'patih', 'min', 'gak', 'nyala', 'nyala']",
DPx57MmkyYU,2025-10-15 06:57:34 WIB,ricorenaldi_,"['senin', 'pagi', 'malam', 'nyala', 'selasa', 'mati', 'sampek', 'bom', 'hidup']",
DPx57MmkyYU,2025-10-15 09:32:06 WIB,dyahnaw,"['terima kasih', 'tolong', 'proyek', 'kotak', 'culvert', 'minggu', 'air', 'mati', 'sebal']",
DPx57MmkyYU,2025-10-15 09:32:11 WIB,rosa_berduri,"['ubah', 'air', 'alir', 'kemarin', 'mohon', 'tolong', 'bantu', 'ya', 'min', 'air', 'ga', 'masuk', 'kamar', 'mandi', 'dapur']",
DPx57MmkyYU,2025-10-15 09:35:40 WIB,rosa_berduri,"['wa', 'no', 'hotline', 'pdam', 'lupa', 'no', 'langgan', 'mohon', 'bantu', 'upah', 'surga']",
DPx57MmkyYU,2025-10-15 09:59:48 WIB,aaaudiye_lyv,"['gina', 'gin', 'min', 'air', 'nyala', 'gak', 'lancar', 'mota', 'mati', 'kemarin', 'mati']",
DPx57MmkyYU,2025-10-15 10:23:14 WIB,supri.mundo,"['air', 'pdam', 'keruh']",
DPx57MmkyYU,2025-10-15 12:24:31 WIB,annisaabunga_,"['perak', 'mati', 'air']",
DPx57MmkyYU,2025-10-15 14:04:52 WIB,annisaabunga_,"['maaf', 'kak', 'nyala']",
DPx57MmkyYU,2025-10-15 19:09:54 WIB,rosa_berduri,"['malam', 'cek', 'tugas', 'warga', 'lapor', 'moga', 'tindak lanjut', 'makasih', 'min', 'gercep']",
DPx57MmkyYU,2025-10-15 19:11:56 WIB,budiwiratmo,"['min', 'siang', 'info', 'pipa', 'bocor', 'rumah', 'gayungsari', 'barat', 'x', 'akibat', 'gali', 'kotak', 'culvert']",
DPx57MmkyYU,2025-10-16 00:11:40 WIB,budiwiratmo,"['lancar', 'min', 'rumah', 'warga', 'air', 'gara-gara', 'pipa', 'bocor', 'rumah', 'jalan', 'gayungsari', 'barat', 'x', 'bocor', 'min']",
DPx57MmkyYU,2025-10-16 07:58:04 WIB,raatihangraenii,"['tagih', 'lonjak', 'drastis', 'mahal', 'air', 'pdam', 'rumah', 'tangga', 'pakai']",
DPx57MmkyYU,2025-10-16 11:30:24 WIB,budiwiratmo,"['air', 'pdam', 'area', 'lancar', 'jernih', 'normal', 'warga', 'senang', 'bantu', 'terima', 'kasih', 'kawan', 'pdam', 'juang', 'bantu', 'keluh', 'warga', 'semangat']",
DPx57MmkyYU,2025-10-14 15:59:55 WIB,cholil_zaenuri,"['daerah', 'bulak', 'banteng', 'gak', 'hidup', 'min']",
DPx57MmkyYU,2025-10-14 16:14:40 WIB,ambarsari_prasodjo,"['menit', 'kah', 'kayak', 'september', 'kemarin', 'min', 'ruwet', 'nek', 'gitu', 'min']",
DPx57MmkyYU,2025-10-14 16:34:07 WIB,budiwiratmo,"['aduh', 'pdam', 'gayungsari', 'barat', 'area', 'resto', 'kampung', 'steak', 'mati', 'nyala', 'air', 'nyala', 'jam', 'mati', 'nyala', 'aja', 'rumah', 'mati', 'air', 'bingung', 'tampung', 'air', 'habis', 'tolong', 'bantu', 'pdam']",
DPx57MmkyYU,2025-10-14 16:44:46 WIB,annishafs,"['kak', 'gayungsari', 'mati', 'nyala', 'cm', 'jam', 'debit', 'mati']",
DPx57MmkyYU,2025-10-14 17:39:16 WIB,duwiq2805,"['wilayah', 'klampis', 'ngasem', 'air', 'pagi', 'terima kasih']",
DP3B705k3fR,2025-10-16 13:23:26 WIB,nuri1huda,"['coba', 'walik', 'min', 'matang', 'ben', 'roto']",
DP3B705k3fR,2025-10-16 13:29:13 WIB,dzulkifli_azmi,[],
DP3B705k3fR,2025-10-16 13:37:47 WIB,nibrassy,"['panas', 'banget', 'min']",
DP3B705k3fR,2025-10-16 13:38:10 WIB,sintaaulch,"['beneran', 'panas']",
DP3B705k3fR,2025-10-16 13:39:12 WIB,presarioqalamm,"['panas', 'e', 'dadar', 'telur']",
DP3B705k3fR,2025-10-16 13:42:04 WIB,mhmdrizkyy12._,"['butuh', 'kipas', 'jalan']",
DP3B705k3fR,2025-10-16 13:44:50 WIB,dolankesiniyuk,"['min', 'area', 'medayu', 'mati', 'air']",
DP3B705k3fR,2025-10-16 13:51:37 WIB,fachryandd,"['surabaya', 'panas']",
DP3B705k3fR,2025-10-16 13:56:35 WIB,kharistiano28,"['nang', 'e', 'kompor', 'listrik', 'min']",
DP3B705k3fR,2025-10-16 13:59:17 WIB,akmalreyhnth,"['panas', 'kentang', 'kentang', 'on']",
DP3B705k3fR,2025-10-16 14:01:10 WIB,sheiraekaa,"['kipas', 'angin', 'asa', 'sembur', 'api', 'saking', 'panas']",
DP3B705k3fR,2025-10-16 14:01:41 WIB,damaxrif,"['gak', 'terima', 'min']",
DP3B705k3fR,2025-10-16 14:26:13 WIB,_frscarts,"['kipas', 'angin', 'hair', 'dryer']",
DP3B705k3fR,2025-10-16 14:59:24 WIB,rahmatismee,"['dadi', 'opo', 'bundar', 'waru']",
DP3B705k3fR,2025-10-16 15:13:47 WIB,randy_bstiawn,"['semangat', 'admin', 'proyek']",
DP3B705k3fR,2025-10-16 16:15:52 WIB,sii_mungiil,"['halo', 'min', 'daftar', 'pasang', 'via', 'wa', 'ga', 'respons', 'ya', 'aplikasi', 'cis']",
DP3B705k3fR,2025-10-16 17:55:33 WIB,rofiqrow,"['maaf', 'jam', 'siang', 'air', 'mandi', 'buang', 'air']",
DP3B705k3fR,2025-10-16 18:06:13 WIB,dyahnaw,"['awak', 'garing', 'kalah', 'ikan', 'teri']",
DP3B705k3fR,2025-10-16 18:46:09 WIB,msyifaul_,"['malang', 'dingin', 'min']",
DP3B705k3fR,2025-10-16 19:23:43 WIB,rofiqrow,"['jam', 'min', 'kudu', 'tangis']",
DP3B705k3fR,2025-10-16 22:31:54 WIB,setiyowati897,"['min', 'daerah', 'jelidro', 'mati', 'min']",
DP3B705k3fR,2025-10-17 07:11:30 WIB,isapdam,"['panas', 'dunia', 'bareng', 'panas', 'ati', 'sing', 'semangat', 'sehat', 'tukang', 'ledeng']",
DP3B705k3fR,2025-10-17 11:45:12 WIB,thary1299,"['manuk', 'adi', 'sma', 'air', 'mati']",
DP3B705k3fR,2025-10-17 11:47:41 WIB,thary1299,"['senin', 'oktober', 'pagi', 'mati', 'siang', 'nyala', 'rabu', 'gitu', 'jumat', 'mati', 'jam', 'pagi', 'nyala', 'mandi', 'aja', 'susah']",
DP3B705k3fR,2025-10-17 21:36:08 WIB,cakmigfarhanafi,"['sek', 'panas', 'e', 'dunia', 'gak']",
DP3pfhFEzzs,2025-10-16 22:26:33 WIB,nunaseptiano,"['proyek', 'kotak', 'culvert', 'pagesangan', 'dampak', 'ya', 'tp', 'air', 'pagesangan', 'mati']",
DP3pfhFEzzs,2025-10-17 07:25:32 WIB,jas_armyframe,"['ya', 'bhaskara', 'gak', 'air']",
DP3pfhFEzzs,2025-10-17 09:38:24 WIB,yulitaanida,"['pagi', 'admin', 'air', 'daerah', 'mleto', 'sukolilo', 'subuh', 'jam']",
DP3pfhFEzzs,2025-10-17 10:09:15 WIB,ekspresiaku,"['halo', 'min', 'izin', 'kalo', 'area', 'pipa', 'rusak', 'kena', 'gali', 'kotak', 'culvert', 'rumah', 'lancar', 'air', 'rumah', 'mati', 'air', 'gimana', 'ya', 'min', 'makasih', 'min']",
DP3pfhFEzzs,2025-10-17 18:01:36 WIB,ekspresiaku,"['urus', 'kampung', 'rt', 'bantu', 'warga', 'alami', 'stop', 'kran', 'posisi', 'buka', 'air', 'yang sangkut', 'aju', 'keluh adu', 'via', 'wa', 'pdam']",
DP3pfhFEzzs,2025-10-17 18:19:50 WIB,ekspresiaku,"['informasi', 'warga', 'tsb', 'terima', 'kasih', 'informasi', 'ya', 'min']",
DP3pfhFEzzs,2025-10-20 07:41:42 WIB,af13071997,"['min', 'admin', 'telepon', 'call', 'center', 'sibuk', 'pdam', 'surabaya', 'panas', 'air', 'nyala', 'daerah', 'tambak', 'mayor', 'barat', 'telat', 'bayat', 'denda', 'atur', 'komplain', 'respon']",
DP0zd8RE_3a,2025-10-15 18:04:08 WIB,bintangbagusf,"['mandi', 'kantor']",
DP0zd8RE_3a,2025-10-15 18:37:06 WIB,yanianis33,"['moga', 'cepat', 'selesai', 'pagi']",
DP0zd8RE_3a,2025-10-15 19:03:46 WIB,lalalililululalo,"['jam', 'mati']",
DP0zd8RE_3a,2025-10-15 19:19:53 WIB,verradyta44,['dah'],
DP0zd8RE_3a,2025-10-15 19:39:13 WIB,abiddinsy,"['ayo', 'min', 'moga', 'kerja', 'molor']",
DP0zd8RE_3a,2025-10-15 20:19:47 WIB,pratiwi_dessi,[],
DP0zd8RE_3a,2025-10-15 22:07:28 WIB,anisiti91,"['rumah', 'ciliwung', 'mati', 'ya', 'air', 'sore', 'smp']",
DP0zd8RE_3a,2025-10-15 22:58:18 WIB,dewagstin,"['tiap hari', 'ganggu', 'pegal', 'banyu']",
DP0zd8RE_3a,2025-10-16 03:02:34 WIB,a.paramita_s,"['tanggal', 'ya', 'admin', 'air', 'mati']",
DP0zd8RE_3a,2025-10-16 03:53:29 WIB,lalalililululalo,"['klakahrejo', 'lor']",
DP0zd8RE_3a,2025-10-16 04:56:50 WIB,ade_putri_wardani,"['sumberejo', 'benowo', 'nyala']",
DP0zd8RE_3a,2025-10-16 05:28:25 WIB,sara.yenny.panjaitan,"['ya', 'allah', 'air', 'mati', 'pagi', 'kemarin', 'mati', 'informasi', 'telat', 'pulang']",
DP0zd8RE_3a,2025-10-16 05:30:03 WIB,ade_putri_wardani,"['air', 'nyala', 'terima', 'kasih']",
DP0zd8RE_3a,2025-10-16 06:04:44 WIB,vivien_aisyah,"['min', 'tolong', 'cek', 'inbox']",
DP0zd8RE_3a,2025-10-16 07:34:28 WIB,rii.roo,"['jam', 'subuh', 'ya', 'bu', 'pemberitahuan']",
DP0zd8RE_3a,2025-10-16 07:38:35 WIB,a.paramita_s,"['iya', 'air', 'jam', 'mati', 'pagi', 'jam', 'subuh', 'tu', 'liat', 'kerja', 'bego', 'gali', 'situ', 'tp', 'gali', 'kemarin', 'area', 'situ', 'tutup', 'gali', 'tutup', 'bocor', 'mohon', 'cek', 'ga', 'info', 'pdam', 'mati', 'kejar', 'produksi', 'sulit']",
DP0zd8RE_3a,2025-10-16 08:24:53 WIB,shafaardini,"['air', 'daerah', 'wisma', 'pagesangan']",
DP0zd8RE_3a,2025-10-16 08:26:37 WIB,shafaardini,"['iya', 'air', 'tanggal', 'september', 'daerah', 'wisma', 'pagesangan', 'mati']",
DP0zd8RE_3a,2025-10-16 09:18:02 WIB,dyahnaw,['susah'],
DP0zd8RE_3a,2025-10-16 12:32:45 WIB,irinearyani,"['min', 'siang', 'rumah', 'pbi', 'air', 'min']",
DP0zd8RE_3a,2025-10-16 14:31:55 WIB,_dssy,"['air', 'nyala', 'ya']",
DP0zd8RE_3a,2025-10-16 14:46:11 WIB,_dssy,"['kendung', 'rs', 'bodoh']",
DP0zd8RE_3a,2025-10-16 14:55:52 WIB,a.paramita_s,"['kalo', 'proyek', 'pemkot', 'aja', 'area', 'bocor', 'kena', 'bego', 'seberang', 'pas', 'alfamart', 'kerja', 'pegawai', 'beda', 'area', 'sat', 'set', 'hati', 'jarang', 'bocor', 'pipa', 'titik', 'mohon', 'selesai', 'warga', 'rugi', 'ga', 'tutup', 'usaha', 'omset', 'parah', 'banget']",
DP0zd8RE_3a,2025-10-16 16:13:11 WIB,rii.roo,"['tangan', 'estimasi', 'selesai', 'jam']",
DP0zd8RE_3a,2025-10-16 21:49:55 WIB,irinearyani,"['pantau', 'malam', 'nyala', 'min', 'moga', 'lancar']",
DP0zd8RE_3a,2025-10-17 18:43:41 WIB,delitawedding,"['tolong', 'air', 'mati', 'mem', 'jam', 'tanggal', 'mlm', 'nyala']",
DP0zd8RE_3a,2025-10-18 05:24:46 WIB,hendry_list,"['wilayah', 'mem', 'kandang', 'rejo', 'air', 'mati', 'min']",
DP0lnmWk02a,2025-10-16 09:54:14 WIB,ellyzabeth3,"['mohon', 'info', 'kerja', 'daerah', 'bhaskara', 'air', 'mati']",
DP0lnmWk02a,2025-10-17 18:23:05 WIB,rennyindrawati_,"['selamat', 'malam', 'informasi', 'alir', 'air', 'rumah', 'renny', 'mati', 'akibat', 'pipa', 'pdam', 'buntu', 'dampak', 'kerja', 'kotak', 'culvert', 'mulyosari', 'lapor', 'rabu', 'malam', 'jumat', 'respon', 'tugas', 'pdam', 'janji', 'janji', 'tugas', 'hubung', 'contoh', 'pln', 'langgan', 'layan', 'janji', 'janji', 'jalan', 'bhaskara', 'no', 'janji']",
DP0lnmWk02a,2025-10-17 19:51:59 WIB,rennyindrawati_,"['bismillah', 'besok', 'kerja', 'mati', 'hubung', 'no', 'ponsel genggam', 'moga', 'janji']",
DP-hGTLkyG5,2025-10-19 14:10:55 WIB,nurul_lailatul_chasanah,"['hobi', 'banget', 'mati', 'air minggu', 'beberapa kali kemarin', 'kerja', 'info', 'mati', 'air']",
DP-hGTLkyG5,2025-10-19 14:21:30 WIB,aristo_rudin,"['bangsat', 'kemarin', 'aja', 'air']",
DP-hGTLkyG5,2025-10-19 14:50:14 WIB,rudipriyanto1983,"['misuh', 'kenek', 'pasal']",
DP-hGTLkyG5,2025-10-19 15:30:22 WIB,nurul_lailatul_chasanah,"['whatsapp lambat', 'respon']",
DP-hGTLkyG5,2025-10-19 15:37:44 WIB,sara.yenny.panjaitan,"['ya', 'mati', 'air', 'nyala', 'jam', 'abis', 'mati']",
DP-hGTLkyG5,2025-10-19 15:47:12 WIB,wii1i,"['pbi', 'muat', 'ancuk']",
DP-hGTLkyG5,2025-10-19 15:48:53 WIB,wii1i,"['anjing', 'kemarin', 'malam', 'air', 'nyala', 'pbi', 'mati', 'anjing', 'opo', 'cok']",
DP-hGTLkyG5,2025-10-19 15:50:32 WIB,wii1i,"['ra', 'urus', 'mas', 'misuh', 'kemaren', 'sek', 'sopan', 'bicara', 'e', 'sudi', 'dancok']",
DP-hGTLkyG5,2025-10-19 15:51:50 WIB,wii1i,"['kendung', 'bongkar', 'bocor', 'kerja', 'cok']",
DP-hGTLkyG5,2025-10-19 16:01:08 WIB,lee_chamoomilee,"['tolong', 'cari', 'solusi', 'ulang', 'gak', 'pipa', 'bocor', 'pdam', 'alangkah', 'cari', 'solusi', 'bocor', 'kalo', 'bocor', 'cepat', 'hambat', 'aktifitas', 'warga', 'butuh', 'air', 'air', 'pdam', 'warga', 'bayar', 'bantu', 'gratis', 'tagih', 'air', 'murah', 'kalo', 'bocor', 'pipa', 'cari', 'solusi', 'perintah', 'tag', 'peduli', 'perintah', 'ulang', 'bagus', 'kalo', 'ulang', 'ubah']",
DP-hGTLkyG5,2025-10-19 16:03:23 WIB,lee_chamoomilee,"['balas', 'templat', 'mohon', 'maaf', 'bantu', 'air', 'tangki', 'gratis', 'kalo', 'bantu', 'tandon', 'air', 'bantu', 'simpan', 'kalo', 'isi', 'bak', 'kamar', 'mandi', 'ya', 'solusi', 'tolong', 'pikir', 'cari', 'solusi']",
DP-hGTLkyG5,2025-10-19 16:13:00 WIB,renoaap,"['tandon', 'isi', 'mati']",
DP-hGTLkyG5,2025-10-19 17:04:55 WIB,34_abadi,"['gak', 'mandi', 'cok', 'anjing']",
DP-hGTLkyG5,2025-10-19 17:24:34 WIB,esyakik,['tuju'],
DP-hGTLkyG5,2025-10-19 17:38:59 WIB,dikisvg,[],
DP-hGTLkyG5,2025-10-19 17:48:38 WIB,woywiywoiwoy,"['ya', 'allah', 'min', 'tolong', 'banget', 'min', 'usaha', 'cepat', 'ga', 'tuntut', 'min', 'ya', 'ya', 'min', 'kemarin', 'pbi', 'air', 'ku', 'habis', 'sengaja', 'isi', 'pas', 'perak', 'pbi', 'air', 'bening', 'kemarin', 'abis', 'nyala', 'air', 'butek', 'super', 'butek', 'tuju', 'ku', 'habis', 'tandon', 'minggu', 'pas', 'pbi', 'nyala', 'air', 'air', 'bening', 'minggu', 'min', 'min', 'lek', 'nyala', 'bersih jernih', 'ga', 'baik nyala keruh kecil', 'debit', 'air', 'e', 'ya', 'allah', 'min', 'min', 'tolong', 'banget', 'usaha', 'selesai']",
DP-hGTLkyG5,2025-10-19 18:02:10 WIB,dheaaapriyanti_,"['minggu', 'emosi', 'perkara', 'mati', 'air', 'sedih']",
DP-hGTLkyG5,2025-10-19 18:06:54 WIB,dhana_saja,"['kate', 'siram', 'taman', 'gak']",
DP-hGTLkyG5,2025-10-19 18:18:54 WIB,chaidardor_3,['demonstrasi'],
DP-hGTLkyG5,2025-10-19 19:01:17 WIB,np.ajeng,"['gara-gara', 'mati', 'kemarin', 'air', 'butek', 'ya', 'bening', 'sebentar', 'butek', 'baju', 'cuci', 'kotor', 'tidak tahu', 'pagi', 'butek', 'ya', 'butek', 'habis', 'mati', 'kualitas', 'turun']",
DP-hGTLkyG5,2025-10-19 20:13:31 WIB,dheaaapriyanti_,"['besok', 'senin', 'mandi', 'kantor']",
DP-hGTLkyG5,2025-10-19 20:43:07 WIB,purnomosudaryanto,"['dar', 'motto', 'pdam', 'surabaya', 'layan', 'minggu', 'ganggu', 'lokasi', 'jarak', 'kerja', 'ganggu', 'langgan']",
DP-hGTLkyG5,2025-10-20 02:50:37 WIB,bentosabaro102,"['pdam', 'pondok', 'benowo', 'indah', 'air', 'mati', 'total']",
DP-hGTLkyG5,2025-10-20 02:58:08 WIB,bentosabaro102,"['pondok', 'benowo', 'mati']",
DP-hGTLkyG5,2025-10-20 03:05:18 WIB,flndiojs,"['tolong', 'ya', 'min', 'tidur', 'tandon', 'air', 'debit', 'air']",
DP-hGTLkyG5,2025-10-20 03:23:37 WIB,mayaprmtsr,[],
