post_id,created_at,username,text,parent_comment_id
DFKccJJPeW_,2025-09-01 13:18:34 WIB,endahhtopa,"['maaf', 'mau', 'nanya', 'min', 'apa', 'tarif', 'golongan', '<num>', 'bakal', 'dihapus', 'ya', 'karena', 'rumah', 'saya', 'ini', 'termasuk', 'tarif', 'golongan', '<num>', 'dan', 'itu', 'mahal', 'untuk', 'orang', 'gak', 'mampu', 'seperti', 'saya', 'tapi', 'rumah', 'rumah', 'sebelah', 'saya', 'masih', 'golongan', '<num>', 'waktu', 'saya', 'tanya', 'kepetugas', 'meteran', 'yang', 'keliling', 'katanya', 'itu', 'karena', 'tarif', 'golongan', '<num>', 'akan', 'dihapus']",
DFKccJJPeW_,2025-09-01 16:32:46 WIB,srikotiah,"['gila', 'ini', 'semenjak', 'meteran', 'diganti', 'tagihannya', '<num> <num> x', 'lipat', 'apa <num> an', 'ini']",
DFKccJJPeW_,2025-09-01 18:16:52 WIB,srikotiah,"['uda', 'dm', 'uda', 'chat', 'whatsapp', 'uda', 'telfon', 'juga', 'gaada', 'respon', 'semua']",
DFKccJJPeW_,2025-09-18 15:47:20 WIB,nurulwaki,"['mau', 'apakah', 'wilayah', 'lidah', 'kulon', 'pedukuhan', 'sepat', 'ada', 'peremajaan', 'meteran', 'dr', 'pdam', '?']",
DFKccJJPeW_,2025-09-18 15:48:48 WIB,nurulwaki,"['jika', 'ada', 'peremajaan', 'kenapa', 'setelah', 'diganti', 'meteran', 'putaranya', 'cepat', 'sekali']",
DFKccJJPeW_,2025-09-20 15:12:54 WIB,dougmiddlee_,"['tolong', 'pdam', 'bagian', 'surabaya', 'itu', 'diganti', 'kayak', 'di', 'sidoarjo', 'bening', 'seger', 'adem', 'surabaya', 'kok', 'keruh', 'apalagi', 'bagian', 'menganti', 'juga']",
DPLHwIlE0ry,2025-09-29 20:36:33 WIB,bekoolrock,['b <num>'],
DPLHwIlE0ry,2025-09-29 20:40:45 WIB,irfadwip,"['alhamdulilah', 'terimakasih', 'pak', 'atas', 'kerja', 'kerasnya', 'semoga', 'bisa', 'dibauat', 'pelajaran', 'agar', 'jauh', 'lebih', 'baik', 'lagi']",
DPLHwIlE0ry,2025-09-29 21:03:59 WIB,tegar_kuncoro_adhi,"['tangki', 'sementara', 'nak', 'beji', 'wes', 'tekoiki', 'banyu', 'jam', '<num>', 'wes', 'mlaku', 'salamne', 'nak', 'arek <num>', 'seng', 'benaknesuwon', 'seng', 'akeh']",
DPLHwIlE0ry,2025-09-29 21:07:47 WIB,albani.r.s,"['trimakasih', 'banyak', 'atas', 'kinerja', 'nya']",
DPLHwIlE0ry,2025-09-29 21:15:11 WIB,rrydwnt,"['alhamdulillah', 'semoga', 'kedepannya', 'aman', 'terus', 'kak', 'terima', 'kasih', 'kak']",
DPLHwIlE0ry,2025-09-29 21:38:16 WIB,dheaaapriyanti_,"['ini', 'apa', 'belum', 'nyala', 'yah', 'benowo', 'masih', 'mati']",
DPLHwIlE0ry,2025-09-29 21:51:39 WIB,bayuwahyu096,"['belum', 'keluar', 'airnya']",
DPLHwIlE0ry,2025-09-29 22:25:27 WIB,fitria2ningsih,"['kalijaran', 'masih', 'belum', 'nyala', 'min']",
DPLHwIlE0ry,2025-09-29 22:58:56 WIB,dheaaapriyanti_,"['belum', 'nyala', 'lo', 'sampai', 'skrng', 'dua', 'minggu', 'berturut', 'turut']",
DPLHwIlE0ry,2025-09-30 03:16:23 WIB,harijantoteguh,"['semangat', 'mas', 'bro']",
DPLHwIlE0ry,2025-09-30 07:51:58 WIB,nukemartha,"['pbi', 'airnya', 'keluar', 'tengah', 'malam', 'kapan', 'bisa', 'lancar', 'min', '?']",
DPLHwIlE0ry,2025-09-30 08:03:56 WIB,annisarosyidah_,"['min', 'masih', 'mati', 'aer', 'nyaaaaa']",
DPLHwIlE0ry,2025-09-30 11:43:07 WIB,thepurnamass,['wkwksouwiiu'],
DPLHwIlE0ry,2025-09-30 12:36:06 WIB,itsmevirgo_268,"['hallo', 'pak', 'di', 'pakal', 'veteran', 'kenapa', 'yaa', 'belum', 'nyala', 'air', 'nya', 'sampek', 'saat', 'ini']",
DPLHwIlE0ry,2025-09-30 14:29:03 WIB,bayuwahyu096,"['di', 'area', 'pakal', 'timur', 'min']",
DPLHwIlE0ry,2025-09-30 18:08:16 WIB,abdul_rahman_amank,['ok'],
DPLHwIlE0ry,2025-09-29 16:53:52 WIB,syzne_7,"['updatenya', 'gimana', '?', 'apakah', 'masih', 'fabrikasi', 'pipa', 'dan', 'pengelasan', '?']",
DPLHwIlE0ry,2025-09-29 17:00:58 WIB,ulfakhasanah09,"['blm', 'nyala', 'kan', 'kak', 'airnya', '?']",
DPLHwIlE0ry,2025-09-29 17:01:52 WIB,ulfakhasanah09,"['semoga', 'cepet', 'beres', 'dan', 'airnya', 'mengalir', 'deras']",
DPLHwIlE0ry,2025-09-29 17:06:22 WIB,syzne_7,"['belum', 'kak', 'sedari', 'kemarin', 'wkwk']",
DPLHwIlE0ry,2025-09-29 17:07:29 WIB,anisahnra,"['kalau', 'gak', 'bisa', 'memastikan', 'estimasi', 'pengerjaan', 'gausah', 'koar', 'koar', 'pake', 'ngomong', '“', 'kurleb', '<num>', 'jam', '”', 'mbleset', 'kan', 'akhirnya', 'wajar', 'bnyak', 'yg', 'marah', 'dan', 'kecewa']",
DPLHwIlE0ry,2025-09-29 17:33:20 WIB,rizqiamrii,"['tetap', 'semangat', 'panas', 'e', 'gak', 'umum']",
DPLHwIlE0ry,2025-09-29 17:44:42 WIB,hanisusant0,"['telfon', 'call', 'center', 'hampir', '<num>', 'panggilan', 'ga', 'ada', 'yg', 'nyaut', 'wa', 'ga', 'ada', 'kelanjutan', 'tapi', 'air', 'gak', 'nyala <num>', 'minta', 'tangki', 'kemana', '?', '?', '?', 'sementara', 'telfon', 'yg', 'jawab', 'robot']",
DPLHwIlE0ry,2025-09-29 17:46:37 WIB,chanisna,"['kapan', 'marine']",
DPLHwIlE0ry,2025-09-29 17:48:23 WIB,fitria2ningsih,"['ono', 'ae', 'pdhl', 'tahun-', 'tahun', 'sebelume', 'gak', 'prnh', 'lho', 'mati-mati', 'hampir', 'jarang', 'mbuh', 'tahun', 'iki', 'kok', 'ono', 'ae', 'sing', 'di', 'benakno']",
DPLHwIlE0ry,2025-09-29 17:55:10 WIB,dio50294,"['sampa', 'kapan', 'airnya', 'bisa', 'hidup', '?']",
DPLHwIlE0ry,2025-09-29 17:58:55 WIB,pemain_sosmed,"['gmn', 'perkembangannya', 'udah', 'nyala', 'belum', 'airnya']",
DPLHwIlE0ry,2025-09-29 18:04:29 WIB,_irwanfachri_,"['gerak', 'cepat', 'atau', 'hehehe']",
DPLHwIlE0ry,2025-09-29 18:21:48 WIB,denok197_,"['sue', 'neee', 'rekkkk', 'mosok', 'smpe', '<num> dino', 'ikiiiii', 'pasukane', 'di', 'tambah', 'ngunu', 'lo', 'ndang', 'mari', 'ndang', 'wes']",
DPLHwIlE0ry,2025-09-29 18:27:53 WIB,ristoys,"['wes', '<num>', 'dino', 'gak', 'mari <num>', 'tukuo', 'alat', 'seng', 'canggih', 'nak', 'cino', 'ae', 'cek', 'cepet', 'mari', 'lelet', 'dendo', 'ae', 'cepet', 'kali <num>', 'lipat']",
DPLHwIlE0ry,2025-09-29 18:34:03 WIB,khusniatur_rohma,"['please', 'pdam', 'klo', 'perbaikan', 'gak', 'beres <num>', 'gini', 'tangki', 'air', 'nya', 'gercep', 'gk', 'ush', 'nggu', 'pelanggan', 'tlp', 'dlu', 'lah', 'lgs', 'menuju', 'alamat', 'pelanggan', 'masak', 'gda', 'database', 'alamat', 'skrg', 'pada', 'tlp', 'cs', 'aja', 'susah', 'sibuk', 'trus']",
DPLHwIlE0ry,2025-09-29 18:37:33 WIB,rrydwnt,"['belum', 'nyala', 'air', 'nyaa', 'pak']",
DPLHwIlE0ry,2025-09-29 18:44:33 WIB,elruminara,"['iki', 'mlaku', 'nak', 'dalan', 'wes', 'dikiro', 'arek', 'punk']",
DPLHwIlE0ry,2025-09-29 18:58:02 WIB,rufpoguwi89,['setuju'],
DPLHwIlE0ry,2025-09-29 19:10:43 WIB,hanisusant0,"['terus', 'gimana', '?', 'telfon', 'call', 'center', 'gabisa', 'wa', 'juga', 'ga', 'ada', 'respon', 'kelanjutan', 'tangki', 'air', 'ga', 'mau', 'nyamperin', 'pelanggan', 'kita', 'disuruh', 'sabar', '?', 'mandi', 'pake', 'sabar', '?', '?', '?']",
DPLHwIlE0ry,2025-09-29 19:30:05 WIB,nabilamirzasisy,"['semoga', 'cepat', 'selesai', 'ya', 'pak', 'ini', 'sudah', '<num>', 'hari', 'air', 'nya', 'tidak', 'menyala']",
DPLHwIlE0ry,2025-09-29 19:39:29 WIB,nabilamirzasisy,"['kapan', 'selesai', 'nya', 'ini', 'udah', '<num>', 'hari', 'lo', 'semoga', 'malam', 'ini', 'air', 'nya', 'nyala']",
DPLHwIlE0ry,2025-09-29 19:41:43 WIB,nisaalinisa,"['alhmdulillah', 'air', 'sudh', 'nyala', 'trimksih', 'bnyak', 'mulai', 'dr', 'bantuan', 'air', 'tangki', 'gratis', 'nya', 'dan', 'bekerja', 'demi', 'kita', 'smua', 'smoga', 'para', 'pekerja', 'sehat', 'wal', 'afiat', 'dna', 'selalu', 'dlm', 'lindungan', 'allah', 'trimksih']",
DPLHwIlE0ry,2025-09-29 12:48:14 WIB,efendi_ashari,"['ayo', 'pak', 'semangat']",
DPLHwIlE0ry,2025-09-29 12:52:10 WIB,bekoolrock,"['pengajuan', 'baru', 'lama', 'antri', 'survey', 'brapa', 'hari', '?']",
DPLHwIlE0ry,2025-09-29 13:06:37 WIB,prayogi_0383,"['waduh', 'gak', 'mari <num>', 'sampai', 'gak', 'adus', 'gak', 'sikatan', '<num>', 'hari', 'iki', 'untung', 'e', 'sik', 'onok', 'tissu', 'tara', 'risu', 'gae', 'membasuh', 'gak', 'onok', 'kiriman', 'tangki', 'lah', 'piye', 'tonggoe', 'duwe', 'tandon', 'kabeh', 'njalok', 'kiriman', 'dewe', 'gak', 'dilayani', 'lah', 'wong', 'sak', 'tangki', 'gae', '<num> <num>', 'rumah']",
DPLHwIlE0ry,2025-09-29 13:07:31 WIB,prayogi_0383,"['wawik', 'e', 'gae', 'tissu', 'dhisik', 'dhulur', 'engkok', 'nek', 'wes', 'onok', 'banyu', 'baru', 'wawik']",
DPLHwIlE0ry,2025-09-29 13:07:52 WIB,meida_r_imani,"['dapat', 'info', 'dari', 'grup', 'rt', 'estimasi', 'air', 'nyala', 'jm', '<num>', 'bengi', 'tangki', 'air', 'keliling', 'baru', 'datang', 'pas', 'nang', 'omah', 'g', 'ono', 'wong', 'lanang', 'sing', 'angkat <num>', 'moso', 'bumil', 'iki', 'angkat <num>', 'dw']",
DPLHwIlE0ry,2025-09-29 13:08:32 WIB,andry_sr,"['semangat', 'buat', 'bapak', 'dan', 'ibu', 'pdam', 'yg', 'bertugas', 'semoga', 'pekerjaan', 'nya', 'lancar', 'dan', 'airnya', 'bisa', 'mengalir', 'kembali']",
DPLHwIlE0ry,2025-09-29 13:13:56 WIB,dedypujiharianto,"['kpn', 'ya', 'min', 'bs', 'normal', 'kembali', 'ini', 'sdh', 'hari', 'kedua', 'serta', 'sdh', 'krisis', 'air']",
DPLHwIlE0ry,2025-09-29 13:14:46 WIB,annisarosyidah_,"['sing', 'nduwe', 'tandonpun', 'wes', 'podo', 'entek', 'mbak', 'banyune']",
DPLHwIlE0ry,2025-09-29 13:17:56 WIB,carolusbagas,"['pak', 'saran', 'kalau', 'mesti', 'ngumpulin', '<num>', 'kk', '-', '<num>', 'kk', 'susah', 'karena', 'banyak', 'yg', 'kerja', 'rumahbkosong', 'mending', 'keliling', 'nawari', 'stiap', 'lokasi', 'tangki', 'air', 'gratisnya']",
DPLHwIlE0ry,2025-09-29 13:29:25 WIB,yr_fixcell,"['kapan', 'metu', 'banyu', 'eket', 'wingi', 'gk', 'metudrong', 'ados', 'ket', 'wingimasak', 'gk', 'nok', 'banyu', 'eawakk', 'boss']",
DPLHwIlE0ry,2025-09-29 13:38:16 WIB,stayoddbutgold,['preketek'],
DPLHwIlE0ry,2025-09-29 13:39:09 WIB,mwllyyaa.h,"['padahal', 'dari', 'jam', 'sabtu', 'jam', '<num>', 'udah', 'bocorr']",
DPLHwIlE0ry,2025-09-29 13:44:06 WIB,annisarosyidah_,"['<num>', 'dino', 'adus', 'banyu', 'galon', 'ruekkk']",
DPLHwIlE0ry,2025-09-29 13:51:06 WIB,rudih_azza,"['utk', 'teknis', 'kt', 'tdk', 'tau', 'sperti', 'apa', 'bpk', 'pdamyg', 'terpenting', 'secepatnya', 'terselesaikan', 'air', 'mengalir', 'dgn', 'normal', 'krn', 'kmrn', 'info', 'estimasi', '<num>', 'jam', 'tp', 'mbleset', 'kasihan', 'kt', 'pelanggan', 'jd', 'korban', 'smangat', 'tmn <num>', 'pdam']",
DPLHwIlE0ry,2025-09-29 13:52:00 WIB,izzatulmillahh,"['menyala', 'galonn']",
DPLHwIlE0ry,2025-09-29 13:52:53 WIB,izzatulmillahh,"['kerakan', 'semua', 'pasukan', 'pakk', 'biar', 'segera', 'selesaii']",
DPLHwIlE0ry,2025-09-29 13:58:57 WIB,ipit_queen,"['ndang', 'cepet', 'selesai', 'nggeh', 'gak', 'bs', 'mandi', 'kmrn', 'check', 'in', 'hotel']",
DPLHwIlE0ry,2025-09-29 14:06:06 WIB,sirikityulian,"['semoga', 'malam', 'sdh', 'bisa', 'selesai']",
DPLHwIlE0ry,2025-09-29 14:19:08 WIB,kartika_dewi_wibi_s,"['saya', 'juga', 'pendaftar', 'barualhamdulillah', 'sudah', 'realisasi', 'unt', 'surbey', '-', '<num>', 'smp', '<num>', 'harian']",
DPLHwIlE0ry,2025-09-29 14:24:34 WIB,bekoolrock,"['status', 'sudah', '``', 'antri', 'survey', ""''"", 'apakah', 'saya', 'berhak', 'mengikuti', 'promo', 'biaya', 'pasang', 'baru', '?', 'promo', 'berakhir', 'pada', '<num>', 'sep']",
DPLHwIlE0ry,2025-09-29 14:26:10 WIB,kartika_dewi_wibi_s,"['tetap', 'semangat', 'team', 'pdam', 'surabaya', 'selalu', 'diparingii', 'sehat']",
DPLHwIlE0ry,2025-09-29 15:14:24 WIB,rifaldo_arief,"['lek', 'sekirane', 'gk', 'mampu', 'nyeluk', 'enginer <num>', 'luar', 'negeri', 'ae']",
DPLHwIlE0ry,2025-09-29 15:49:41 WIB,tegar_kuncoro_adhi,"['<num>', 'dino', 'banyu', 'gak', 'metu', 'pak', 'dino', 'iki', 'mari', 'gak', '?']",
DPLHwIlE0ry,2025-09-29 16:09:26 WIB,albani.r.s,"['deadline', 'brapa', 'hari', 'ini', '?']",
DPLHwIlE0ry,2025-09-29 16:27:44 WIB,just_abi_maliq,"['yang', 'kami', 'minta', 'selaku', 'warga', 'surabayapenduduk', 'daerah', 'pakal', 'sekitarnya', '?', 'kamiminta', 'tolong', 'segera', 'cepat', 'selesai', 'karena', 'info', 'kemarin', 'estimasi', 'sampai', '<num>', 'jam', 'kenyataannya', 'sampai', 'pagi', 'hari', 'ini', 'belom', 'keluar', 'airnya', 'sepengetahuan', 'saya', 'daerah', 'pakalrejosari', 'selalu', 'rutin', 'mati', 'pdam', 'nyayg', 'berumah', 'tangga', 'ga', 'bisa', 'mandimasak', 'air', 'dll']",
DPLHwIlE0ry,2025-09-29 16:31:54 WIB,abdul_rahman_amank,"['sdh', 'bisa', 'ta', 'air', 'pdam', 'nya', '?']",
DPLHwIlE0ry,2025-09-29 16:33:35 WIB,yanidj_94,"['sdh', 'selesai', 'apa', 'belum', 'kenapa', 'belum', 'ada', 'info']",
DPLHwIlE0ry,2025-09-29 16:40:44 WIB,agnes_vindyanti91,"['sudah', 'selesai', 'ta', 'minsudah', '<num>', 'hari', 'ini', 'gk', 'ada', 'air', 'sama', 'sekali']",
DPLHwIlE0ry,2025-09-29 16:44:14 WIB,dhs.babykids,"['update', 'terbaru', 'dong', 'min', 'apa', 'sudah', 'ada', 'progres', '?']",
DPLHwIlE0ry,2025-09-29 16:45:39 WIB,radilaaisha99,"['estimasi', 'berapa', 'lama', 'lagi', 'perbaikannya', '?', '?']",
DPLHwIlE0ry,2025-09-29 16:52:48 WIB,veelovee99,"['iya', 'mana', 'cuaca', 'panas', 'bawaan', 'pengen', 'maen', 'aer', 'mulu', 'semoga', 'air', 'ngalir', 'deres', 'aamiin']",
DPLHwIlE0ry,2025-09-29 12:09:58 WIB,coucou.pookie,"['ayok', 'bapakk', 'dan', 'tim', 'semangat', 'semoga', 'sore', 'ini', 'sudah', 'lancarrrr']",
DPLHwIlE0ry,2025-09-29 12:10:18 WIB,keen.an2426,"['ku', 'harap', 'hari', 'ini', 'bisa', 'nyala', 'airnya']",
DPLHwIlE0ry,2025-09-29 12:13:54 WIB,bagus_arlang,['semangat'],
DPLHwIlE0ry,2025-09-29 12:14:28 WIB,widyarigga,"['semangat', 'bapak', 'dan', 'ibu', 'pdam', 'semoga', 'airnya', 'bisa', 'ngalir', 'hari', 'ini']",
DPLHwIlE0ry,2025-09-29 12:14:31 WIB,nurfaridah_ayik,"['alhamdulillah', 'sedikit', 'terbantu', 'dg', 'datangnya', 'tangki', 'air', 'gratis', 'semoga', 'segera', 'teratasi', 'g', 'tega', 'juga', 'tadi', 'pagi', 'berangkat', 'sekolah', 'banyak', 'pekerja', 'yg', 'kelelahan', 'sampai', 'tidur', 'di', 'pinggir <num>', 'jalan', 'terimakasih', 'dedikasinya', 'bapak', 'semoga', 'segera', 'teratasi']",
DPLHwIlE0ry,2025-09-29 12:16:15 WIB,hanifahdillah,"['semoga', 'hari', 'ini', 'bisa', 'keluar', 'airnya', 'wes', 'gak', 'adus', 'ket', 'wingi', 'iki', 'pak']",
DPLHwIlE0ry,2025-09-29 12:16:57 WIB,dena_rabbani,"['prediksinya', 'kapan', 'bisa', 'selesai', 'ya', 'pakdan', 'bisa', 'dialirkan', 'kembali', 'airnya', '?']",
DPLHwIlE0ry,2025-09-29 12:17:26 WIB,paapoolooh,"['proyek', 'pipa', 'jl', 'pucang', 'anom', '-', 'dharmawangsa', 'kapan', 'selesai', 'sdh', '<num>', 'bulan', 'hanya', 'ditutupi', 'saja', 'gak', 'ada', 'giat', 'nya']",
DPLHwIlE0ry,2025-09-29 12:24:12 WIB,mauraindahhh,"['kapan', 'min', 'airnya', 'nyala', 'udh', 'krisis', 'air', 'ini']",
DPLHwIlE0ry,2025-09-29 12:24:22 WIB,bund_bund_ar,"['semangat', 'bapak <num>', 'yg', 'bertugas', 'semoga', 'pengerjaan', 'lancar', 'dan', 'segera', 'selesai']",
DPLHwIlE0ry,2025-09-29 12:24:25 WIB,mauraindahhh,"['sama', 'mbk']",
DPLHwIlE0ry,2025-09-29 12:29:02 WIB,hanifahdillah,"['nasib', 'gak', 'duwe', 'tandon', 'ya', 'mbak', 'kunu', 'nangis', 'rasane', 'banyu', 'mati']",
DPLHwIlE0ry,2025-09-29 12:30:17 WIB,ifaalya20,"['semoga', 'hari', 'ini', 'bisa', 'ngalir', 'buat', 'bapak <num>', 'dilapangan', 'tetap', 'semangat', 'lancar', 'selalu']",
DPLHwIlE0ry,2025-09-29 12:34:16 WIB,mpuapv,"['suweeeeee', 'gk', 'isok', 'korah <num>', 'opomaneh', 'sango', 'rusak', 'pisan', 'wkwkwkkwkw']",
DPLHwIlE0ry,2025-09-29 12:39:19 WIB,damaxrif,"['sehat', 'slalu', 'bapak', 'dan', 'ibu', 'pam', 'surya', 'sembada', 'semoga', 'di', 'lancarkan', 'pekerjaannya', 'dan', 'lekas', 'mengalir', 'normal', 'airnya', 'semangat']",
DPLHwIlE0ry,2025-09-29 12:41:16 WIB,samie_sr,"['ahhhh', 'apaa', 'apaaan', 'initelat', 'bayar', 'denda', 'kalau', 'gangguan', 'ke', 'akean', 'drama']",
DPLHwIlE0ry,2025-09-29 12:44:31 WIB,irfadwip,"['cerah', 'cerah', 'wajahku', 'gak', 'onok', 'cerah <num> e', 'iki', 'gara <num>', 'gak', 'adus', 'mbak']",
DPIc55CE5Cg,2025-09-28 11:39:11 WIB,4gusmr,"['apakah', 'aplikasi', 'cis', 'pam', 'surabayabisa', 'untuk', 'pengaduan', '?', 'sudah', 'laporan', 'tapi', 'tidak', 'ada', 'tindak', 'lanjut', '?']",
DPIc55CE5Cg,2025-09-28 11:56:42 WIB,widyarigga,"['keren', 'bgt', 'kontennya', 'kak']",
DPIc55CE5Cg,2025-09-28 12:49:14 WIB,ann.wattimena,"['kerennn', 'minn']",
DPIc55CE5Cg,2025-09-28 17:33:59 WIB,presarioqalamm,"['mantappp', 'min', 'kontennya']",
DPIc55CE5Cg,2025-09-28 18:05:23 WIB,azamroni44,"['keren', 'mimin', 'dirgahayu', 'ke', '<num>', 'dari', 'tetangga', 'di', 'daop', '<num>']",
DPIc55CE5Cg,2025-09-28 18:53:54 WIB,rizqiamrii,['mbois'],
DPIc55CE5Cg,2025-09-28 19:46:13 WIB,bagus_arlang,['josss'],
DPIc55CE5Cg,2025-09-28 22:07:26 WIB,anikyuli,"['tolong', 'diupdate', 'perbaikan', 'pipa', 'bocornya', 'sampe', 'mana', 'min', 'besok', 'senin', 'jam', 'sibuk', 'tolong']",
DPIc55CE5Cg,2025-09-30 22:41:36 WIB,bustanul.arifin88,"['lanjut', 'tema', 'kesehatan', 'kebugaran', 'min', 'atau', 'keselamatan', 'saat', 'berkendara']",
DPOAl3MjhAb,2025-09-30 15:00:58 WIB,kartarsurabaya.official,['ashiapp'],
DPIGmZnExJk,2025-09-29 21:12:09 WIB,ullywulan_d,"['nggih', 'alhamdulillah', 'pak', 'terima', 'kasih', 'atas', 'kerja', 'kerasnya', 'bapak', 'bapak', 'pdam', 'sekarang', 'sumber', 'air', 'su', 'dekat']",
DPIGmZnExJk,2025-09-29 21:18:58 WIB,amaliaamalia207,"['alhmdllh', 'trima', 'kasih', 'buat', 'tim', 'hebat', 'pdam']",
DPIGmZnExJk,2025-09-29 21:25:03 WIB,shafaardini,"['sudah', 'kak', 'ternyata', 'ada', 'kebocoran', 'dikarenakan', 'pembangunan', 'box', 'culvert', 'terima', 'kasih', 'atas', 'perhatiannya']",
DPIGmZnExJk,2025-09-29 21:34:37 WIB,nur.zulfia,"['terimakasih', 'min']",
DPIGmZnExJk,2025-09-29 21:50:39 WIB,mayarnata,"['terimakasih', 'utk', 'perbaikan', 'nya']",
DPIGmZnExJk,2025-09-29 21:53:36 WIB,ainuratmi,"['air', 'sudah', 'keluar', 'tapi', 'keruh', 'min', 'gimana', 'ini']",
DPIGmZnExJk,2025-09-29 21:58:08 WIB,septianarbianto,"['oke', 'terima', 'kasih', 'min']",
DPIGmZnExJk,2025-09-29 22:01:43 WIB,chenlemiau,['terimakasih'],
DPIGmZnExJk,2025-09-29 22:03:55 WIB,ainuratmi,"['berapa', 'lama', 'min', 'biasanya', 'untuk', 'bisa', 'jernih', 'kembali', '?']",
DPIGmZnExJk,2025-09-29 22:45:08 WIB,ulfakhasanah09,"['terimakasih', 'banyak', 'ya', 'pak', 'sdh', 'bekerja', 'keras']",
DPIGmZnExJk,2025-09-30 00:59:47 WIB,dyahnaw,"['tadi', 'pagi', 'sudah', 'keluar', 'airnya', 'sekarang', 'mati', 'lagi', 'sekitar', 'jam', '<num> an', 'malam', 'ini', 'tolong', 'ditindaklanjuti', 'kembali', 'pembangunan', 'box', 'culvert', 'ini', 'selalu', 'mengganggu', 'stabilitas', 'air', 'bagaimana', 'ini', 'pak']",
DPIGmZnExJk,2025-09-30 02:30:10 WIB,shafaardini,"['sampai', 'sekarang', 'masih', 'mati', 'airnya', 'harus', 'di', 'denda', 'ini', 'proyeknya', 'mengganggu', 'kenyamanan', 'warga']",
DPIGmZnExJk,2025-09-30 06:10:03 WIB,fikihanis,"['pondok', 'benowo', 'indah', 'masih', 'blum', 'nyala', 'air', 'nya', 'sampe', 'pagi', 'ini']",
DPIGmZnExJk,2025-09-30 06:17:09 WIB,yusyusb0b,"['sudah', 'nyala', 'kah', 'airnya', '?', 'smpe', 'pulkam', 'saya', 'krena', 'gabisa', 'g', 'ada', 'air']",
DPIGmZnExJk,2025-09-30 06:23:23 WIB,anawidyaningsih46,"['yaa', 'makasih', 'min', 'updatenya']",
DPIGmZnExJk,2025-09-30 06:38:58 WIB,anawidyaningsih46,"['ngalir', 'min', 'meskipun', 'kecil', 'debitnya', 'mungkin', 'krn', 'pemakai', 'nyalakan', 'air', 'semua', 'yaa', 'jd', 'ngefek', 'ke', 'debit', 'air']",
DPIGmZnExJk,2025-09-30 07:30:51 WIB,rosidah_ummah,"['baik', 'bapak', 'terima', 'kasih']",
DPIGmZnExJk,2025-09-30 07:41:33 WIB,yusyusb0b,"['pakal', 'madya', 'kak']",
DPIGmZnExJk,2025-09-30 09:41:16 WIB,anawidyaningsih46,"['baik', 'trimakasih', 'banyak', 'min']",
DPIGmZnExJk,2025-09-30 10:20:25 WIB,ullywulan_d,"['setelah', 'perbaikan', 'pipa', 'kemarin', 'kok', 'air', 'dirumah', 'saya', 'rejosari', 'gang', 'jeruk', 'jadi', 'kecil', 'banget', 'ya', 'pak', '?', 'gak', 'seperti', 'sebelumnya', 'skrg', 'airnya', 'jadi', 'kecil', 'jadi', 'gak', 'sampe', 'kedapur', 'pak', 'airnya']",
DPIGmZnExJk,2025-09-30 10:21:25 WIB,ullywulan_d,"['setelah', 'perbaikan', 'pipa', 'kemarin', 'kok', 'air', 'dirumah', 'saya', 'gang', 'jeruk', 'jadi', 'kecil', 'banget', 'ya', 'pak', '?', 'gak', 'seperti', 'sebelumnya', 'skrg', 'airnya', 'jadi', 'kecil', 'jadi', 'gak', 'sampe', 'kedapur', 'pak', 'airnya']",
DPIGmZnExJk,2025-09-30 16:40:44 WIB,aaaudiye_lyv,"['ya', 'allah', 'min', 'kpan', 'iki', 'nyalanya', 'anggota', 'klga', 'banyak', 'anak', 'kecil', 'bnyak', 'air', 'gak', 'nyala', ""''"", 'beli', 'air', 'galon', 'trus', 'mati', 'sampek', '<num>', 'hari', 'rek', 'tiap', 'mari', 'bayar', 'tagihan', 'kok', 'ginii', 'ya']",
DPIGmZnExJk,2025-09-30 16:52:18 WIB,aaaudiye_lyv,"['sama', 'kk', 'aq', 'tiap', 'bulannya', 'kena', '<num>', 'kdang', 'lbih', 'gak', 'ada', 'tandon', 'nanti', 'pda', 'jam', 'tertentu', 'mati', 'pagi', 'wktue', 'shubuh', 'sampai', 'jm', '<num>', 'mati', 'sore', 'nya', 'mati', 'lagi', 'jam', 'stgah', '<num>', 'sampek', 'isyak', 'apa', ""''"", 'pkerjaan', 'hrs', 'nunggu', 'air', 'pdahal', 'byar', 'gak', 'pernah', 'telat', 'bayar', 'sgitu', ""''"", 'trus', 'tp', 'air', 'sering', 'mati']",
DPIGmZnExJk,2025-09-30 18:43:53 WIB,ajeng_je,"['lak', 'yoo', 'kuereeeenn', 'saiki', 'wes', 'bersih', 'siih', 'banyube']",
DPIGmZnExJk,2025-09-29 20:47:54 WIB,keen.an2426,"['iya', 'sudah', 'selesai', 'baru', 'ini', 'udh', 'ngalir']",
DPIGmZnExJk,2025-09-29 20:49:34 WIB,fellici4_,"['masih', 'belum', 'menyala', 'di', 'rumah', 'saya']",
DPIGmZnExJk,2025-09-29 20:53:51 WIB,shintaochin32,"['trs', 'bsk', 'bakal', 'mati', 'lg', 'ga', 'pak', '?', '?', '?', 'soalnya', 'g', 'ad', 'pemberitahuan', 'jdi', 'qt', 'g', 'bs', 'nampung', 'air', 'di', 'ember <num>', 'tolong', 'lah', 'klo', 'ada', 'perbaikan', 'di', 'sebar', 'infonya', 'jgn', 'cm', 'di', 'sosmed', 'aja', 'krn', 'ga', 'smua', 'orang', 'punya', 'sosmed']",
DPIGmZnExJk,2025-09-29 20:54:49 WIB,poncoae,"['terima', 'kasih', 'infonya']",
DPIGmZnExJk,2025-09-29 11:45:58 WIB,dicky_property99,"['wilayah', 'ku', 'bosss', 'hadehh']",
DPIGmZnExJk,2025-09-29 11:46:09 WIB,dicky_property99,"['koyok', 'nag', 'gaza', 'kekeringan', 'wkwkwkkw']",
DPIGmZnExJk,2025-09-29 11:53:53 WIB,pergiidekatt,"['sek', 'suwe', 'ta', 'boss', '?', 'wes', '<num> hari', 'loh', 'iki', 'bos', 'bos', 'lek', 'perkoro', 'denda', 'opo', 'bayar', 'membayar', 'kudu', 'tepat', 'waktu', 'lek', 'perkoro', 'koyok', 'ngene', 'onok', 'kendala', 'malah', 'pengerjaanmu', 'kesuwen', 'ga', 'masuk', 'blas', 'boss']",
DPIGmZnExJk,2025-09-29 12:04:07 WIB,mauraindahhh,"['kapan', 'min', 'airnya', 'nyala', 'udh', 'tidak', 'ada', 'air', 'nih']",
DPIGmZnExJk,2025-09-29 13:35:12 WIB,edyaskaa,"['mana', 'ada', '<num>', 'jam', 'sakdinoan', 'iki', 'wesaaannnnnn', 'ayo', 'ndang', 'nyalano', 'banyune']",
DPIGmZnExJk,2025-09-29 13:37:20 WIB,stayoddbutgold,"['<num> x', 'dalam', 'rentang', '<num>', 'minggu', 'loh', 'pdam', 'e', 'ngeneee', 'daerah', 'benowo', 'dan', 'sekitar', 'mana', 'blg', '<num>', 'jam', 'fana', 'bgt']",
DPIGmZnExJk,2025-09-29 14:56:25 WIB,rizqiikurnia,"['tolong', 'diupdate', 'lagi', 'sampai', 'mana', 'min', 'perbaikannya']",
DPIGmZnExJk,2025-09-29 15:07:51 WIB,rifaldo_arief,"['jam', '<num>', 'terpantau', 'belum', 'keluar', 'air']",
DPIGmZnExJk,2025-09-29 15:38:28 WIB,wahyubasuki90,"['min', 'sampek', 'saat', 'ini', '<num>', 'sept', 'pukul', '<num>', 'apa', 'sudah', 'selesai', 'perbaikannya', '?', 'mohon', 'infonya']",
DPIGmZnExJk,2025-09-29 16:14:30 WIB,stayoddbutgold,"['sulit', 'nyambung', 'di', 'telfonnya', 'kalau', 'gampang', 'kan', 'ga', 'akan', 'ngomel', 'min']",
DPIGmZnExJk,2025-09-29 16:25:07 WIB,vickyrianap,"['pean', 'sek', 'lama', 'ta', 'min', 'selak', 'berengen', 'min']",
DPIGmZnExJk,2025-09-29 17:06:51 WIB,darso_nae,"['kira <num>', 'sampe', 'brp', 'hari', 'lg', 'untuk', 'menyelesaikan', 'penyambungan', 'pipa', 'molornya', 'dari', 'estimasi', 'terlalu', 'jauh']",
DPIGmZnExJk,2025-09-29 17:45:15 WIB,chanisna,"['kpan', 'marine', 'minn']",
DPIGmZnExJk,2025-09-29 17:53:57 WIB,hakmania_,"['masih', 'mati', 'dari', 'makam', 'benowo', 'min']",
DPIGmZnExJk,2025-09-29 18:14:12 WIB,ajeng_je,"['minn', '-', '<num>', 'jam', 'lah', 'ini', 'ditambah', '<num>', 'jam', 'min', 'begitu', 'saja', 'kok', ""bo'ong"", 'min']",
DPIGmZnExJk,2025-09-29 18:22:23 WIB,verradyta44,"['sy', 'aja', 'kaplingan', 'tiba-tiba', 'jadi', 'kode', 'nya', '<num>', 'melonjak', 'tiga', 'kali', 'lipat', 'bayar', 'nya', 'tiap', 'bln', 'komplain', 'percuma', 'cuma', 'di', 'datengin', 'petugas', 'tok', 'tp', 'ga', 'ada', 'solusinya']",
DPIGmZnExJk,2025-09-29 18:32:18 WIB,kingofeldo,"['sampai', 'detik', 'ini', 'air', 'juga', 'tidak', 'nyala', 'estimasi', '<num>', 'jam', 'benarkah', '?']",
DPIGmZnExJk,2025-09-29 18:42:03 WIB,lee_chamoomilee,"['tolong', 'ya', 'bapak', 'admin', 'atau', 'ibu', 'admin', 'tolong', 'gak', 'semua', 'orang', 'punya', 'penyimpanan', 'air', 'atau', 'tandon', 'dan', 'gk', 'semua', 'orang', 'juga', 'punya', 'sumur', 'hanya', 'mengandalkan', 'air', 'pdam', 'saja', 'kalo', '<num>', 'bulan', 'saja', 'bisa', 'sampai', '<num> x', 'mati', 'dan', 'mati', 'jg', 'bisa', 'sampe', 'lebih', 'dari', '<num>', 'hari', 'tidak', 'sebanding', 'dengan', 'tagihan', 'air', 'saya', 'dan', 'juga', 'denda', 'yg', 'di', 'buat', 'telat', 'sehari', 'sudah', 'denda']",
DPIGmZnExJk,2025-09-29 18:46:13 WIB,lee_chamoomilee,"['mulai', 'dari', 'cuci', 'tangan', 'saja', 'butuh', 'air', 'buang', 'air', 'kecil', 'buang', 'air', 'besar', 'mandi', 'cuci', 'piring', 'cuci', 'baju', 'cuci', 'apa', 'saja', 'pakai', 'air', 'kita', 'bukan', 'orang', 'bule', 'atau', 'orang', 'luar', 'yg', 'buang', 'air', 'kecil', 'lap', 'pake', 'tisu', 'cukup', 'bisa', 'bisa', 'kena', 'penyakit', 'kalo', 'kayak', 'gini', 'kenapa', '?', 'sering', 'nahan', 'pipis', 'nahan', 'eek', 'gatal <num>', 'gak', 'mandi', 'penyebabnya', 'karna', 'tidak', 'ada', 'air', 'saya', 'sih', 'kalo', 'tagihan', 'air', 'mahal', 'gk', 'bakal', 'komplain', 'kalo', 'sesuai', 'pemakaian', 'saya', 'puas', 'dengan', 'air', 'berlimpah <num>', 'air', 'dirumah', 'saya', 'lah', 'ini', 'sampe', 'kekeringan', 'kalo', 'normal', 'pun', 'di', 'jam', 'jam', 'tertentu', 'juga', 'mati', 'kok', 'saya', 'gak', 'ada', 'berlimpah', 'air', 'dirumah', 'tagihan', 'sampe', 'segitu', 'bikin', 'pusing']",
DPIGmZnExJk,2025-09-29 18:50:56 WIB,chenlemiau,"['bagaimana', 'saya', 'bisa', 'mendapatkan', 'bantuan', 'air', 'tangki', 'krn', 'sejak', 'kemarin', 'kekurangan', 'air']",
DPIGmZnExJk,2025-09-29 20:23:17 WIB,rifaldokaka,"['alhamdulillah', 'air', 'daerah', 'beji', 'pdam', 'sudah', 'nyala', 'makasih']",
DPIGmZnExJk,2025-09-29 20:37:19 WIB,kingofeldo,"['<num>', 'saya', 'cek', 'area', 'pakal', 'belum', 'mengalir', 'airnya', 'sekian', 'terimakasih']",
DPIGmZnExJk,2025-09-29 07:17:23 WIB,nikma.pandiangan,"['aras <num>', 'en', 'masak', 'min', 'gag', 'iso', 'ngumbah', 'iwak', 'adus', 'yo', 'gag', 'iso', 'ape', 'pipis', 'ae', 'nahan', 'sek', 'nunggu', 'kebelet', 'bgt', 'baru', 'pipis', 'saking', 'hemat', 'air', 'e']",
DPIGmZnExJk,2025-09-29 07:21:39 WIB,naannanau,"['krja', 'ngapain', 'aja']",
DPIGmZnExJk,2025-09-29 07:28:36 WIB,nisaalinisa,"['min', 'klau', 'pengelasan', 'kira', ""''"", 'lama', 'apa', 'tidak', 'ya']",
DPIGmZnExJk,2025-09-29 07:40:49 WIB,malio_hartigan01,"['min', 'sya', 'gk', 'bisa', 'mandi', 'air', 'belum', 'nayala']",
DPIGmZnExJk,2025-09-29 07:42:30 WIB,kathllllleeen,"['sudah', '<num> x', 'ya', 'min', 'pertama', 'disememi', 'dari', 'kemarin', 'sampe', 'skrg', 'ini', 'bukit', 'palma', 'tiap', 'weekend', 'selalu', 'kekurangan', 'air']",
DPIGmZnExJk,2025-09-29 07:43:48 WIB,ristoys,"['sudah', 'koordinasi', 'sama', 'pak', 'rt', 'tadi', 'kerumah', 'tetangga', 'juga', 'udah', 'laporan', 'keluhan', 'bantuan', 'air', 'tangki', 'mana', 'g', 'dateng <num>', 'wawa', 'pak', 'rt', 'aja', 'ga', 'di', 'bales <num>']",
DPIGmZnExJk,2025-09-29 07:48:23 WIB,abi_sabina,"['min', 'aku', 'mau', 'mari', 'wik', 'wik', 'tak', 'sangkakno', 'kate', 'urip', 'dilalah', 'trnyata', 'gak', 'urip']",
DPIGmZnExJk,2025-09-29 07:55:12 WIB,nelly_qaisya,"['sudah', 'lebih', 'dr', '<num>', 'jam', 'lhooo', 'ini', 'masak', 'g', 'nyala <num>', 'masak', 'iya', 'nanti', 'sore', 'saya', 'mandi', 'd', 'tempat', 'kerja']",
DPIGmZnExJk,2025-09-29 08:02:41 WIB,lee_chamoomilee,"['pagi', 'min', 'utk', 'pondok', 'benowo', 'indah', 'apa', 'jg', 'terkena', 'dampaknya', '?', 'ini', 'saya', 'mau', 'interview', 'kerja', 'masa', 'ndak', 'mandi', 'tolong', 'dibantu', 'utk', 'petugas', 'perbaikan', 'nya', 'di', 'push', 'jangan', 'di', 'lama', 'lama', 'kan', 'kalo', 'bisa', 'dikerjakan', 'gotong', 'royong', 'biar', 'cepat', 'selesai', 'karna', 'air', 'ini', 'kehidupan', 'kalo', 'gk', 'ada', 'air', 'gk', 'bisa', 'ngapa <num> in', 'dan', 'saya', 'komen', 'ulang', 'soal', 'tagihan', 'air', 'yg', 'tidak', 'bisa', 'di', 'logika', '<num>', 'bulan', 'dari', 'bulan', 'mei', 'hingga', 'september', 'ini', 'total', 'tagihan', 'yg', 'saya', 'bayar', '<num>', 'juta', '<num>', 'an', 'dengan', 'kondisi', 'tidak', 'pakai', 'sanyo', 'air', 'mati', 'di', 'jam', 'tertentu', 'yg', 'artinya', 'tidak', 'nyala', '<num>', 'jam', 'tidak', 'memakai', 'tandon', 'artinya', 'tidak', 'menyimpan', 'air', 'banyak', 'hanya', 'di', 'bak', 'mandi', 'saja', 'cuci', 'baju', '<num> x', 'seminggu', 'masak', 'tidak', 'tiap', 'hari', 'makan', 'beli', 'cuci', 'piring', 'jg', 'bukan', 'cuci', 'piring', 'hajatan', 'pemakaian', 'rumah', 'tangga', 'saja', 'wajar', 'ndak', 'min', 'kalo', '<num>', 'jt', 'utk', 'tagihan', 'air', 'saja', '?', '?', 'sedangkan', 'kondisi', 'air', 'yg', 'begini', 'tolong', 'ya', 'min', 'jangan', 'sering', 'mati', 'bayar', 'telat', '<num>', 'hari', 'saja', 'sudah', 'didenda', 'loh', 'gk', 'ada', 'toleransi', 'sama', 'sekali', 'tapi', 'kalo', 'matiin', 'air', 'kok', 'sampe', 'selama', 'ini', 'udh', 'keberapa', 'kali', 'ini', 'mati', 'airnya', 'perbaikan', 'yg', 'membutuhkan', 'waktu', 'lama', 'gk', 'cukup', 'beberapa', 'jam', 'saja']",
DPIGmZnExJk,2025-09-29 08:03:11 WIB,amaliaamalia207,"['maaf', 'min', 'pdam', 'nya', 'belum', 'selesai', 'ya', 'sudah', '<num>', 'hari', 'airnya', 'mati', 'kpan', 'airnya', 'bisa', 'mengalir', 'lagi']",
DPIGmZnExJk,2025-09-29 08:05:32 WIB,yanidj_94,"['min', 'tolong', 'pengelasannya', 'brp', 'lama', 'kenapa', 'kinerjanya', 'lambat', 'sekali', '<num>', 'jam', 'lebih', 'loh', 'ini', 'kita', 'gak', 'ada', 'air', 'sm', 'skali']",
DPIGmZnExJk,2025-09-29 08:24:52 WIB,d1_m_s.dms,"['kata', 'e', 'estimasi', '<num>', 'jam', 'bisa', 'lebih', 'bisa', 'kurang', 'tapi', 'smpe', 'tadi', 'pagi', 'kok', 'iseh', 'ga', 'bisa', 'minnn']",
DPIGmZnExJk,2025-09-29 08:33:20 WIB,shofiereni,"['tolong', 'ya', 'yang', 'terhormat', 'bapak', 'kepala', 'pdam', 'surya', 'sembada', 'arief', 'wisnu', 'cahyono', 'st', 'saya', 'bayar', 'retribusi', 'sebesar', '<num>', 'ribu', 'untuk', 'biaya', 'pemeliharaan', 'dan', 'perbaikan', 'seperti', 'initerus', 'terang', 'saya', 'kecewa', 'untuk', 'pelayanannya', 'berdasarkan', 'informasi', 'saat', 'ini', 'jumlah', 'pelanggan', 'sambungan', 'rumah', 'surya', 'sembada', 'saat', 'ini', '<num>', 'jika', 'dikalikan', 'biaya', 'retribusi', '<num>', 'ribu', 'per', 'rumah', 'totalnya', 'rp', '<num>', 'atau', 'enam', 'miliar', 'sembilan', 'ratus', 'dua', 'puluh', 'sembilan', 'juta', 'lima', 'ratus', 'sembilan', 'puluh', 'tiga', 'ribu', 'rupiah', 'dengan', 'uang', 'sebesar', 'itu', 'gak', 'mungkin', 'dong', 'dikorupsi', 'dan', 'tidak', 'mungkin', 'diselewengkan', 'juga', 'dong', 'tolong', 'di', 'perbaiki', 'pelayanannya', 'kita', 'pelanggan', 'tidak', 'meminta', 'kompensasi', 'apapun']",
DPIGmZnExJk,2025-09-29 08:37:07 WIB,silvia.ari96,"['<num>', 'jam', 'tanpa', 'air', 'mengalir']",
DPIGmZnExJk,2025-09-29 08:50:27 WIB,rosidah_ummah,"['oallah', 'tetap', 'harus', 'call', 'dulu', 'ya', 'pak', 'tp', 'di', 'call', 'no', 'sibuk', 'terus', 'masalahnya', 'kalau', 'air', 'udah', 'kehambat', 'keperluan', 'yg', 'lain', '”', 'jg', 'ikut', 'kehambat', 'bapak', '...', 'buat', 'mandi', 'sama', 'cuci', 'piring', 'ada', 'sampek', 'dibelani', 'beli', 'air', 'galon', 'loh', 'udah', 'habis', '<num>', 'galon', 'ini', 'bab', 'maupun', 'bak', 'harus', 'nahan', 'nahan']",
DPIGmZnExJk,2025-09-29 08:57:18 WIB,devilstari._,"['iya', 'sama', 'kak', 'aku', 'beli', 'galon', 'isi', 'ulang', 'buat', 'masak', 'tandon', 'aku', 'juga', 'kehabisan', 'sampe', 'sekrng', 'ga', 'keluar']",
DPIGmZnExJk,2025-09-29 08:57:22 WIB,tut.tiitut_,"['sampek', 'kapan', 'min', '?', 'lama', 'amat']",
DPIGmZnExJk,2025-09-29 09:13:09 WIB,fellici4_,"['apakah', 'hari', 'ini', 'akan', 'selesai', 'pembetulan', 'pdamnya', '?', '?', '?']",
DPIGmZnExJk,2025-09-29 09:13:50 WIB,fellici4_,"['kebanyakan', 'minta', 'doa']",
DPIGmZnExJk,2025-09-29 09:15:40 WIB,mpuapv,"['masih', 'dalam', 'pengelasan', 'wkwkwkkw', 'di', 'perak', 'ngelas', 'lambung', 'kapal', 'dibawah', 'air', 'aja', 'cepet', 'lho', 'wkwkwk']",
DPIGmZnExJk,2025-09-29 09:17:15 WIB,rifaldokaka,"['yaa', 'kudune', 'dari', 'tim', 'pdam', 'yg', 'keliling', 'antar', 'tangki', 'air', 'nya', 'ke', 'tempat', 'yg', 'terkena', 'perbaikan', 'bukan', 'rakyat', 'yg', 'mesti', 'menghubungi', 'ayolahh', 'sing', 'tas', 'tes', 'cak', 'cek', 'iki', 'suroboyo', 'dudu', 'pedalaman']",
DPIGmZnExJk,2025-09-29 09:29:11 WIB,aditroyy27,"['yaopo', 'min', 'kok', 'durung', 'mengalir', 'banyu', 'e', 'wong', 'di', 'kongkon', 'doa', 'terus', 'tapi', 'gak', 'onok', 'hasile', 'urip', 'gak', 'onok', 'banyu', 'koyok', 'urip', 'ng', 'pedalaman', 'ping']",
DPIGmZnExJk,2025-09-29 09:34:17 WIB,silvia.ari96,"['sdh', '<num>', 'jam', 'air', 'blm', 'jg', 'mengalir']",
DPIGmZnExJk,2025-09-29 09:35:47 WIB,widyawidjanarko,"['ayo', 'woi', 'min', 'aku', 'dorong', 'cawik', 'iki']",
DPIGmZnExJk,2025-09-29 09:36:23 WIB,aditroyy27,"['mohon', 'maaf', 'atas', 'gangguan', 'air', 'yg', 'terjadi', 'krn', 'dampak', 'pekerjaan', 'pipa', 'bocor', 'di', 'bukit', 'palma', 'saat', 'ini', 'petugas', 'sedang', 'proses', 'pengelasan', 'pipa', 'mohon', 'doanya', 'agar', 'pekerjaan', 'lekas', 'selesai', 'dan', 'air', 'bisa', 'mengalir', 'kembali', 'ke', 'tempat', 'masyarakat', 'terdampak', 'ngunu', 'ae', 'teross', 'sampek', 'riyoyo']",
DPIGmZnExJk,2025-09-29 09:37:58 WIB,wahyupreneur,"['sampai', 'sekarang', '<num>', 'tgl', '<num>', 'air', 'blm', 'keluar', 'mana', 'rt', 'lagi', 'keluar', 'banyak', 'warga', 'yang', 'kesusahan', 'kalau', 'gini', 'bulan', 'depan', 'harus', 'ada', 'kompensasi', 'yaitu', 'gratis', 'selama', 'oktober']",
DPIGmZnExJk,2025-09-29 09:49:10 WIB,anggunerviana,"['wes', 'nyala', 'ta', 'durung', 'min']",
DPIGmZnExJk,2025-09-29 09:55:38 WIB,d1_m_s.dms,['eymmmmmm'],
DPIGmZnExJk,2025-09-29 10:07:40 WIB,boss_skoel_catering,"['kalau', 'sampai', '<num> jt', 'coba', 'cek', 'barangkali', 'ada', 'pipa', 'yg', 'bocor', 'kak', 'ini', 'saya', 'pernah', 'alami', 'hbs', 'di', 'betulin', 'pipanya', 'baru', 'normal', 'lagi']",
DPIGmZnExJk,2025-09-29 10:22:55 WIB,ud.kabul_kajate,"['rejosari', 'masih', 'belum', 'mengalir', 'airnya']",
DPIGmZnExJk,2025-09-29 10:26:03 WIB,fafa_mubin,"['sudah', 'senin', 'pun', 'belum', 'keluar']",
DPIGmZnExJk,2025-09-29 10:48:46 WIB,heri_m.a.m,['hlukk'],
DPIGmZnExJk,2025-09-29 10:54:46 WIB,lee_chamoomilee,"['sudah', 'pernah', 'komplain', 'dan', 'di', 'cek', 'petugas', 'jawaban', 'tidak', 'ada', 'kebocoran', 'dan', 'sesuai', 'pemakaian', 'kak', 'saya', 'butuh', 'solusi', 'utk', 'tagihan', 'yg', 'bikin', 'pusing', 'ini', 'tapi', 'ndak', 'ada', 'solusi']",
DPIGmZnExJk,2025-09-29 10:55:23 WIB,lee_chamoomilee,"['saya', 'sudah', 'komplain', 'itu', 'bulan', 'juli', 'sekarang', 'saya', 'sdh', 'komplain', 'lagi']",
DPIGmZnExJk,2025-09-29 10:57:01 WIB,lee_chamoomilee,"['iya', 'min', 'dari', 'bulan', 'mei', 'hingga', 'september', 'tagihan', '<num>', 'rb', '<num>', 'rb', '<num>', 'rb', 'pokoknya', 'diatas', '<num>', 'rb', 'saya', 'sudah', 'komplaain', 'melalui', 'wa', 'pdam', 'selasa', 'ada', 'petugas', 'kesini', 'saya', 'harap', 'ada', 'solusi', 'nya', 'karna', 'ini', 'bukan', 'perumahan', 'elit', 'dgn', 'di', 'kenakan', 'kode', 'tarif', '<num>']",
DPIGmZnExJk,2025-09-29 11:01:33 WIB,feby_bibi,"['sudah', '<num> jam', 'lebih', 'loh', 'mingimana', 'ini']",
DPIGmZnExJk,2025-09-29 11:05:28 WIB,rifaldo_arief,"['maen', 'mu', 'apik', 'min']",
DPIGmZnExJk,2025-09-29 11:06:14 WIB,carolusbagas,"['operator', 'di', 'telp', 'ga', 'iso', 'blass', 'pie', 'iki', 'banyu', 'e', 'ga', 'onok', 'woi']",
DPIGmZnExJk,2025-09-29 11:06:45 WIB,poncoae,"['air', 'kok', 'masih', 'kecil', 'blm', 'selesai', 'perbaikan', 'kah', '?']",
DPIGmZnExJk,2025-09-29 11:11:01 WIB,lakhah_zaqi,"['sudah', 'selesai', 'ta', 'min', 'perbaikannya', '?', '?', 'korah <num> an', 'numpuk', 'cucian', 'menggunung', 'g', 'air', 'buat', 'mandi', 'tolong', 'dipercepat', 'sudah', 'lebih', 'dari', 'estimasi', 'ini']",
DPIGmZnExJk,2025-09-29 11:15:57 WIB,keen.an2426,"['sangat', 'mengecewakan', 'skali', 'mati', 'smpek', '<num>', 'hari', 'ini']",
DPIGmZnExJk,2025-09-29 11:17:33 WIB,keen.an2426,"['estimasi', 'tulisan', '<num> jam', 'cs', 'di', 'telpn', 'slalu', 'di', 'alihkan', 'ke', 'sibuk', 'trus', 'maunya', 'apa', 'min', 'cri', 'solusi', 'min', 'perbaikan', 'tpi', 'gk', 'menyusahkan', 'warga', 'gimana']",
DPIGmZnExJk,2025-09-29 11:24:28 WIB,lagistreszzh,"['coba', 'waktu', 'di', 'pimpin', 'bu', 'risma', 'apa', 'berani', 'seperti', 'ini', 'estimasi', '<num>', 'jam', 'jadinya', '<num>', 'x', '<num>', 'jam']",
DPIGmZnExJk,2025-09-29 11:30:13 WIB,d1_m_s.dms,"['yoo', 'diparani', 'cak', 'kantor', 'e', 'diobrak', 'i', 'karo', 'mak', 'risma']",
DPIGmZnExJk,2025-09-29 11:40:14 WIB,anawidyaningsih46,"['min', 'sampe', 'jam', 'berapa', 'ini', 'min', 'kira', 'kira', 'nyalanya', 'air', 'pdam', '?', 'hari', 'ini', 'pasti', 'bisa', 'selesai', 'kan', 'min', '?', '?']",
DPIGmZnExJk,2025-09-29 00:49:29 WIB,chenlemiau,"['iya', 'betul', 'sampai', '<num>', 'serumah', 'gaada', 'yang', 'mandi', 'gak', 'ada', 'yang', 'cuci', 'piring', 'semua', 'numpuk', 'pemberitahuan', 'ndadak', 'gak', 'ada', 'buat', 'kita', 'persiapan', 'dan', 'sekarang', '?', 'belum', 'juga', 'nyala', 'kita', 'semua', 'gak', 'bisa', 'ke', 'kamar', 'mandi', 'kita', 'semua', 'butuh', 'air']",
DPIGmZnExJk,2025-09-29 00:54:59 WIB,silvia.ari96,"['<num>', 'jam', 'tanpa', 'air', 'mengalir']",
DPIGmZnExJk,2025-09-29 01:36:08 WIB,itsmevirgo_268,"['udah', 'jm', '<num>', 'dini', 'hari', 'berharap', 'air', 'hidup', 'tadi', 'gk', 'hidup', ""''"", 'gimna', 'ini', 'gk', 'ada', 'jawaban', 'juga', 'gk', 'ada', 'update', 'juga']",
DPIGmZnExJk,2025-09-29 01:59:51 WIB,kyy77899,"['kok', 'belum', 'nyala', 'udah', '<num>', 'jam', 'sekarang', 'pukul', '<num> sampek', 'kapan', 'iki']",
DPIGmZnExJk,2025-09-29 03:00:21 WIB,coucou.pookie,"['udah', 'ngalir', 'mbak', 'kecil', 'tapio']",
DPIGmZnExJk,2025-09-29 03:43:22 WIB,rully_sitinurlatifah,"['ayo', 'pak', 'keliling', 'o', 'iku', 'air', 'gratis', 'itu', 'gk', 'usah', 'nunggu', 'koordinasi', 'rtrw', 'ini', 'yg', 'jelas', 'semua', 'butuh', 'titik', 'mana', 'aja', 'yg', 'kena', 'dampak', 'itu', 'ya', 'samperin', 'tangki', 'airnyaaa', 'wes', 'pasti', 'semua', 'mau']",
DPIGmZnExJk,2025-09-29 04:04:09 WIB,lilik.widyastuti.336,"['daerah', 'mana', 'yg', 'sudah', 'ngalir', '?', 'ini', 'di', 'rejosari', 'belum']",
DPIGmZnExJk,2025-09-29 04:07:11 WIB,lilik.widyastuti.336,"['masih', 'belum', 'keluar', 'airnya']",
DPIGmZnExJk,2025-09-29 04:22:46 WIB,efendi_ashari,"['blm', 'nyala', 'sampe', 'sekarang']",
DPIGmZnExJk,2025-09-29 04:23:24 WIB,mayarnata,"['pak', 'sampe', 'subuh', 'blm', 'keluar', 'air', 'nya', 'ini', 'sudah', 'senin', 'pak', 'hari', 'padat', 'hari', 'penuh', 'emosi', 'leren', 'menunggu', 'air', 'tanggung', 'jawab', 'mu', 'endi', '?', 'sama', 'seperti', 'konsumen', 'mu', 'yg', 'di', 'tuntut', 'bayar', 'tepat', 'waktu', 'nek', 'ga', 'didenda', 'sedangkan', 'nekbmati', 'konsumen', 'mu', 'disuruh', 'koordinasi', 'sama', 'rtrw', 'ga', 'usah', 'koordinasi', 'langsung', 'diinfo', 'di', 'titik', 'kumpul', 'penyaluran', 'air', 'via', 'tangki', 'nnti', 'sdh', 'koordinasi', 'rtrw', 'yo', 'sek', 'leren', 'antri', 'via', 'truk', 'nya', 'ngerti', 'tanggung', 'jawab', 'ga', 'sih', 'pak', '?', 'tolong', 'di', 'bantu', 'perhatian', 'nya', 'pak', 'budaya', 'seperti', 'ini', 'kok', 'ga', 'tau', 'berubah', 'baik']",
DPIGmZnExJk,2025-09-29 04:28:59 WIB,alvinurj,"['kenapa', 'belum', 'nyala', 'juga', 'ini', 'airnya', '?', 'ini', 'hari', 'senin', 'loh', 'hari', 'sibuk', 'klo', 'kita', 'telat', 'sehari', 'aja', 'udah', 'didenda']",
DPIGmZnExJk,2025-09-29 04:32:10 WIB,19_ekoembek_27,"['min', 'sidoe', 'jam', 'piro', 'iki', 'banyune', 'isok', 'metu', '?', '?', '?']",
DPIGmZnExJk,2025-09-29 04:36:42 WIB,kyy77899,"['wih', '<num>', 'jam', 'wes', 'an', 'ngak', 'nyalah', 'kendala', 'e', 'apa', 'ya']",
DPIGmZnExJk,2025-09-29 04:40:14 WIB,ullywulan_d,"['mi', 'ini', 'udah', 'lewat', '<num>', 'jam', 'loh', 'bisa', 'nggak', 'sih', '?', 'jangan', 'cuma', 'bisa', 'denda', 'orang', 'telat', 'bayar', 'ya', 'mana', 'ni', 'kompensasinya', '?', 'air', 'kiriman', 'gak', 'datang <num>', 'yak', 'elah']",
DPIGmZnExJk,2025-09-29 05:00:36 WIB,septianarbianto,"['nek', 'telat', 'bayar', 'di', 'dendo', 'tapi', 'nek', 'onok', 'kerusakan', 'ndandani', 'suwe', 'gak', 'kelas', 'belassss', 'mosok', 'duwek', 'pembayaran', 'banyu', 'wong', 'sak', 'suroboyo', 'gak', 'iso', 'gawe', 'tuku', 'alat', 'seng', 'lebih', 'canggih', 'nggawe', 'ngatasi', 'kendala', 'sek', 'koyok', 'ngene', 'iki', 'wes', '<num>', 'jam', 'lebih', 'lo', 'iki', 'min', 'estimasi', 'selesai', 'kurang', 'berapa', 'jam', 'lagi', 'iki', 'min']",
DPIGmZnExJk,2025-09-29 05:05:07 WIB,resti_puswa,"['seharian', 'g', 'ada', 'air', 'harus', 'brpa', 'lama', 'lg', 'kah', 'air', 'keluar', '?', '?', '?']",
DPIGmZnExJk,2025-09-29 05:18:38 WIB,_ptrhynt,"['iki', 'temenan', 'grg', 'nyalaaa', 'ta', 'banyuee', 'gaisoo', 'masak', 'iki', 'rekkkk', 'ws', 'ngentekno', 'galon', 'akeh']",
DPIGmZnExJk,2025-09-29 05:24:50 WIB,bayuwahyu096,"['kok', 'lama', 'woi']",
DPIGmZnExJk,2025-09-29 05:38:53 WIB,chizlava,"['trs', 'subuh', 'ini', 'bungkal', 'ikutan', 'mati', 'lagiiiiiij', '?', 'lagiiiii', '?', 'tiap', 'minggu', 'bgt', 'loh']",
DPIGmZnExJk,2025-09-29 05:39:59 WIB,dwieriana10,"['sampai', 'pagi', 'ini', 'belum', 'nyala', 'jg', 'sampai', 'kapan', 'selesai', 'perbaikannya', '?']",
DPIGmZnExJk,2025-09-29 05:40:12 WIB,khalifahrosyidah,"['sampai', 'saat', 'ini', 'air', 'pdam', 'belum', 'nyala', 'juga']",
DPIGmZnExJk,2025-09-29 05:40:50 WIB,itsmevirgo_268,"['kagak', 'ada', 'update', 'gimana', 'ini']",
DPIGmZnExJk,2025-09-29 05:52:47 WIB,ainuratmi,"['ini', 'airnya', 'kok', 'belum', 'keluar', 'didaerah', 'benowo', '?', 'mau', 'brp', 'jam', 'lagi', '?']",
DPIGmZnExJk,2025-09-29 05:52:57 WIB,d1_m_s.dms,"['minnnn', 'aku', 'ga', 'isok', 'adusss', 'loh', 'miminnn', 'ku', 'cintakuu']",
DPIGmZnExJk,2025-09-29 05:53:34 WIB,silvia.ari96,"['<num>', 'jam', 'tanpa', 'air', 'mengalir']",
DPIGmZnExJk,2025-09-29 06:00:43 WIB,dena_rabbani,"['ini', 'air', 'masih', 'mati', 'udh', 'memasuki', 'tgl', '<num>', 'sep', 'ya']",
DPIGmZnExJk,2025-09-29 06:07:11 WIB,nophanophek,"['min', 'air', 'di', 'kauman', 'asri', 'pagi', 'ini', 'kok', 'mati']",
DPIGmZnExJk,2025-09-29 06:07:24 WIB,coucou.pookie,"['rejosari', 'mbak', 'tadi', 'jam', '<num> an', 'sudah', 'nyala', 'tapi', 'kecil', 'bgt', 'air', 'e']",
DPIGmZnExJk,2025-09-29 06:08:24 WIB,citrachmadhani,"['yaopo', 'iki', 'min', 'smpek', 'saiki', 'banyue', 'sek', 'mati', 'ae', 'mosok', 'aku', 'kerjo', 'gak', 'adus', 'min']",
DPIGmZnExJk,2025-09-29 06:09:14 WIB,kkapall_,"['ayo', 'pak', 'kerahno', 'kabeh', 'petugase', 'nemen', 'nek', 'sampe', '<num> <num>', 'dino', 'ga', 'morop', 'kate', 'tayamum', 'ta', 'wong', ""''"", 'iki']",
DPIGmZnExJk,2025-09-29 06:11:54 WIB,maadzain,"['katanya', 'estimasi', '<num> jam', 'tapi', 'ini', 'sudah', '<num>', 'jam', 'bumn', 'indonesia', 'sungguh', 'keterlaluan', 'kerjanya\u200d']",
DPIGmZnExJk,2025-09-29 06:15:06 WIB,mauraindahhh,"['gmna', 'ini', 'kenapa', 'air', 'belum', 'menyala', 'sampe', 'skrng', 'didaerah', 'rejosari']",
DPIGmZnExJk,2025-09-29 06:17:57 WIB,alvinurj,"['ngangsu', 'terus', 'sampe', 'kapan', 'ini', 'minn']",
DPIGmZnExJk,2025-09-29 06:22:48 WIB,izzatulmillahh,"['kok', 'belum', 'nyala', ""''"", 'min']",
DPIGmZnExJk,2025-09-29 06:23:20 WIB,denok197_,"['krisisss', 'banyuuuuuu', 'ga', 'iso', 'lapo <num>']",
DPIGmZnExJk,2025-09-29 06:38:45 WIB,mpuapv,"['sampai', 'saat', 'ini', 'masih', 'mati', 'tidak', 'ada', 'air', 'yang', 'mengalir', 'kocak']",
DPIGmZnExJk,2025-09-29 06:40:00 WIB,shintaochin32,"['gimana', 'to', 'pak', 'kok', 'bolak', 'balek', 'mati', 'ae', 'nyala', 'dilut', 'matine', 'suwe', 'ga', 'ada', 'pemberitahuan', 'jg', 'sing', 'duwe', 'anak', 'bayi', 'iki', 'piye', 'paaaakkk']",
DPIGmZnExJk,2025-09-29 06:42:17 WIB,shintaochin32,"['klo', 'mndi', 'iso', 'ditunda', 'tp', 'klo', 'berak', 'mau', 'cawik', 'pke', 'apa', 'tayamum', '?']",
DPIGmZnExJk,2025-09-29 06:47:22 WIB,izzatulmillahh,"['aamiin', 'semoga', 'segera', 'selesai', 'minn', 'tandon', 'sudah', 'menipis']",
DPIGmZnExJk,2025-09-29 06:56:40 WIB,rosidah_ummah,"['pak', 'jangan', 'mohon', 'doa', 'terus', 'antisipasinya', 'apa', '?', 'mbok', 'ya', 'kirim', 'air', 'pakai', 'mobil', 'pdam', 'tanpa', 'harus', 'diminta', 'petugasnya', 'perbaikan', 'tambah', 'jangan', 'pelanggan', 'yang', 'harus', 'disuruh', 'ngertiin', 'terus']",
DPIGmZnExJk,2025-09-29 07:16:13 WIB,nur.zulfia,"['min', 'tolong', 'min', 'sudah', 'sehari', 'air', 'belum', 'hidup']",
DPIGmZnExJk,2025-09-28 20:35:45 WIB,ristoys,"['tetangga', 'pada', 'habis', 'tandon', 'semua', 'ini', 'beli', 'air', 'galon', 'yg', '<num> rban', 'buat', 'mandi']",
DPIGmZnExJk,2025-09-28 20:37:43 WIB,ristoys,"['langsung', 'saja', 'pakal', 'madya', 'permai', 'sini', 'airnya', 'gak', 'usah', 'lama <num>', 'koordinasi', 'sudah', 'jelas', 'gak', 'nyala', 'airnya', 'banyak', 'warga', 'sini', 'kehabisan', '<num> kk', 'lebih', 'pakal', 'madya', 'permai', 'langsung', 'saja', 'gak', 'suwe <num>', 'mobil', 'tangkie']",
DPIGmZnExJk,2025-09-28 20:39:04 WIB,meryfatmaarum2,"['gk', 'ada', 'respon', 'ibuk']",
DPIGmZnExJk,2025-09-28 20:39:20 WIB,lovely_vie2025,"['suwine', 'ya', 'gak', 'nyala', 'nyala']",
DPIGmZnExJk,2025-09-28 20:43:46 WIB,elokkhoirotul,"['hitungan', 'dari', 'jam', '<num>', 'dini', 'hari', 'sampai', 'sekarang', 'jam', '<num>', 'mantab', 'min']",
DPIGmZnExJk,2025-09-28 20:48:30 WIB,say_psycho03,"['kira', ""''"", 'sampe', 'jam', 'berapa', 'pak', 'airnya', 'bisa', 'nyala']",
DPIGmZnExJk,2025-09-28 20:51:23 WIB,kevinfahri_,"['sek', 'suwe', 'ta', 'murupe', 'iki', '?']",
DPIGmZnExJk,2025-09-28 20:51:25 WIB,naannanau,"['endi', 'bantuan', 'air', 'e', 'iki', 'min']",
DPIGmZnExJk,2025-09-28 20:52:00 WIB,naannanau,"['butuh', 'airr', 'iki', 'lohhhh', 'wes', 'entek', 'pirang', 'pirang', 'galon', 'gae', 'estimasi', 'gk', 'pasti']",
DPIGmZnExJk,2025-09-28 20:59:07 WIB,riskikiki9,"['pak', 'ini', 'katae', 'cuma', '<num>', 'jam', 'jam', 'segini', 'baru', 'dipotong', 'pipaneee', 'besok', 'iku', 'senin', 'pak', 'tolong', 'lahh', 'harusnya', 'gak', 'perlu', 'minta', 'tangki', 'air', 'gratis', 'inisiatif', 'dong', 'kan', 'sudah', 'jadi', 'tanggung', 'jawabnya', 'sama', 'seperti', 'kita', 'pak', 'tanggung', 'jawabnya', 'bayar', 'tiap', 'bulan', 'masak', 'gini', 'aja', 'harus', 'permintaan', 'gak', 'datang <num>', 'lagii', 'di', 'telvon', 'pada', 'sibuk', 'semua']",
DPIGmZnExJk,2025-09-28 21:01:58 WIB,vickyrianap,"['awake', 'anakku', 'wes', 'koyok', 'bal', 'bekel', 'seng', 'dikum', 'minyak', 'goreng', 'mb', 'yoan', 'wkwkk']",
DPIGmZnExJk,2025-09-28 21:12:05 WIB,vickyrianap,"['sampek', 'entek', 'bnyu', 'isi', 'ulang', '<num>', 'galon']",
DPIGmZnExJk,2025-09-28 21:14:48 WIB,ristoys,"['langsung', 'saja', 'alamat', 'pakal', 'madya', 'permai']",
DPIGmZnExJk,2025-09-28 21:16:16 WIB,dilaasrl,"['sek', 'suwe', 'ta', 'lek', '?', '?', '?', 'wetengku', 'loro', 'gk', 'onk', 'banyu', 'e']",
DPIGmZnExJk,2025-09-28 21:29:44 WIB,awi87762,['amiin'],
DPIGmZnExJk,2025-09-28 21:31:02 WIB,verradyta44,"['sampai', 'besok', 'ya', 'ini', 'pagi', 'anak', 'mau', 'sekolah', 'gak', 'mandi', 'wes', 'besok', 'naseb']",
DPIGmZnExJk,2025-09-28 21:38:02 WIB,kopiiiii59,"['ayo', 'bos', 'iso', 'ta', 'gak', '?']",
DPIGmZnExJk,2025-09-28 21:43:06 WIB,404.yoo_,"['mana', 'estimasi', '<num>', 'jam', 'yg', 'kau', 'janjikan', 'itu', 'min', '?', 'ini', 'udah', 'lebih']",
DPIGmZnExJk,2025-09-28 21:45:29 WIB,silvia.ari96,"['sdh', '<num>', 'jam', 'air', 'mati']",
DPIGmZnExJk,2025-09-28 21:52:14 WIB,silvia.ari96,"['lwt', 'bukit', 'palma', 'jam', '<num>', 'pagi', 'sdh', 'ada', 'pekerja', 'jam', '<num>', 'sdh', 'kelihatan', 'pipa', 'bocornya', 'jam', '<num>', 'sek', 'pancet', 'seperti', 'siang', 'pekerjane', 'podo', 'turu']",
DPIGmZnExJk,2025-09-28 21:52:54 WIB,mauraindahhh,"['sampe', 'jam', 'berapa', 'pdam', 'nyala']",
DPIGmZnExJk,2025-09-28 21:57:50 WIB,threefangel,"['estimasi', '-', '<num>', 'jam', 'ni', 'uda', 'lwt', '<num> jam', 'min', 'gmn', 'sih', 'nyusahin', 'org', 'mau', 'krj', 'ja', 'londryan', 'dliburkan', 'gr', ""''"", 'g', 'da', 'air', 'kn', 'kasihan', 'pegawainy', 'jd', '<num>', 'hari', 'libur', 'dpotong', 'q', 'jg', 'g', 'bs', 'cuci', 'baju', 'n', 'piring', 'drumah', 'g', 'da', 'laki', ""''"", 'gmn', 'mau', 'usung', ""''"", 'air']",
DPIGmZnExJk,2025-09-28 21:57:58 WIB,eti.prasetyo,"['ini', 'di', 'perumahan', 'pondok', 'benowo', 'indah', 'juga', 'sangat', 'kecil', 'min', 'sampai', 'jam', '<num>', 'mlm', 'air', 'masih', 'kecil', 'mesin', 'cuci', 'tak', 'bisa', 'di', 'pakai', 'karena', 'air', 'nya', 'kecil']",
DPIGmZnExJk,2025-09-28 21:59:21 WIB,threefangel,"['lha', 'yo', 'urusan', 'duek', 'ae', 'no <num>', 'tp', 'pelayanane', 'lemote', 'menggilan']",
DPIGmZnExJk,2025-09-28 21:59:29 WIB,itsmevirgo_268,"['ayo', 'gimana', 'ini', 'pak', 'kok', 'masih', 'belum', 'nyala', 'udah', 'jam', '<num>', 'malam', 'besok', 'senin', 'pekerjaan', 'rumah', 'belum', 'apa', ""''"", 'karna', 'air', 'nomer', '<num>', 'buat', 'pekerjaan', 'rumah', 'semua', 'jadi', 'terhalang', 'karna', 'air', 'mati', 'tolong', 'diusahakan', 'secepatnya', 'laa', 'dari', 'subuh', 'jam', '<num>', 'mati', 'sampek', 'jam', '<num>', 'malam', 'belum', 'nyala', 'gimanaa', 'ini']",
DPIGmZnExJk,2025-09-28 22:06:50 WIB,surabayabertaqwa,"['rejosari', 'gang', 'mana', 'bu', '?', 'kita', 'di', 'gang', 'salak']",
DPIGmZnExJk,2025-09-28 22:08:03 WIB,surabayabertaqwa,"['sumuk', 'pliket', 'gak', 'adus', 'yok', 'opo', 'rek']",
DPIGmZnExJk,2025-09-28 22:08:03 WIB,ullywulan_d,"['gang', 'jeruk', 'gang', 'salak', 'udah', 'nyala', 'airnya', 'kah', '?']",
DPIGmZnExJk,2025-09-28 22:12:20 WIB,eti.prasetyo,"['gak', 'bisa', 'nyuci', 'aku', 'min', '<num>', 'kali', 'nyalain', 'mesin', 'cuci', 'mati', 'sendiri', 'mesin', 'nya', 'karena', 'nunggu', 'air', 'keluar', 'nya', 'kaya', 'pipis', 'aku', 'gak', 'punya', 'tandon', 'sedangkan', 'mesin', 'cuci', 'ky', 'butuh', 'tekanan', 'air', 'yg', 'kuat', 'biar', 'cepat', 'keisi']",
DPIGmZnExJk,2025-09-28 22:22:11 WIB,aditroyy27,"['yaopo', 'sudah', 'jam', '<num>', 'air', 'masih', 'belum', 'nyala', 'aku', 'iki', 'bayar', 'ben', 'ulan', 'gak', 'gratis', 'tulung', 'ojok', 'awakmu', 'tok', 'sing', 'jalok', 'di', 'ngerteni']",
DPIGmZnExJk,2025-09-28 22:24:34 WIB,hanisusant0,"['barusan', 'lewat', 'sana', 'kak', 'bocor', 'e', 'sek', 'puarah', 'belom', 'selesai']",
DPIGmZnExJk,2025-09-28 22:28:34 WIB,ulfakhasanah09,"['semoga', 'segera', 'beres', 'perbaikan', 'airnya', 'pak', 'aamiin']",
DPIGmZnExJk,2025-09-28 22:32:51 WIB,naannanau,"['ayooo', 'dank', 'di', 'nyalano', 'rembes', 'kabeh', 'iki', 'loh']",
DPIGmZnExJk,2025-09-28 22:35:42 WIB,naannanau,"['ojk', 'updte', 'update', 'seng', 'gk', 'sesuai', 'kenyataane']",
DPIGmZnExJk,2025-09-28 22:41:18 WIB,dheawapriyanti_,"['perasaan', 'langganan', 'bgt', 'di', 'benowo', 'dan', 'sekitarnya', 'mati', 'air', 'heran']",
DPIGmZnExJk,2025-09-28 22:44:12 WIB,richajingga,"['benowo', 'belum', 'nyalakatanya', 'estimasi', '-8', 'jam', 'lah', 'dr', 'subuh', 'kata', 'ibu', 'mertua', 'udh', 'gk', 'nyala', 'tuhsmpe', 'skrg', 'ini', 'tak', 'coba <num>', 'nyalain', 'gk', 'ada', 'air', 'setetespun', 'yg', 'muncul', 'smpe', 'piring', 'gelas', 'hbis', 'mw', 'nyuci', 'jg', 'pake', 'apa', 'nih', 'padahal', 'wktu', 'sememi', 'ada', 'perbaikan', 'jg', 'gk', 'smpe', 'kyak', 'benowosememi', 'maghrib', 'udh', 'nyaladr', 'dlu', 'loh', 'mw', 'komplain', 'kmn', 'gk', 'twdr', 'dlu', 'klo', 'daerah', 'bnowo', 'udh', 'mati', 'pdam', 'smpe', 'brhari <num>', 'dtmpt', 'lain', 'gk', 'prnh', 'pdhl', 'sama <num>', 'byr']",
DPIGmZnExJk,2025-09-28 23:33:11 WIB,jesenbj,"['disembunyikan', 'kak', 'komennya', 'wkkwkw']",
DPIGmZnExJk,2025-09-28 23:35:47 WIB,itsmevirgo_268,"['gimanaa', 'pakk', 'update', 'selanjutnya', 'kapan', 'nyala', 'air', 'nya']",
DPIGmZnExJk,2025-09-28 23:47:31 WIB,shafaardini,"['air', 'pdam', 'mati', 'di', 'daerah', 'raya', 'wisma', 'pagesangan', 'dan', 'sekitarnya', 'dikarenakan', 'pembangunan', 'box', 'calvert', 'di', 'wisma', 'menanggal', 'mohon', 'ditindak', 'lanjuti', 'agar', 'segera', 'diperbaiki', 'terimakasih']",
DPIGmZnExJk,2025-09-28 23:49:54 WIB,dyahnaw,"['di', 'daerah', 'raya', 'wisma', 'pagesangan', 'dan', 'sekitarnya', 'air', 'mati', 'total', 'mungkin', 'rusak', 'karena', 'ada', 'pembangunan', 'box', 'culvert', 'di', 'daerah', 'wisma', 'menanggal', 'tolong', 'segera', 'ditindaklanjuti', 'karena', 'ini', 'sudah', 'sering', 'terjadi']",
DPIGmZnExJk,2025-09-28 23:50:50 WIB,nisaalinisa,"['pak', 'tolong', 'donk', 'di', 'update', 'kelanjutan', 'nya', 'ini', 'sudh', 'hampir', 'jam', '<num>', 'malam', 'kok', 'masi', 'belum', 'keluar', 'juga', 'air', 'nya']",
DPIGmZnExJk,2025-09-28 23:56:03 WIB,itsmevirgo_268,"['pak', 'gimana', 'ini', 'update', 'nya', 'sudah', 'nungguin', 'sampek', 'jam', '<num>', 'malam', 'air', 'belum', 'keluar', ""''"", 'update', 'nya', 'gimanaa', 'ini', 'hari', 'senin', 'anak', ""''"", 'sekolah', 'terus', 'gimana', 'ini', 'pak']",
DPIGmZnExJk,2025-09-29 00:14:08 WIB,verradyta44,"['begadang', 'nunggu', 'air', 'netes']",
DPIGmZnExJk,2025-09-29 00:21:26 WIB,liya_leonita,"['lain', 'kali', 'kalo', 'ngasih', 'infopostingan', 'jangan', 'dadakan', 'ginihari', 'ini', 'dikerjain', 'hari', 'ini', 'jg', 'di', 'info', 'harusnya', 'h', '-1', 'sebelum', 'dikerjain', 'sdh', 'di', 'infodiposting', 'jd', 'kita <num>', 'semua', 'bisa', 'siap <num>', 'tandon', 'airdirumah', 'jangankan', 'mandi', 'buat', 'buang', 'air', 'kecil', 'aja', 'gak', 'bisa', 'buat', 'cuci', 'tangan', 'gak', 'ada', 'air', 'sama', 'sekalilalu', 'tolong', 'di', 'stand', 'by', 'jg', 'tangki', 'air', 'untuk', 'warga', 'sekitar']",
DPIGmZnExJk,2025-09-29 00:28:33 WIB,theycallme_chus,"['pakkk', 'ndang', 'marino', 'pakkk', 'telek', 'ku', 'durung', 'tak', 'siraaammm']",
DPIGmZnExJk,2025-09-29 00:29:09 WIB,arfin_yk,['suwiiineee'],
DPIGmZnExJk,2025-09-29 00:39:52 WIB,pesona_jaya_trans,"['sampai', 'pukul', '<num>', 'belum', 'nyalah', 'airnyakata', 'e', 'estimasi', '<num> jam', '?', '?', 'nie', 'malah', 'lebih', 'lohkalo', 'masyarakat', 'telat', 'bayarnya', 'dendanya', 'besar', '?', 'kalo', 'gini', 'sangat', 'merugikan', 'kitagak', 'bisa', 'mandibab', 'nyuci', 'gimana', 'ini', 'benowo', 'gak', 'baik <num>', 'saja']",
DPIGmZnExJk,2025-09-28 18:12:34 WIB,sara.yenny.panjaitan,"['giliran', 'bayar', 'telat', '<num>', 'hari', 'di', 'denda', 'info', 'mati', 'air', 'dadakan', 'kirim', 'air', 'gratis', 'pun', 'ribet', 'call', 'center', 'di', 'tlp', 'jug', 'sibuk', 'katanya', 'kurang', 'lebih', '<num>', 'jam', 'pemadaman', 'airini', 'udah', 'lebih', 'dr', '<num>', 'jam', 'wong', 'air', 'mati', 'dr', 'subuh', 'merugikan', 'tok', 'isinya']",
DPIGmZnExJk,2025-09-28 18:15:06 WIB,kurniawan99aditya,"['sudah', 'jam', '<num>', 'masih', 'juga', 'belum', 'nyala', 'udah', 'habis', 'banyu', 'isi', 'ulang', '<num>', 'galon', 'min']",
DPIGmZnExJk,2025-09-28 18:15:17 WIB,zakky_akhenallah,"['wilayah', 'pakal', 'sampe', 'jam', 'segini', 'masih', 'belum', 'nyala', 'airnya', 'call', 'center', 'mbulet', 'ga', 'fast', 'respon', 'blassss', 'bantuan', 'air', 'harusnya', 'langsung', 'dikirim', 'ditiap', 'titik', 'rt']",
DPIGmZnExJk,2025-09-28 18:25:19 WIB,abdul_rahman_amank,"['sdh', 'nyala', 'ta', 'air', 'pdam', '?']",
DPIGmZnExJk,2025-09-28 18:25:24 WIB,abdul_rahman_amank,"['wilayah', 'beji']",
DPIGmZnExJk,2025-09-28 18:25:29 WIB,dio50294,"['sek', 'sui', 'ta', 'pak', '?', 'airnya', 'habis', 'semua']",
DPIGmZnExJk,2025-09-28 18:26:16 WIB,abdul_rahman_amank,"['hubungi', 'nomer', 'itu', 'selalu', 'jawaban', 'maaf', 'sedang', 'sibuk']",
DPIGmZnExJk,2025-09-28 18:26:46 WIB,mauraindahhh,"['blm', 'ada', 'respon', 'baiknya', 'jangan', 'kata <num>', 'itu', 'aja']",
DPIGmZnExJk,2025-09-28 18:27:08 WIB,abdul_rahman_amank,"['wa', 'nya', 'boot', 'call', 'center', 'sibuk', 'hadeh']",
DPIGmZnExJk,2025-09-28 18:27:43 WIB,efendi_ashari,"['kira <num>', 'jam', 'brp', 'pak', 'airnya', 'nyaladari', 'tadi', 'pagi', 'sampe', 'sekarang', 'msh', 'mati', 'airnya']",
DPIGmZnExJk,2025-09-28 18:29:33 WIB,rizchrrrr,"['kapan', 'murup', 'min']",
DPIGmZnExJk,2025-09-28 18:29:56 WIB,rizchrrrr,"['kaet', 'subuh', 'rek', 'sampek', 'yahmene', 'nyusahno', 'ae']",
DPIGmZnExJk,2025-09-28 18:32:18 WIB,elruminara,"['gurung', 'tah', 'iki', '?']",
DPIGmZnExJk,2025-09-28 18:33:50 WIB,shintaarnt,"['udah', 'lebih', 'dari', '<num>', 'jam', 'kok', 'blm', 'slsai', 'min', '?', 'udah', 'bingung', 'ini', 'kehabisan', 'air']",
DPIGmZnExJk,2025-09-28 18:35:13 WIB,yanidj_94,"['yaopo', 'iki', 'wes', 'entek', 'pirang', 'galon', 'min', 'call', 'center', 'gak', 'ada', 'jawaban', 'dari', 'tadi', 'suruh', 'nunggu', 'iki', 'gak', 'iso', 'aktivitas', 'gak', 'onok', 'banyu', 'tolong', 'kinerja', 'iki', 'tolong', 'di', 'perbaiki', 'kasihan', 'masyarakat', 'klo', 'gini', 'lek', 'denda', 'ae', 'cepet', 'melejit', 'main', 'putus', 'lek', 'ngene', 'onok', 'rusake', 'gak', 'karuan', 'suwine']",
DPIGmZnExJk,2025-09-28 18:35:42 WIB,yanidj_94,"['tolong', 'banyu', 'mati']",
DPIGmZnExJk,2025-09-28 18:37:20 WIB,naannanau,"['ayoo', 'pak', 'air', 'nya', 'mana']",
DPIGmZnExJk,2025-09-28 18:40:01 WIB,rizkyayol,"['gurung', 'ta', 'lek', 'awakku', 'wes', 'ngelengo']",
DPIGmZnExJk,2025-09-28 18:46:16 WIB,rickychen_as,"['bener', 'banget']",
DPIGmZnExJk,2025-09-28 18:47:44 WIB,cormelitamyr,"['p', 'air']",
DPIGmZnExJk,2025-09-28 18:47:47 WIB,rickychen_as,"['udah', 'monopoli', 'pelayanan', 'dan', 'kualitas', 'buruk']",
DPIGmZnExJk,2025-09-28 18:48:49 WIB,titosimon,"['pondok', 'benowo', 'indah', 'juga', 'mati', 'min', 'hari', 'ini', 'gara <num>', 'ini', 'juga', 'ya', '?']",
DPIGmZnExJk,2025-09-28 18:51:12 WIB,cormelitamyr,"['gak', 'mungkin', 'sampek', 'besok', 'kan', 'iki', '?']",
DPIGmZnExJk,2025-09-28 19:06:52 WIB,devilstari._,"['bener', 'ka', 'pakal', 'ga', 'nyala', 'sampe', 'sekarang', 'susah', 'air', 'sampe', 'minta', 'air', 'sumur', 'ke', 'tetangga', 'buat', 'mandi']",
DPIGmZnExJk,2025-09-28 19:09:59 WIB,marwa_aquariuz,"['woyyyy', 'kok', 'belum', 'nyala <num>', 'aire', 'wes', 'kebelet', 'pub', 'iki', 'looo', 'pdam', 'tambah', 'larang', 'tapi', 'kok', 'koyo', 'ngene']",
DPIGmZnExJk,2025-09-28 19:12:13 WIB,alvinurj,"['sek', 'suwi', 'ta']",
DPIGmZnExJk,2025-09-28 19:17:45 WIB,inez_dvk,"['sampai', 'jam', 'segini', 'di', 'benowo', 'gak', 'nyala <num>', 'gimana', 'ini', '?', 'di', 'sini', 'tidak', 'punya', 'tandon', 'pak']",
DPIGmZnExJk,2025-09-28 19:19:26 WIB,chocomoussecake_,"['daerah', 'pakis', 'gunung', 'sawahan', 'udah', '<num>', 'hari', 'ini', 'air', 'mati', 'dari', 'jam', '<num>', 'pagi', 'nyala', 'dijam', '<num>', 'malem', '<num>', 'hariiii', 'loooooooooo']",
DPIGmZnExJk,2025-09-28 19:21:46 WIB,ajeng_je,"['sudah', 'jam', 'setengah', '<num>', 'malam', 'belum', 'keluar', 'min', 'daerah', 'pakal', 'madya', 'dan', 'sekitarnya', 'alhasil', 'tidak', 'mandi', 'saya', 'hahah']",
DPIGmZnExJk,2025-09-28 19:31:49 WIB,riskikiki9,"['pak', 'iki', 'sampek', 'nyamene', 'lo', 'pak']",
DPIGmZnExJk,2025-09-28 19:42:45 WIB,amaliaamalia207,"['min', 'perbaikannya', 'sudah', 'selesai', 'pa', 'belum', 'soalnya', 'airnya', 'sudah', 'habis', 'harus', 'numggu', 'sampek', 'kpan', 'lagi']",
DPIGmZnExJk,2025-09-28 19:46:13 WIB,lagistreszzh,"['barusan', 'lewat', 'yang', 'mengerjakan', '<num>', 'orang']",
DPIGmZnExJk,2025-09-28 19:49:29 WIB,dhs.babykids,"['menanti', 'kabar', 'baik', 'wilayah', 'benowo', 'dsk']",
DPIGmZnExJk,2025-09-28 20:02:00 WIB,meryfatmaarum2,"['call', 'center', 'g', 'bisa', 'di', 'hubungi', 'mau', 'minta', 'tangki', 'pdam', 'gk', 'bisa', 'di', 'hubungi']",
DPIGmZnExJk,2025-09-28 20:04:27 WIB,itsmevirgo_268,"['gimana', 'ini', 'pak', 'sampek', 'skrang', 'jam', '<num>', 'belum', 'keluar', ""''"", 'juga', 'airnya', 'gak', 'mungkin', 'smpek', 'besok', 'kan', 'yang', 'gak', 'keluar', 'airnya', 'kenapa', 'gak', 'ada', 'jawaban', 'nya']",
DPIGmZnExJk,2025-09-28 20:13:00 WIB,rifaldokaka,"['sek', 'suwene', 'kah', 'mosok', 'kotamadya', 'surabaya', 'penanganan', 'e', 'bocor', 'ae', 'sik', 'suwii', 'negak', 'masook', 'pecat', 'ae']",
DPIGmZnExJk,2025-09-28 20:17:16 WIB,muhammadalvinhidayatullah,"['harusnya', 'bulan', 'ini', 'ada', 'diskon', 'si']",
DPIGmZnExJk,2025-09-28 20:18:25 WIB,jihadt_yas,"['kurang', 'pirang', 'jam', 'lagi', 'min']",
DPIGmZnExJk,2025-09-28 20:21:21 WIB,ririnern_,"['tolong', 'kerja', 'cepatt', 'pakk', 'dari', 'jam', 'berapa', 'sampai', 'jam', 'berapa', 'inimasi', 'juga', 'belom', 'selesai', 'dikerjain', 'apa', 'cuma', 'diliatin', 'tok']",
DPIGmZnExJk,2025-09-28 16:19:10 WIB,zakky_akhenallah,"['ini', 'kapan', 'airnya', 'nyala', '?', '?', '?', 'padahal', 'sudah', 'mati', 'dari', 'subuh', 'pemberitahuan', 'jam', '<num>', 'pagi', 'ini', 'jam', '<num>', 'lebih', 'belum', 'ada', 'tanda <num>', 'nyala']",
DPIGmZnExJk,2025-09-28 16:21:36 WIB,samie_sr,"['ini', 'udh', '<num>', 'jam', 'mana', 'tanggung', 'jawabnya']",
DPIGmZnExJk,2025-09-28 16:32:50 WIB,aditroyy27,"['pak', 'gimana', 'ini', 'sampek', 'jam', '<num>', 'air', 'masih', 'belum', 'nyala', 'wilayah', 'benowo', 'tegal', 'ojok', 'nemen <num>', 'pak']",
DPIGmZnExJk,2025-09-28 16:37:13 WIB,sitifatimah8921,"['pak', 'mau', 'tanya', 'apakah', 'udh', 'selesai', 'pengerjaan', 'nya', 'ini', 'udh', '<num>', 'jam', 'lebih', 'sih']",
DPIGmZnExJk,2025-09-28 16:40:12 WIB,coucou.pookie,"['sudah', '<num>', 'jam', 'yo', 'mbak']",
DPIGmZnExJk,2025-09-28 16:45:17 WIB,aditroyy27,"['gimana', 'ini', 'sudah', '<num>', 'jam', 'air', 'masih', 'belum', 'nyala']",
DPIGmZnExJk,2025-09-28 16:47:47 WIB,alvinurj,"['sudah', '<num>', 'jam', 'lebih', 'air', 'belum', 'nyala']",
DPIGmZnExJk,2025-09-28 16:50:05 WIB,sitifatimah8921,"['dendanya', '<num> x', 'lipat', 'dari', 'tagihan', 'air', 'nya']",
DPIGmZnExJk,2025-09-28 16:53:40 WIB,fitria.maarif,"['tolong', 'secepatnya', 'diperbaiki', 'bapak', 'teman', 'saya', 'yg', 'tinggal', 'dikos', 'belum', 'sempat', 'nandon', 'tidak', 'bisa', 'mandi', 'tidak', 'bisa', 'bab', 'dari', 'pagi', 'pak', 'kasian', 'pak']",
DPIGmZnExJk,2025-09-28 17:07:39 WIB,mauraindahhh,"['uda', 'mau', 'kehabisan', 'air', 'tandon', 'bapak', 'gimna', 'kebijakannya']",
DPIGmZnExJk,2025-09-28 17:10:03 WIB,cormelitamyr,"['yaallahh', 'suwine']",
DPIGmZnExJk,2025-09-28 17:15:06 WIB,heri_ggading,"['nomor', 'ditlp', 'tidak', 'ada', 'yang', 'angkat', 'dari', 'tadi']",
DPIGmZnExJk,2025-09-28 17:17:27 WIB,lovely_vie2025,"['sudah', 'nyala', 'belum', 'ya', 'air', 'nya', 'untuk', 'wilayah', 'benowo', '?', '?', '?']",
DPIGmZnExJk,2025-09-28 17:17:46 WIB,anisahnra,"['beneran', 'emang', 'gilaa', 'gilaa', 'nya', 'kalau', 'urusan', 'denda']",
DPIGmZnExJk,2025-09-28 17:23:47 WIB,cormelitamyr,"['belum', 'kak']",
DPIGmZnExJk,2025-09-28 17:30:03 WIB,chenlemiau,"['ini', 'pakal', 'amd', 'mati', 'dr', 'jam <num>', 'subuh', 'dan', 'sampe', 'skr', '<num>', 'belum', 'jg', 'nyala', 'tolong', 'banget', 'ya', 'ini', 'seharian', 'ga', 'bs', 'berkutik', 'apa', ""''""]",
DPIGmZnExJk,2025-09-28 17:30:22 WIB,ristoys,"['mosok', 'dendae', 'pdam', 'gak', 'kuat', 'gae', 'tuku', 'alat', 'cino', 'seng', 'canggih', 'gae', 'nyambung', 'pipo', 'seng', 'becor', 'bertanya', 'dengan', 'nada', 'kenalpot', 'borong']",
DPIGmZnExJk,2025-09-28 17:30:34 WIB,zakistwn,"['air', 'tandon', 'dah', 'habis', 'padahal', 'cucian', 'belum', 'selesai', 'semoga', 'cepet', 'selesai', 'ya', 'min']",
DPIGmZnExJk,2025-09-28 17:32:39 WIB,ristoys,"['suwene', 'ados', 'banyu', 'galon', 'ganti', 'rugi', '<num> ewu', 'ae', 'kene']",
DPIGmZnExJk,2025-09-28 17:35:56 WIB,verradyta44,"['masih', 'lama', 'tah', 'ini', 'mati', 'nya']",
DPIGmZnExJk,2025-09-28 17:37:17 WIB,oneiklestari,"['ini', 'sudah', 'saya', 'berapa', 'jam', 'sudah', 'pak', 'telat', 'bayar', 'aja', 'di', 'dendanya', 'gak', 'tanggung', 'tanggung', 'kalau', 'kerusakan', 'di', 'nilai', 'parah', 'mungkin', 'tim', 'yg', 'di', 'terjunkan', 'jumlah', 'banyak', 'biar', 'cepet', 'tertanggani']",
DPIGmZnExJk,2025-09-28 17:38:14 WIB,verradyta44,"['tagihan', 'mahal', 'pol', 'denda', 'gercep', 'pelayanan', 'kayak', 'as', 'gak', 'ada', 'bagus', 'nya', 'gimna', 'pak']",
DPIGmZnExJk,2025-09-28 17:39:04 WIB,mauraindahhh,"['sampai', 'jam', 'berapa', 'ini', 'udh', 'lebih', 'dari', '<num>', 'jam']",
DPIGmZnExJk,2025-09-28 17:39:50 WIB,ullywulan_d,"['iya', 'lebih', 'malah']",
DPIGmZnExJk,2025-09-28 17:48:42 WIB,bundyalvensya,"['katanya', '<num>', 'jam', 'belim', 'mandi', 'ini', 'semua', 'pak', 'tolong', 'segera', 'call', 'center', 'malah', 'd', 'bkin', 'sibuk', 'operatornya']",
DPIGmZnExJk,2025-09-28 17:54:43 WIB,lovely_vie2025,"['masalahnya', 'gang', 'nya', 'sempittruck', 'tangki', 'susah', 'masuk', 'nyakira', 'kira', 'berapa', 'lagi', 'ya', '?', '?', '?', 'semoga', 'cepet', 'selesai']",
DPIGmZnExJk,2025-09-28 17:55:59 WIB,lilik.widyastuti.336,"['masih', 'berapa', 'lama', 'lagi', 'ini', 'airnya', 'keluar', '?', 'bertanya', 'dengan', 'nada', 'lemes']",
DPIGmZnExJk,2025-09-28 17:56:41 WIB,rosidah_ummah,"['ditunggu', 'secepatnya', 'pak', 'harusnya', 'bisa', 'diinfo', 'dulu', 'sebelum', 'matikan', 'air', 'gak', 'metu', '”', 'diskon', 'loh', 'pak', 'biaya', 'air', 'bulan', 'ini']",
DPIGmZnExJk,2025-09-28 17:59:40 WIB,alfaaz_onecare,"['masa', 'seminggu', 'sekali', 'gangguan']",
DPIGmZnExJk,2025-09-28 18:00:06 WIB,alfaaz_onecare,"['yg', 'gn', 'bener', 'aja', 'gangguan', 'seminggu', 'sekali']",
DPIGmZnExJk,2025-09-28 18:00:11 WIB,andri_krismantoro,"['masih', 'berapa', 'lama', 'proses', 'perbaikannya', '?']",
DPIGmZnExJk,2025-09-28 18:01:19 WIB,alfaaz_onecare,"['kita', 'ngontrak', 'pak', 'gk', 'punya', 'tandon', 'tolong', 'mikirlah', 'gk', 'semua', 'org', 'benowo', 'penduduk', 'asli', 'gk', 'semua', 'orang', 'benowo', 'punya', 'sumur', 'klo', 'kerja', 'yg', 'bener']",
DPIGmZnExJk,2025-09-28 18:02:31 WIB,mauraindahhh,"['emang', 'blm', 'ada', 'respon']",
DPIGmZnExJk,2025-09-28 18:03:14 WIB,mauraindahhh,"['warga', 'rejosari', 'udh', 'banyak', 'kehabisan', 'air', 'gimna', 'kebijakannya']",
DPIGmZnExJk,2025-09-28 08:04:17 WIB,analianaa__,"['pemberitahuannya', 'mendadak', 'banget']",
DPIGmZnExJk,2025-09-28 08:05:20 WIB,hanisusant0,"['tapi', 'air', 'di', 'pakal', 'sudah', 'ndak', 'keluar', 'dari', 'shubuh']",
DPIGmZnExJk,2025-09-28 08:22:56 WIB,reyvaldo.mf,"['pak', 'ini', 'sampai', 'kapan', 'ya', 'pak', 'di', 'benowo']",
DPIGmZnExJk,2025-09-28 08:32:06 WIB,anikyuli,"['mati', 'airnya', 'udh', 'dr', 'tadi', 'baru', 'diksih', 'pemberitahuan']",
DPIGmZnExJk,2025-09-28 08:50:26 WIB,samie_sr,"['kenala', 'pemberitahuannya', 'mendadak', 'woyyy', 'tanggung', 'jawab', 'nggaj']",
DPIGmZnExJk,2025-09-28 08:59:18 WIB,reyvaldo.mf,"['nggeh', 'pak', 'semoga', 'cepat', 'selesai', 'aamiin']",
DPIGmZnExJk,2025-09-28 09:03:40 WIB,reyvaldo.mf,"['maaf', 'pak', 'mengaganggu']",
DPIGmZnExJk,2025-09-28 09:16:44 WIB,the_tayo22,"['kenapa', 'air', 'di', 'pakis', 'setiap', 'subuh', 'sampai', 'jam', '<num>', 'siang', 'tidak', 'menyala']",
DPIGmZnExJk,2025-09-28 09:18:40 WIB,verradyta44,"['hadeuh', 'nasib', 'dah', 'kalo', 'pemberitahuan', 'jangan', 'telat', 'gini', 'orang', 'pada', 'belum', 'siapin', 'nandon']",
DPIGmZnExJk,2025-09-28 09:37:01 WIB,ullywulan_d,"['pak', 'tolong', 'dong', 'ini', 'sudah', '<num>', 'jam', 'air', 'tidak', 'keluar', 'sama', 'sekali', 'di', 'rejosari', 'kita', 'gak', 'punya', 'torentandon', 'air', 'buat', 'masak', 'aja', 'udh', 'gak', 'bisa', 'ini', 'pak']",
DPIGmZnExJk,2025-09-28 09:40:54 WIB,elokkhoirotul,"['apaaan', 'ini', 'di', 'beji', 'mati', 'dari', 'jam', '<num>', 'dini', 'hari']",
DPIGmZnExJk,2025-09-28 10:00:22 WIB,afifaaps,"['kenapa', 'daerah', 'pakis', 'gunung', 'beberapa', 'hari', 'air', 'nyala', 'cuma', 'di', 'jam', '<num>', 'malam', 'sampai', 'jam', '<num>', 'subuh', 'saja']",
DPIGmZnExJk,2025-09-28 10:15:55 WIB,mpuapv,"['kurleb', '<num> jam', 'perbaikan', 'bagus', 'banget', 'dari', 'kemren', 'malam', 'ada', 'petugas', 'yg', 'hanya', 'duduk <num>', 'di', 'lokasi', 'kebocoran']",
DPIGmZnExJk,2025-09-28 11:09:32 WIB,lutfi.sbu,"['saya', 'sudah', 'telfon', 'ke', 'call', 'center', 'tapi', 'tidak', 'diangkat']",
DPIGmZnExJk,2025-09-28 11:27:36 WIB,riskikiki9,"['pak', 'ini', 'sek', 'lama', 'ta', 'pak', '?', 'tolong', 'pak', 'wes', 'kehabisan', 'air', 'ini']",
DPIGmZnExJk,2025-09-28 12:21:44 WIB,minniemickey05,"['kecbubutan', 'wilayah', 'tembok', 'dukuh', 'banyune', 'mati', 'wes', 'seminggu', 'mati', 'teros']",
DPIGmZnExJk,2025-09-28 12:58:19 WIB,rosidah_ummah,"['gurung', 'adus', 'ket', 'isuk', 'iki', 'pak', 'set', '<num>', 'buka', 'keran', 'air', 'wes', 'ra', 'metu']",
DPIGmZnExJk,2025-09-28 14:18:50 WIB,rieskaac,"['apakah', 'masih', 'belum', 'selesai', 'juga', 'perbaikannya', '?']",
DPIGmZnExJk,2025-09-28 14:41:40 WIB,lilik.widyastuti.336,"['apa', 'belum', 'selesai', 'perbaikan', 'pipa', 'bocornya', 'ini', 'sudah', 'sore', 'waktunya', 'pada', 'mandi']",
DPIGmZnExJk,2025-09-28 14:54:35 WIB,ullywulan_d,"['pak', 'ini', 'udah', 'sore', 'loh', 'dari', 'jam', '<num>', 'subuh', 'lo', 'pak', 'gak', 'kelar', 'juga', 'astagfirullah', 'ya', 'allah']",
DPIGmZnExJk,2025-09-28 14:59:05 WIB,tuysrca,"['masih', 'lama', 'kah', 'perbaikannya', '?', 'ini', 'hawanya', 'sangat', 'panasss', 'mau', 'mandi', 'sama', 'siram', 'siram', 'tanaman', 'udah', 'gerah', 'banget']",
DPIGmZnExJk,2025-09-28 15:00:05 WIB,devilstari._,"['pak', 'maaf', 'ini', 'sampek', 'kapan', 'ya', 'selesainya', 'darurat', 'air', 'nih', 'pak', 'buat', 'mandi', 'dll']",
DPIGmZnExJk,2025-09-28 15:12:46 WIB,heri_ggading,"['sampai', 'kpn', 'ya', 'sdh', 'sore', 'blm', 'keluar', 'juga', 'air', 'nya']",
DPIGmZnExJk,2025-09-28 15:13:33 WIB,rrydwnt,"['kapan', 'perbaikan', 'selesai', 'pak', '?']",
DPIGmZnExJk,2025-09-28 15:46:56 WIB,ristoys,"['mana', 'min', 'dari', 'pagi', 'gak', 'nyala <num>', 'nyusahkan', 'orang', 'mana', 'bantuan', 'airnya']",
DPIGmZnExJk,2025-09-28 15:50:49 WIB,ristoys,"['air', 'sulit', 'bayar', 'denda', '<num>', 'hari', '<num>', 'hari', 'nekik', 'orang', 'pakal', 'mati', 'dari', 'pagi', 'sampai', 'saat', 'ini', 'minta', 'bantuan', 'air', 'di', 'wa', 'bulet', 'ae', 'iki', 'suroboyo']",
DPIGmZnExJk,2025-09-28 15:53:35 WIB,ristoys,"['nomer', 'di', 'wa', 'bulet', 'ae', 'lapo', 'di', 'kek', 'no']",
DPIGmZnExJk,2025-09-28 15:54:04 WIB,alvinurj,"['sampe', 'kapan', 'perbaikannya', 'selesai', '?']",
DPIGmZnExJk,2025-09-28 16:03:59 WIB,meida_r_imani,"['sudah', '<num>', 'jam', 'pak']",
DPIGmZnExJk,2025-09-28 16:05:51 WIB,ullywulan_d,"['buruan', 'pak', 'lamban', 'sekali', 'penanganannya', 'ini', 'udah', 'ngerepotin', 'bnyk', 'org', 'bgt']",
DPIGmZnExJk,2025-09-28 16:06:14 WIB,meryfatmaarum2,"['pak', 'ini', 'sampek', 'kapan', 'daerah', 'pakal', 'belom', 'keluar', 'airnya', 'call', 'center', 'sibuk', 'semua']",
DPIGmZnExJk,2025-09-28 16:09:12 WIB,nisaalinisa,"['kira', ""''"", 'ini', 'kpan', 'ya', 'pak', 'nyalah', 'nya']",
DPIGmZnExJk,2025-09-28 16:11:48 WIB,citrachmadhani,"['sampai', 'sekarang', 'udah', 'jam', '<num>', 'masih', 'belum', 'nyala', 'juga', 'nih', 'airnya', 'estimasi', 'berapa', 'lama', 'lagi', 'pak', '?']",
DPIGmZnExJk,2025-09-28 16:14:49 WIB,mauraindahhh,"['gimna', 'ya', 'kok', 'belum', 'nyala', 'sampe', 'sekarang', 'daerah', 'benowo']",
DPIGmZnExJk,2025-09-28 16:15:51 WIB,hanisusant0,"['gimana', 'ini', 'kok', 'belum', 'nyala', 'sudah', '<num> jam', 'lebih']",
DPOCNs4DqIT,2025-09-30 19:14:34 WIB,adindaaaar_,"['gimana', 'ini', 'min', 'kemlaten', 'kok', 'airnya', 'dari', 'pagi', 'ga', 'nyala', '”', 'gaada', 'info', 'sm', 'sekali', 'kalo', 'air', 'mati']",
DPOCNs4DqIT,2025-09-30 19:29:57 WIB,rizkimilkita,"['kalijaran', 'kok', 'mati', 'lagi', 'min', 'airnya', '?']",
DPMKPJ8kwIo,2025-09-30 10:47:32 WIB,nofaniima,"['dukuh', 'menanggal', 'sampai', 'sekrg', '<num>', 'masih', 'blm', 'mengalir']",
DPMKPJ8kwIo,2025-09-30 11:30:05 WIB,ana_makanoto,"['pak', 'daerah', 'menanggal', 'sampai', 'saat', 'airnya', 'belum', 'mengalir']",
DPMKPJ8kwIo,2025-09-30 11:56:33 WIB,a.paramita_s,"['sampe', 'jam', 'srgini', 'blm', 'nyala', 'jg', 'ya', 'min', 'gmn', 'ni', '?']",
DPMKPJ8kwIo,2025-09-30 11:57:25 WIB,rarirurero19,"['tolong', 'sampai', 'jam', 'berapa', 'ya', 'ini', 'mati', 'airnya', '?']",
DPMKPJ8kwIo,2025-09-30 11:59:01 WIB,trisnoindah,"['daerah', 'menanggal', 'masih', 'mati', 'min', 'pdam', 'nya']",
DPMKPJ8kwIo,2025-09-30 12:00:33 WIB,trisnoindah,"['sampai', 'saat', 'ini', 'daerah', 'menanggal', 'blm', 'mengalir', 'pdam', 'nya']",
DPMKPJ8kwIo,2025-09-30 12:10:51 WIB,nuraliyahk_21,"['sudah', 'min']",
DPMKPJ8kwIo,2025-09-30 12:33:28 WIB,ana_makanoto,"['terima', 'kasih']",
DPMKPJ8kwIo,2025-09-30 12:37:27 WIB,fitria2ningsih,"['kalijaran', 'dari', 'kemarin', 'mati', 'mbok', 'ya', 'info', 'ngunu', 'min']",
DPMKPJ8kwIo,2025-09-30 12:38:36 WIB,fitria2ningsih,"['gak', 'on', 'min', 'kalijaran', 'mati', 'dari', 'kemarin', 'siang']",
DPMKPJ8kwIo,2025-09-30 13:05:33 WIB,_ntaneka27,"['apa', 'sudah', 'selesai', 'perbaikan', 'nya', '?', 'm']",
DPMKPJ8kwIo,2025-09-30 13:26:52 WIB,erryseptiawan,"['minsemenjak', 'selesainya', 'perbaikan', 'pipa', 'yg', 'ada', 'di', 'pertigaan', 'kendung', 'kenapa', 'ya', 'debit', 'air', 'pdam', 'di', 'kawasan', 'western', 'village', 'jadi', 'mengecil', 'tidak', 'seperti', 'dulu', 'lagi']",
DPMKPJ8kwIo,2025-09-30 13:58:53 WIB,dyahnaw,"['di', 'denda', 'aja', 'itu', 'proyeknya', 'mesti', 'merusak', 'pipa', 'air']",
DPMKPJ8kwIo,2025-09-30 14:24:34 WIB,bellaaristas,"['ane', 'lihat', 'dulu', 'biasanya', 'ga', 'pagi', 'ga', 'siang', 'ga', 'sore', 'air', 'kecil', 'hari', 'ini', 'agak', 'lumayan', 'mlm', 'doank', 'banter', 'jadi', 'kalau', 'sore', 'atau', 'pagi', 'mandi', 'sebelum', 'itu', 'harus', 'di', 'isi', 'penuh']",
DPMKPJ8kwIo,2025-09-30 14:26:33 WIB,erryseptiawan,"['okaku', 'dm', 'ya', 'min']",
DPMKPJ8kwIo,2025-09-30 14:33:46 WIB,yudhawillys,"['siap', 'terima', 'kasih', 'banyak']",
DPMKPJ8kwIo,2025-09-30 14:36:55 WIB,dessyjazzy,"['air', 'dirumah', 'saya', 'daerah', 'tanah', 'merah', 'surabaya', 'cuma', 'keluar', 'siang', 'jam', '<num>', 'sampai', 'ashardan', 'malam', 'jam', '<num>', 'keatasselanjutnya', 'mati', 'lagi', 'sampai', 'siangnya', 'jam', '<num>', 'lagipadahal', 'dulu', '<num>', 'jam', 'nonstop', 'air', 'keluar', 'terustolong', 'lah', 'diperbaikikita', 'jg', 'ga', 'pernah', 'nunggak', 'tagihan', 'tapi', 'disiksa', 'air', 'nya', 'ga', 'keluar', 'begadang', 'tiap', 'hari']",
DPMKPJ8kwIo,2025-09-30 15:25:21 WIB,nurlaili06,"['tempurejo', 'hari', 'ini', 'mati', 'total', 'min', 'disitu', 'infonya', '-', '<num>', 'jam', 'tapi', 'sampai', 'sekarang', 'belum', 'ada', 'keluar', 'airnya']",
DPMKPJ8kwIo,2025-09-30 17:25:55 WIB,randyputrabachtiar,"['sudah', 'pak', 'terima', 'kasih']",
DPMKPJ8kwIo,2025-09-30 22:06:43 WIB,dyahnaw,"['sudah', 'kak', 'terima', 'kasih', 'atas', 'perhatiannya']",
DPMKPJ8kwIo,2025-09-29 22:35:07 WIB,hanibeee3,"['min', 'ini', 'daerah', 'wonosari', 'kok', 'airnya', 'dri', 'kemarin', 'ga', 'keluar', 'yaa', '?', 'ada', 'masalah', 'apa', 'dan', 'sampai', 'kapan', '?']",
DPMKPJ8kwIo,2025-09-30 02:57:49 WIB,bellaaristas,"['tiap', 'hari', 'air', 'kecil', 'ntah', 'apa', 'yang', 'pdam', 'lakukan', 'apalagi', 'daerah', 'pakuwon', 'indah', 'surabaya', 'barat', 'makin', 'lama', 'makin', 'ga', 'ada', 'air']",
DPMKPJ8kwIo,2025-09-30 03:14:46 WIB,me.gasilvi_a,"['kok', 'daerah', 'simo', 'gunung', 'mati', 'total', 'airnya']",
DPMKPJ8kwIo,2025-09-30 03:39:08 WIB,nuraliyahk_21,"['ini', 'kenapa', 'lagi', 'min', 'daerah', 'wiyung', 'airnya', 'kok', 'kecil', 'biasanya', 'jam', 'set', '<num>', 'air', 'bisa', 'naik', 'ke', 'lantai', '<num>', 'hari', 'ini', 'gak', 'naik', 'airnya', 'semakin', 'hari', 'air', 'semakin', 'kecil', 'keluarnya', 'tpi', 'pembayaran', 'semakin', 'membengkak', 'dlu', 'jam', '<num>', 'buka', 'tandon', 'air', 'smpek', 'tumpah', ""''"", 'sekarang', 'set', '<num>', 'tandonku', 'gak', 'pernah', 'smpek', 'tumpah', ""''"", 'malah', 'hari', 'ini', 'air', 'gak', 'naik', 'samsek', 'ke', 'lantai', '<num>', 'yaallah', 'makin', 'parah', 'aja']",
DPMKPJ8kwIo,2025-09-30 03:48:48 WIB,randyputrabachtiar,"['daerah', 'cito', 'mati']",
DPMKPJ8kwIo,2025-09-30 04:01:29 WIB,kresnaadityar,"['daerah', 'taman', 'indah', 'menanggal', 'mati']",
DPMKPJ8kwIo,2025-09-30 04:46:36 WIB,zakizamani_,"['daerah', 'menanggal', 'mati', 'min']",
DPMKPJ8kwIo,2025-09-30 05:11:07 WIB,yudhawillys,"['menanggal', 'kec', 'gayungan', 'mati', '?', 'mohon', 'updatenya']",
DPMKPJ8kwIo,2025-09-30 05:37:49 WIB,mauludiyahabd,"['di', 'pandugo', 'juga', 'aliran', 'air', 'kecil', 'sampai', 'tidak', 'keluar']",
DPMKPJ8kwIo,2025-09-30 05:37:51 WIB,rarirurero19,"['daerah', 'menanggal', 'airnya', 'mati', 'pagi', 'ini', 'pas', 'di', 'cek', 'ig', 'nya', 'ini', 'bener', 'aja', 'selalu', 'pemberitahuannya', 'pas', 'malem', '”', 'kocak', 'bgt']",
DPMKPJ8kwIo,2025-09-30 05:42:18 WIB,mauludiyahabd,"['aktivitas', 'pagi', 'jadi', 'terhambat']",
DPMKPJ8kwIo,2025-09-30 06:01:58 WIB,trisnoindah,"['dampaknya', 'ko', 'ke', 'menanggal', '?', '?', 'pagi <num>', 'waktunya', 'aktivitas', 'air', 'mati', 'kocak']",
DPMKPJ8kwIo,2025-09-30 06:44:00 WIB,dyahnaw,"['kompek', 'wisma', 'pagesangan', 'air', 'juga', 'mati', 'mulai', 'tadi', 'malam', 'sampai', 'sekarang', 'piye', 'iki', 'panas', 'mau', 'mandi', 'ehh', 'air', 'mati']",
DPMKPJ8kwIo,2025-09-30 06:49:16 WIB,irvydaniara,"['min', 'sambikerep', 'kenapa', 'mati', 'dr', 'subuh', '?', 'udah', 'sampe', 'wa', 'pengaduan', 'ke', 'nomor', 'pelanggan']",
DPMKPJ8kwIo,2025-09-30 06:54:09 WIB,zakizamani_,"['masih', 'belum', 'kak']",
DPMKPJ8kwIo,2025-09-30 07:00:23 WIB,rarirurero19,"['dukuh', 'menanggal', 'belum', 'nyala', 'dari', 'subuh', 'sampai', 'pagi', 'ini', 'tuh', 'min', '?']",
DPMKPJ8kwIo,2025-09-30 07:22:12 WIB,feeizzy,"['kapas', 'gading', 'madya', 'air', 'kok', 'airnya', 'mati', 'jg', 'min']",
DPMKPJ8kwIo,2025-09-30 07:25:12 WIB,a.paramita_s,"['dari', 'kemarin', 'sebenernya', 'pak', 'cm', 'kemarin', 'agak', 'siang', 'nyala', 'kenceng', 'baru', 'malem', 'tp', 'coklat', 'nemen', 'hari', 'ini', 'dari', 'semalam', 'mati', 'lagi', 'sampai', 'skrg', 'mohon', 'info', 'sampai', 'kapan', '?']",
DPMKPJ8kwIo,2025-09-30 07:26:52 WIB,a.paramita_s,"['hari', 'ini', 'mati', 'lg', 'dan', 'sampai', 'jam', '<num>', 'td', 'area', 'taman', 'indah', 'dan', 'menanggalindah', 'blm', 'nyala', 'min', 'dan', 'kenapa', 'keruh', 'jg', '?']",
DPMKPJ8kwIo,2025-09-30 07:49:41 WIB,rarirurero19,"['gak', 'membantu', 'min', 'smpe', 'jam', '<num>', 'blm', 'ngalir', 'ke', 'daerah', 'menanggal', 'nih']",
DPMKPJ8kwIo,2025-09-30 08:12:27 WIB,annisarosyidah_,"['pakal', 'masih', 'mati', 'minnnn', 'astagfirullah', 'telat', 'bayar', 'denda', 'kalo', 'mati', 'terus', 'kaya', 'gini', 'ada', 'kompensasi', 'gaaa']",
DPMKPJ8kwIo,2025-09-30 08:16:47 WIB,randyputrabachtiar,"['di', 'tunggu', 'kabar', 'on', 'nya']",
DPMKPJ8kwIo,2025-09-30 09:16:05 WIB,hawin_rahmawati,"['menanggal', 'gayungan', 'sampai', 'saat', 'ini', 'airnya', 'masih', 'mati']",
DPMKPJ8kwIo,2025-09-30 09:48:25 WIB,feeizzy,"['airnya', 'masih', 'ga', 'keluar', 'sampe', 'skrg', 'min']",
DPMKPJ8kwIo,2025-09-30 10:15:48 WIB,nnayoav,"['daerah', 'lidah', 'wetan', 'ko', 'airnya', 'mati', 'min']",
DPMKPJ8kwIo,2025-09-30 10:20:03 WIB,irvydaniara,"['min', 'gimana', 'ini', 'sampe', 'skg', 'belum', 'nyala', 'lo', 'airnya', 'katanya', 'sudah', 'mulai', 'normalisasi', 'tapi', 'ini', 'air', 'ga', 'mengalir', 'sama', 'sekali']",
DPFsH6DE320,2025-09-27 18:52:59 WIB,harianto_eko94,"['bungkal', 'sambikerep', 'air', 'belum', 'nyala']",
DPFsH6DE320,2025-09-27 22:44:58 WIB,huangmeimei__,"['min', 'jam', 'segini', 'udah', 'malam', 'airnya', 'di', 'sambikerep', 'kok', 'blm', 'nyala', 'juga', 'ya']",
DPFsH6DE320,2025-09-27 23:13:35 WIB,yuniaslicha,"['min', 'sambikerep', 'jam', 'segini', 'kok', 'belum', 'keluar', 'airnya', '?']",
DPFsH6DE320,2025-09-28 04:35:54 WIB,shintaarnt,"['min', 'daerah', 'benowo', 'kok', 'airnya', 'gk', 'keluar', 'ya']",
DPFsH6DE320,2025-09-28 07:58:58 WIB,meida_r_imani,"['pakal', 'air', 'tidak', 'keluar']",
DPFsH6DE320,2025-09-29 11:38:59 WIB,ifaalya20,"['kapan', 'ya', 'min', 'selesainya']",
DO-_DRlEzVU,2025-09-25 07:58:21 WIB,devi.iriyanti,"['min', 'ini', 'air', 'saya', 'tidak', 'keluar', 'alamat', 'setro', 'baru', 'utara', 'mintak', 'tolong', 'dibantu']",
DO-_DRlEzVU,2025-09-25 09:20:11 WIB,safina_sultan_,"['min', 'rumah', 'saya', 'jl', 'karah', 'pagi', 'ini', 'airnya', 'keluar', 'keruh', 'warna', 'coklat', 'min']",
DPBizd6k3-o,2025-09-25 19:48:42 WIB,deviepuspitasari92,"['yang', 'bener', 'aja', 'min', 'udah', 'mati', 'seharian', 'baru', 'up']",
DPBizd6k3-o,2025-09-25 19:51:19 WIB,devi.iriyanti,"['min', 'daerah', 'setro', 'baru', 'utara', 'gang', '<num>', 'mati', 'dari', 'pagii']",
DPBizd6k3-o,2025-09-25 19:51:39 WIB,devi.iriyanti,"['mintakk', 'tolongggg', 'bantuannyaaa', 'min']",
DPBizd6k3-o,2025-09-25 21:20:47 WIB,rizkimilkita,"['min', 'daerah', 'kalijaran', 'mati', 'dari', 'kemarin']",
DPBizd6k3-o,2025-09-25 21:51:31 WIB,deviepuspitasari92,"['lho', 'ya', 'masak', 'bongkar', 'pasang', 'rumah', 'pompa', 'spontan', 'uhuy', '?', 'kan', 'kalian', 'ada', 'kordinasi', 'dong', 'ya', 'bisa', 'info', 'wqrga', 'sekita', '<num>', 'hari', 'sebelumnya', 'ini', 'yang', 'mau', 'mandi', 'buang', 'aer', 'dll', 'masak', 'iya', 'harus', 'tayamum', 'nunggu', 'aer', 'tangki', 'juga', 'harus', 'di', 'hubungi', 'dulu', 'kan', 'min', 'besok <num>', 'jgn', 'gini', 'min', 'up', 'juga', 'jgn', 'sudah', 'pas', 'mau', 'nyala', 'info', 'by', 'wa', 'ke', 'perangkat', 'setempat', 'yg', 'terdampak', 'masukan', 'ini', 'min', 'biar', 'orang', 'ada', 'persiapan', 'nandon', 'aer']",
DPBizd6k3-o,2025-09-25 22:00:15 WIB,hendrays,"['alhamdulillah', 'sudah', 'mengalir', 'tapi', 'masih', 'kotor', 'min']",
DPETkEnkyoX,2025-09-26 21:10:26 WIB,mhmdrizkyy12._,"['selamattttt', 'perumda']",
DPETkEnkyoX,2025-09-27 04:56:10 WIB,nuri1huda,"['alhamdulillah', 'selamat', 'yaa']",
DPDtycQk5S2,2025-09-26 15:22:02 WIB,ikanpaus_777,"['tuh', 'kan', 'min', 'ada', 'gangguan', 'lagi', 'biasanya', 'sebulan', 'sekali', 'tapi', 'khusus', 'bulan', 'ini', '<num> x']",
DPDtycQk5S2,2025-09-26 16:28:18 WIB,tiararisa74,"['tengger', 'kandangan', 'termasuk', 'g', 'min', '?', '?']",
DPDtycQk5S2,2025-09-26 17:35:54 WIB,puspitaannisaa,"['mati', 'lagi', 'min']",
DPDtycQk5S2,2025-09-26 18:32:42 WIB,irvanbots23,"['onok <num>', 'ae']",
DPDtycQk5S2,2025-09-26 19:12:58 WIB,tiararisa74,"['terimakasih', 'atas', 'informasinya']",
DPDtycQk5S2,2025-09-26 20:24:58 WIB,ainul_y29,"['iki', 'wes', 'gak', 'metu', 'ket', 'jam', '<num>']",
DPDtycQk5S2,2025-09-26 20:58:08 WIB,bekam_sby,"['untuk', 'bandarejo', 'ye', 'opo', 'min']",
DPDtycQk5S2,2025-09-26 21:36:55 WIB,ver_ayu,"['tlong', 'min', 'kalau', 'ada', 'perbaikan', 'atau', 'apapun', 'info', 'ke', 'masing', ""''"", 'daerah', 'gak', 'semua', 'orang', 'ada', 'medsos', 'info', 'pun', 'sdh', 'mati', 'air', 'nya', 'baru', 'update', 'di', 'instagram']",
DPDtycQk5S2,2025-09-26 21:37:22 WIB,ver_ayu,"['kebanyakan', 'ini', 'orang', 'kerja', 'min', 'jam', 'pagi', 'banyak', 'ibu', ""''"", 'mau', 'masak', 'gabisa', 'cuci', 'sayur', 'pagi', ""''"", 'waktunya', 'orang', 'berangkat', 'kerja', 'kerja', 'jadi', 'telat']",
DPDtycQk5S2,2025-09-26 22:08:55 WIB,chocomoussecake_,"['min', 'ini', 'gimana', 'daerah', 'pakis', 'gunung', 'sawahan', 'air', 'mati', 'dari', 'jam', '<num>', 'siang', 'sampai', 'skrg', 'jam', '<num>', 'malam', 'kok', 'belum', 'nyala', '?', '?', 'mana', 'gak', 'ada', 'pemberitahuan', 'sebelumnya', 'jd', 'gak', 'sempet', 'nyimpan', 'airrrrr']",
DPDtycQk5S2,2025-09-26 23:58:05 WIB,firfird,"['min', 'masih', 'berapa', 'bulan', 'lagi', 'ya', 'supply', 'air', 'ke', 'sambikerep', '?', 'hampir', '<num>', 'minggu', 'air', 'mati', 'nyala', 'pun', 'keluarnya', 'kyk', 'iler', 'toddler']",
DPDtycQk5S2,2025-09-27 04:48:45 WIB,harianto_eko94,"['surabaya', 'barat', 'khususe', 'daerah', 'sambikerep', 'wes', 'aliran', 'aire', 'kecil', 'terus', 'sering', 'mati', 'parah', 'se', 'iki']",
DPDtycQk5S2,2025-09-27 08:46:49 WIB,nndyasav,"['halo', 'min', 'ini', 'gimana', 'daerah', 'karah', 'sby', 'selatan', 'kok', 'air', 'nya', 'mati', 'ya', 'kenapa']",
DPDtycQk5S2,2025-09-27 08:47:55 WIB,nndyasav,"['karena', 'tidak', 'ada', 'pemberitahuan', 'sebelumnya', 'juga', 'kalo', 'bakal', 'mati', 'air', 'nya', 'di', 'daerah', 'karah', 'min']",
DPDtycQk5S2,2025-09-27 09:26:44 WIB,nndyasav,"['estimasi', 'berapa', 'lama', 'min', '?', '?']",
DPDtycQk5S2,2025-09-27 09:56:59 WIB,harianto_eko94,"['masih', 'belum', 'nyala', 'min', 'daerah', 'sambikerep']",
DPDtycQk5S2,2025-09-27 17:48:02 WIB,yopi_apriyanto,"['info', 'air', 'di', 'daerah', 'saya', 'kok', 'masih', 'belum', 'nyala', 'iya']",
DPDtycQk5S2,2025-09-27 18:52:32 WIB,harianto_eko94,"['sambikerep', 'belum', 'nyala', 'sampai', 'malam', 'ini', 'min', 'parah', 'se', 'iji']",
DPDtycQk5S2,2025-09-27 18:56:10 WIB,mardhairaa_,"['ini', 'air', 'daerah', 'bungkal', 'sambikerep', 'mati', 'total', 'katanya', 'cuma', '<num> jam']",
DPDtycQk5S2,2025-09-27 23:17:10 WIB,liliez28,"['gausah', 'ngaco', 'min', 'dari', 'pagi', 'sampe', 'gini', 'hari', 'mau', 'jam', '<num>', 'air', 'msh', 'blm', 'nyala']",
DPDtycQk5S2,2025-09-27 23:53:24 WIB,arsitaang_,"['betul', 'sampe', 'skrg', 'udah', 'mau', 'pindah', 'hari', 'masih', 'blm', 'nyala']",
DPDtycQk5S2,2025-09-28 07:46:13 WIB,shintaarnt,"['min', 'daerah', 'benowo', 'kok', 'ikutan', 'gak', 'nyala', 'airnya', '?']",
DPDtycQk5S2,2025-09-28 07:57:54 WIB,shintaarnt,"['estimasi', 'pengerjaan', 'selesai', 'jam', 'brp', 'ya', 'min']",
DPDtycQk5S2,2025-09-29 10:06:49 WIB,taufik_mikaila_rr,"['untuk', 'wilayah', 'wiyung', 'gang', 'grendo', 'knapa', 'air', 'nya', 'masih', 'susah', 'ya', '?', 'nyala', 'di', 'jam <num>', 'tertentupadahal', '<num>', 'bulan', 'yg', 'lalu', 'sudah', 'ada', 'pergantian', 'pipa', 'besarkug', 'masih', 'aja', 'blm', 'kluar', 'normal']",
DPDtycQk5S2,2025-09-30 05:51:30 WIB,fikihanis,"['di', 'sby', 'barat', 'pondok', 'benowo', 'indah', 'sudah', '<num>', 'hari', 'kok', 'masih', 'blum', 'nyala', 'juga', 'min']",
DPDDzG0E9Ci,2025-09-26 20:51:22 WIB,dwirachma281187,"['fix', 'mam', 'g', 'hoax']",
DPDDzG0E9Ci,2025-09-27 18:07:19 WIB,rini_arek_lmjg,"['di', 'daerah', 'jl', 'raya', 'bungkal', 'sambikerep', 'air', 'kok', 'mati', 'lagi', 'ya']",
DPDDzG0E9Ci,2025-09-29 06:45:56 WIB,isma_jessie,"['pakkk', 'kenapa', 'air', 'didaerah', 'kapas', 'gading', 'madya', 'kok', 'mati', 'lagii', '<num>', 'hari', 'ini', 'lomasa', 'minggu', 'aja', 'nggak', 'mati', 'air', 'ehari', 'senin', 'ini', 'mati', 'lagi', 'jgn', 'di', 'php', 'in', 'dunk', 'masa', 'air', 'juga', 'php', 'in', 'aq']",
DO5VrO9E5l6,2025-09-22 21:11:48 WIB,yolandaerupley,"['sambiarum', 'lor', 'min', 'mati', 'airnya', 'sampe', 'kapan', 'sudah', 'habis', 'banyak', 'utk', 'beli', 'air', 'isi', 'ulang']",
DO5VrO9E5l6,2025-09-22 21:57:08 WIB,aldoell_,"['piyee', 'iki', 'min', '?', '?', '?', 'gada', 'pemberitahuan', 'area', 'kebraon', 'kemlaten', 'mati', 'ini', 'punya', 'saya', '...']",
DO5VrO9E5l6,2025-09-22 22:37:45 WIB,erlina_han,"['iyabener', 'bbrp', 'x', 'mati', 'airnya', 'tanpa', 'ada', 'pemberitahuan', 'area', 'kebraon']",
DO5VrO9E5l6,2025-09-22 22:38:39 WIB,aldoell_,"['iyaa', 'malam', 'ini', 'pun', 'mati', 'tanpa', 'ada', 'pemberitahuan']",
DO5VrO9E5l6,2025-09-23 06:32:36 WIB,erlina_han,"['sdh', 'nyala', 'td', 'jam', '<num>', 'subuh', 'tp', 'yg', 'dipermasalahkan', 'gk', 'ada', 'pemberitahuan', 'terlebih', 'dahulu', 'klo', 'mau', 'mati', 'paling', 'tidak', 'pemberitahuan', 'lwt', 'kelurahan', 'biar', 'dr', 'kelurahan', 'bs', 'diteruskan', 'ke', 'ketua', 'rt', 'jd', 'masyarakat', 'laling', 'tdk', 'bs', 'nandon', 'air']",
DO5VrO9E5l6,2025-09-23 09:09:47 WIB,yolandaerupley,"['mohon', 'diinfokan', 'kak', 'sampai', 'kapan', 'gangguannya', '?', 'apakah', 'ada', 'jalur', 'pdam', 'yg', 'rusak', 'di', 'sambiarum', 'imbas', 'pemasangan', 'box', 'culvert', 'atau', 'memang', 'dihentikan', '?']",
DO5VrO9E5l6,2025-09-23 10:19:37 WIB,ervinmeididwi,"['bendul', 'merisi', 'min', 'airnya', 'mati', 'ditelpon', 'call', 'center', 'yaa', 'gabisa', 'dari', 'kemarin', 'air', 'sudah', 'gakeluar', 'seminggu', 'ruwet', 'e', 'hmmm']",
DO44PY6kwI_,2025-09-22 12:06:08 WIB,fiea_aikiss,"['ini', 'didaerah', 'bulak', 'banteng', 'udah', '<num>', 'hari', 'gk', 'nyala', 'minmau', 'sampai', 'kapan']",
DO-Xiuhk-xE,2025-09-24 14:23:38 WIB,ripyuw,"['update', 'selalu', 'telat', 'rumah', 'pompa', 'mati', 'jam', 'berapa', 'diupdate', '<num> jam', 'kemudian']",
DO-Xiuhk-xE,2025-09-29 03:06:25 WIB,a.paramita_s,"['pak', 'air', 'mati', 'di', 'area', 'menanggal', 'kenapa', 'tidak', 'ada', 'infonya', '?', 'ini', 'sampe', 'kapan', '?']",
DO9zUVHkywS,2025-09-24 16:47:12 WIB,pentolkabulsae,"['ini', 'daerah', 'saya', 'tambak', 'medokan', 'ayu', 'kenapa', 'gangguan', 'air', 'seharian', 'ga', 'ada', 'tindakan', 'dan', 'info', 'lebih', 'lanjut', 'dr', 'cs', 'nya', 'pdam', 'ya', '?', 'pengaduan', 'no', 't <num>']",
DO-fk8NE7vM,2025-09-24 15:29:52 WIB,nuri1huda,"['hooknya', 'gitu', 'banget', 'min']",
DO-fk8NE7vM,2025-09-26 18:09:51 WIB,ikawahyurs,['top'],
DO3SjkjE-jj,2025-09-21 22:02:36 WIB,f_nthul,"['hallo', 'min', 'apakah', 'setelah', 'pipa', 'besar', 'di', 'perbaikil', 'dan', 'normalisasi', 'apakah', 'distribusi', 'air', 'tidak', 'merata', '?', 'karena', 'di', 'bandarejo-sememi', 'air', 'pdam', 'tidak', 'merata', 'keluarnya', 'apalagi', 'yang', 'rumahnya', 'ada', 'tanjakan', 'air', 'nyala', 'cuma', 'setiap', 'malam', 'dan', 'di', 'tengah', 'malam', 'jam', '<num> malam', 'up', 'keluar', 'air', 'pdamnya', 'makasih', 'min']",
DO3SjkjE-jj,2025-09-22 13:21:17 WIB,f_nthul,"['oke', 'min', 'makasih', 'kalo', 'memang', 'masih', 'butuh', 'waktu', 'untuk', 'normalisasi', 'btw', 'siang', 'ini', 'udah', 'keluar', 'jadi', 'ga', 'perlu', 'begadang', 'untuk', 'ngisi', 'air']",
DO2eBXpkxSr,2025-09-21 11:47:55 WIB,mhmdrizkyy12._,"['aku', 'pernah', 'berkunjung', 'ke', 'museum', 'balai', 'pemuda', 'surabaya', 'ruang', 'bacanya', 'bersih', 'rapi', 'dan', 'nyaman', 'sekali', 'duduk', 'sambil', 'membaca', 'di', 'sana', 'terasa', 'tenang', 'apalagi', 'dengan', 'suasana', 'bangunan', 'bersejarah', 'yang', 'menambah', 'kesan', 'hangat', 'dan', 'berharga']",
DO2eBXpkxSr,2025-09-21 12:13:05 WIB,sheiraekaa,"['paling', 'sering', 'ke', 'perpustakaan', 'balai', 'pemuda', 'nyaman', 'bangett', 'disana']",
DO2eBXpkxSr,2025-09-21 14:29:15 WIB,indracp_15,"['perpustakaan', 'bank', 'indonesia', 'surabaya', 'jadi', 'favoritku', 'kenapa', '?', '?', 'karena', 'lebih', 'dari', 'sekadar', 'tempat', 'menyimpan', 'buku', 'ia', 'adalah', 'saksi', 'bisu', 'sejarah', 'dan', 'pusat', 'ilmu', 'pengetahuan', 'modern', 'bangunan', 'megahnya', 'membangkitkan', 'aura', 'kemegahan', 'dan', 'ketenangan', 'menawarkan', 'pengalaman', 'membaca', 'yang', 'unik', 'di', 'sana', 'setiap', 'rak', 'buku', 'terasa', 'seperti', 'koridor', 'waktu', 'yang', 'membawa', 'kita', 'menjelajahi', 'kekayaan', 'literatur', 'tentang', 'ekonomi', 'sejarah', 'dan', 'seni', 'suasananya', 'yang', 'tenang', 'dan', 'teratur', 'seolah-olah', 'mengalirkan', 'inspirasi', 'dan', 'ide-ide', 'baru', 'seperti', 'air', 'jernih', 'yang', 'menyegarkan', 'pikiran', 'ini', 'adalah', 'tempat', 'di', 'mana', 'kita', 'bisa', 'duduk', 'membaca', 'dan', 'merenung', 'menemukan', 'koneksi', 'antara', 'masa', 'lalu', 'dan', 'masa', 'depan', 'perpustakaan', 'ini', 'bukan', 'hanya', 'tempat', 'tapi', 'sebuah', 'destinasi', 'inspiratif', 'bagi', 'setiap', 'pembaca']",
DO2eBXpkxSr,2025-09-21 14:49:10 WIB,_acated15,"['the', 'library', 'coffee', 'and', 'pastries', 'adalah', 'favorit', 'ku', 'karena', 'perpaduan', 'brilian', 'antara', 'budaya', 'membaca', 'dan', 'gaya', 'hidup', 'modern', 'tempat', 'ini', 'menantang', 'stigma', 'bahwa', 'perpustakaan', 'itu', 'membosankan', 'sebaliknya', 'ia', 'menciptakan', 'ruang', 'yang', 'nyaman', 'dan', 'hangat', 'di', 'mana', 'aroma', 'kopi', 'dan', 'buku', 'berpadu', 'harmonis', 'ini', 'adalah', 'tempat', 'ideal', 'untuk', 'mereka', 'yang', 'ingin', 'bekerja', 'belajar', 'atau', 'sekadar', 'bersantai', 'sambil', 'menikmati', 'bacaan', 'favorit', 'desain', 'interiornya', 'yang', 'estetik', 'dan', 'pilihan', 'menu', 'yang', 'lezat', 'membuat', 'setiap', 'kunjungan', 'terasa', 'seperti', 'liburan', 'singkat', 'dari', 'hiruk', 'pikuk', 'kota', 'di', 'sini', 'membaca', 'adalah', 'pengalaman', 'yang', 'menyenangkan', 'bukan', 'kewajiban', 'the', 'library', 'coffee', 'and', 'pastries', 'membuktikan', 'bahwa', 'literasi', 'bisa', 'diakses', 'dengan', 'cara', 'yang', 'stylish', 'dan', 'menyenangkan']",
DO2eBXpkxSr,2025-09-21 14:50:31 WIB,fatih__1512,"['perpustakaan', 'umum', 'koya', 'surabaya-rungkut', 'asri', 'adalah', 'contoh', 'sempurna', 'bagaimana', 'pengetahuan', 'dapat', 'diakses', 'oleh', 'semua', 'kalangan', 'keberadaannya', 'di', 'tengah', 'pemukiman', 'menunjukkan', 'komitmen', 'untuk', 'mendekatkan', 'literasi', 'kepada', 'masyarakat', 'meskipun', 'sederhana', 'perpustakaan', 'ini', 'sangat', 'esensial', 'ia', 'menjadi', 'jantung', 'komunitas', 'bagi', 'anak-anak', 'sekolah', 'mahasiswa', 'dan', 'warga', 'yang', 'haus', 'akan', 'informasi', 'perpustakaan', 'ini', 'menyediakan', 'ruang', 'yang', 'aman', 'dan', 'nyaman', 'untuk', 'belajar', 'berdiskusi', 'dan', 'bertemu', 'ini', 'adalah', 'simbol', 'inklusivitas', 'tempat', 'di', 'mana', 'setiap', 'orang', 'tanpa', 'terkecuali', 'dapat', 'menemukan', 'buku', 'yang', 'mereka', 'butuhkan', 'untuk', 'tumbuh', 'dan', 'berkembang', 'ini', 'membuktikan', 'bahwa', 'sebuah', 'perpustakaan', 'tidak', 'harus', 'megah', 'untuk', 'memberikan', 'dampak', 'yang', 'besar']",
DO2eBXpkxSr,2025-09-22 11:17:14 WIB,laolivjsmn,"['emang', 'seru', 'bgt', 'klo', 'kesana', 'palagi', 'ke', 'perpusnya', 'bukunya', 'beragam', 'tempat', 'nya', 'juga', 'nyaman', 'adem', 'jadi', 'tenang', 'klo', 'nyantai', 'sambil', 'baca', 'buku', 'disana']",
DO2eBXpkxSr,2025-09-23 11:54:03 WIB,_frscarts,"['saya', 'sering', 'berkunjung', 'ke', 'perpustakaan', 'balai', 'pemuda', 'surabaya', 'suasananya', 'sangat', 'tenang', 'dan', 'seru', 'karena', 'dipenuhi', 'rak-rak', 'buku', 'dengan', 'koleksi', 'yang', 'beragam', 'mulai', 'dari', 'novel', 'hingga', 'sejarah', 'tempatnya', 'modern', 'luas', 'dan', 'nyaman', 'untuk', 'membaca', 'atau', 'mengerjakan', 'tugas', 'bahkan', 'ada', 'fasilitas', 'komputer', 'dan', 'area', 'baca', 'yang', 'bikin', 'betah', 'berlama-lama']",
DPBFRQok7tT,2025-09-25 14:43:53 WIB,_frscarts,['serunyaaa'],
DPBFRQok7tT,2025-09-25 14:48:52 WIB,widyarigga,"['wow', 'uber', 'cool']",
DPBFRQok7tT,2025-09-25 15:27:28 WIB,nrkumalakn___,"['keren', 'sekali']",
DPBFRQok7tT,2025-09-25 17:06:02 WIB,sylliphany,"['gacor', 'kalii', 'brass']",
DPBFRQok7tT,2025-09-25 20:13:20 WIB,nibrassy,"['makasi', 'kak', 'alip']",
DPBFRQok7tT,2025-09-25 20:42:10 WIB,fachryandd,['kerenn'],
DO7wFNdk8wE,2025-09-23 18:04:06 WIB,manpikmanpik,"['daerah', 'lontar', 'kok', 'airnya', 'mengalir', 'kecil', 'sekali', 'bahkan', 'ada', 'yang', 'mati', 'tidak', 'ada', 'pemberitahuan', 'sebelumnya']",
DO7wFNdk8wE,2025-09-23 18:21:16 WIB,chizlava,"['ini', 'bungkal', 'mati', 'lagi', '?']",
DO7wFNdk8wE,2025-09-24 06:46:52 WIB,azlan_zaydan01,"['pdam', 'daerah', 'rungkut', 'kadang', 'banyue', 'kotor', 'koyok', 'kali', 'jagir']",
DO7wFNdk8wE,2025-09-24 07:41:13 WIB,dimasrizkyf_,"['mau', 'tanya', 'area', 'jln', 'sedayu', '-', 'demak', 'apa', 'lg', 'ada', 'perbaikan', '?', 'kok', 'mati']",
DO7wFNdk8wE,2025-09-24 10:21:26 WIB,vanesha_eka,"['daerah', 'kenjeran', 'kenapa', 'mati', 'total', 'ya', 'pak', 'sampai', 'saat', 'ini', 'belum', 'mengalir', 'sama', 'sekali']",
DPDWaA1E65H,2025-09-26 11:45:41 WIB,kayla_afiqa,"['sorry', 'min', 'mau', 'tanya', 'bedanya', 'tarif', '<num>', 'ke', '<num>']",
DPDWaA1E65H,2025-09-26 11:47:38 WIB,kayla_afiqa,"['tagihan', 'pdam', 'rumahku', 'tiba <num>', 'ada', 'kenaikan', 'dr', 'awal', 'januari', '<num>', '<num>', 'dan', 'sebelumnya', 'tahun', '<num>', 'tarif', '<num>', 'bedanya', 'apa', '?', 'mohon', 'pencerahannya', 'lumayan', 'min', 'tagihannya', 'hampir', '<num>', 'x', 'lipat', 'dr', 'tahun', 'lalu']",
DPAyWZQEwmO,2025-09-25 13:28:26 WIB,adityajun_88,"['trus', 'kira <num>', 'mengalirnya', 'kapan', '?']",
DPAyWZQEwmO,2025-09-25 13:31:45 WIB,adityajun_88,"['kalaw', 'boleh', 'taw', 'pemasangan', 'kembali', 'meteran', 'setelah', 'pembayaran', 'nunggu', 'berapa', 'hari', 'ya']",
DPAyWZQEwmO,2025-09-25 15:33:14 WIB,adityajun_88,"['boleh', 'saya', 'dm', 'ya', 'terima', 'kasih']",
DPAyWZQEwmO,2025-09-25 15:37:51 WIB,adityajun_88,"['saya', 'pernah', 'menghubungi', 'wa', 'tersebut', 'tapi', 'untuk', 'pengaduan', 'pilihnya', 'yang', 'mana', 'ya']",
DPAyWZQEwmO,2025-09-26 05:05:27 WIB,adityajun_88,"['<num>', 'no', 'hp', 'sudah', 'saya', 'dm', 'ya', 'makasih']",
DPAyWZQEwmO,2025-09-26 15:27:12 WIB,adityajun_88,"['terima', 'kasih', 'pdam', 'sangat', 'fast', 'respon']",
DOuhpbOE5Ck,2025-09-20 09:13:48 WIB,mukhammad_fandi,"['sememi', 'bandarejo', 'dari', 'kamis', 'sampai', 'sabtu', 'air', 'tidak', 'keluarperbaikan', 'sampai', 'kapan', '?', '?', '<num>', 'hari', 'ini', 'sudah']",
DOvR5R6E5h7,2025-09-20 05:05:50 WIB,moch_anas28,"['iyo', 'bener', 'min']",
DOvR5R6E5h7,2025-09-20 05:36:04 WIB,meighanomnom,"['sampeg', 'sekarang', 'gak', 'nyala', 'min', 'gustiallah']",
DOvR5R6E5h7,2025-09-20 06:14:51 WIB,mega55639,"['update', 'sememi', 'jaya', 'utara', 'kog', 'mati', 'airnya', '?', 'ada', 'apa', 'lagi', 'ini']",
DOvR5R6E5h7,2025-09-20 06:23:02 WIB,e.ighteen_,"['ayooo', 'pakkkkkk', 'susah', 'iku', 'ga', 'morop']",
DOvR5R6E5h7,2025-09-20 06:44:34 WIB,indie_riawan,"['belum', 'keluar', 'min', 'sampe', 'skrg']",
DOvR5R6E5h7,2025-09-20 06:44:52 WIB,indie_riawan,"['blm', 'keluar', 'sampe', 'skrg', 'min']",
DOvR5R6E5h7,2025-09-20 07:21:18 WIB,lee_chamoomilee,"['tolong', 'min', 'saya', 'di', 'pbi', 'kenapa', 'tidak', 'nyala', 'lagi', 'ya', 'airnya', '?', 'waduh', 'kalo', 'ada', 'keperluan', 'keluar', 'masa', 'ya', 'ndak', 'mandi', 'min', 'tolong', 'responnya', 'karna', 'kalo', 'bayar', 'tagihan', 'air', 'saja', 'tidak', 'bisa', 'telat', 'telat', 'ganti', 'hari', 'saja', 'sdh', 'denda', '<num>', 'rb', 'masa', 'tanggapan', 'keluhan', 'nya', 'dan', 'perbaikan', 'nya', 'lama', 'min', '?']",
DOvR5R6E5h7,2025-09-20 08:16:23 WIB,moch_anas28,"['update', 'terkini', '<num>', 'wib', 'sampai', 'saat', 'ini', 'sememi', 'belum', 'ngalir', 'min']",
DOvR5R6E5h7,2025-09-20 09:10:22 WIB,shintaochin32,"['mati', 'lagi', 'air', 'nya', 'haduuhh']",
DOvR5R6E5h7,2025-09-20 09:10:31 WIB,shintaochin32,"['mati', 'lg', 'airnya', 'haduuhh']",
DOvR5R6E5h7,2025-09-20 09:47:05 WIB,ellythonggg,"['min', 'mati', 'lagi', 'ta', 'ini', '?']",
DOvR5R6E5h7,2025-09-20 10:13:33 WIB,cynthia_larasati15,"['iya', 'min', 'makasih', 'tapi', 'air', 'yg', 'keluar', 'masih', 'sedikit', 'tidak', 'deras', 'seperti', 'yg', 'dulu', ""''"", 'tolong', 'di', 'cek', 'kembali']",
DOvR5R6E5h7,2025-09-20 12:01:34 WIB,wichchaaa,"['minimal', '<num> x']",
DOvR5R6E5h7,2025-09-20 13:40:47 WIB,alfinanggraeni,"['bandarejo', 'sememi', 'belum', 'nyala', 'airnya', 'pak', 'minta', 'tangki', 'cuma', 'disuruh', 'nunggu', 'sampai', 'kapan', 'ini', 'sudah', 'tidak', 'ada', 'stok', 'air', 'lho']",
DOvR5R6E5h7,2025-09-20 14:09:19 WIB,andisetiawan6520,"['terimakasih', 'dgn', 'kerja', 'gerak', 'cepat', 'nya', 'sudah', 'kayak', 'di', 'luar', 'negri', 'gerak', 'cepat']",
DOvR5R6E5h7,2025-09-20 14:12:20 WIB,rendi10_10,"['belum', 'nyala', 'belum', 'keluar', 'air', 'nya', 'hari', 'ini', 'tadi', 'malam', 'keluar', 'hari', 'ini', 'gak', 'keluar']",
DOvR5R6E5h7,2025-09-20 14:21:24 WIB,ayuandikap,"['kandangan', 'kok', 'blm', 'nyala', 'ya']",
DOvR5R6E5h7,2025-09-20 15:47:17 WIB,titosimon,"['sampai', 'sekarang', 'pondok', 'benowo', 'indah', 'blm', 'nyala']",
DOvR5R6E5h7,2025-09-20 16:01:34 WIB,yoo_hanezt,"['klakah', 'rejo', 'sampek', 'saiki', 'kok', 'sek', 'mati', 'min', 'kapan', 'uripe']",
DOvR5R6E5h7,2025-09-20 17:36:54 WIB,be.taeandkoo,"['udah', '<num>', 'hari', 'disini', 'belum', 'nyala', 'airnya']",
DOvR5R6E5h7,2025-09-20 18:07:47 WIB,elyvirgijanti,"['imair', 'sampai', 'sabtu', 'petang', 'ini', 'belum', 'keluar', 'mohon', 'dipercepat', 'sudah', 'hari', 'stok', 'air', 'sdh', 'menipis']",
DOvR5R6E5h7,2025-09-20 18:46:31 WIB,nukemartha,"['belum', 'keluar', 'airnya', 'untuk', 'area', 'pbi']",
DOvR5R6E5h7,2025-09-20 19:59:54 WIB,mf_domin,"['kenapa', 'daerah', 'bandarejo', 'sememi', 'belum', 'mengalir', 'saya', 'di', 'daerah', 'gang', 'asri', 'viii']",
DOvR5R6E5h7,2025-09-20 21:52:35 WIB,dheaaapriyanti_,"['tangki', 'muluuu', 'yang', 'dibahas', 'respon', 'lamaa', 'asaat', 'iki', 'loh', 'banyuuuu']",
DOvR5R6E5h7,2025-09-21 10:15:35 WIB,elyvirgijanti,"['sudah', 'alhamdulillah', 'jam', '<num>', 'dah', 'keluar', 'meskipun', 'kecil', 'dan', 'pagi', 'dininhari', 'sdh', 'lancar', 'terima', 'kasih']",
DOvR5R6E5h7,2025-09-21 11:49:08 WIB,angga_79.nq,"['belum', 'mimin', 'suwine', 'rek']",
DOvR5R6E5h7,2025-09-21 11:58:24 WIB,titosimon,"['sudah', 'min', 'dari', 'tengah', 'malam', 'tp', 'debitnya', 'masih', 'kecil', 'tp', 'lumayan', 'lah', 'terima', 'kasih', 'ya']",
DOvR5R6E5h7,2025-09-21 12:14:17 WIB,wichchaaa,"['siang', 'ka', 'alhamdulillah', 'sudah', 'nyala', 'normal', 'sy', 'uda', 'bisa', 'mandi', 'g', 'bau', 'kabing', 'lg']",
DOvR5R6E5h7,2025-09-21 17:25:09 WIB,onny_ch,"['min', 'tolong', 'info', 'estimasi', 'kapan', 'raya', 'sememi', 'nyala', 'air', 'nya', '?', 'ini', 'sudah', 'hari', 'minggu', 'sore', 'min', 'air', 'keluar', 'tapi', 'seperti', 'tetesan', 'air', 'saja', 'dari', 'kemarin', 'mamdi', 'udah', 'ngirit <num>', 'air', 'min', 'boro <num>', 'mau', 'cuci', 'baju']",
DOvR5R6E5h7,2025-09-23 07:02:33 WIB,bluegummm_,"['pagi', 'min', 'ini', 'di', 'daerah', 'bandarejo', 'airnya', 'tidak', 'lancar', 'setelah', 'perbaikan', 'biasanya', 'sebelum', 'perbaikan', 'airnya', '<num> jam', 'lancar', 'tetapi', 'setelah', 'perbaikan', 'ada', 'waktu', 'airnya', 'tidak', 'menyalah', 'seperti', 'pagi', 'hari', 'jam', '<num> <num> an', 'airnya', 'tidak', 'menyalah', 'mohon', 'tanggapannya', 'min', 'trims']",
DOvR5R6E5h7,2025-09-23 07:04:19 WIB,bluegummm_,"['pagi', 'min', 'ini', 'di', 'daerah', 'bandarejo', 'airnya', 'tidak', 'lancar', 'setelah', 'perbaikan', 'biasanya', 'sebelum', 'perbaikan', 'airnya', '<num> jam', 'lancar', 'tetapi', 'setelah', 'perbaikan', 'ada', 'waktu', 'airnya', 'tidak', 'menyalah', 'seperti', 'pagi', 'hari', 'jam', '<num> <num> an', 'airnya', 'tidak', 'menyalah', 'mohon', 'tanggapannya', 'minnnnn']",
DOvR5R6E5h7,2025-09-23 07:09:10 WIB,bluegummm_,"['bandarejo', 'blm', 'min', 'tolong', 'tanggapannya']",
DOvR5R6E5h7,2025-09-29 05:38:15 WIB,rini_arek_lmjg,"['jln', 'raya', 'bungkal', 'sambikerep', 'nyalanya', 'jm', 'brapa', 'ya', 'blm', 'masak', 'nasi', 'jg', 'blm', 'korah', ""''"", 'tadinya', 'nyalah', 'kok', 'tiba', ""''"", 'mati']",
DOvR5R6E5h7,2025-09-19 22:34:40 WIB,indriyantiikaagustin,"['alhamdulillah', 'min']",
DOvR5R6E5h7,2025-09-19 22:36:15 WIB,anisptr.k19,"['terimakasih', 'miinn']",
DOvR5R6E5h7,2025-09-19 22:36:40 WIB,mega55639,['alhamdulillah'],
DOvR5R6E5h7,2025-09-19 22:39:16 WIB,poncoae,"['terima', 'kasih']",
DOvR5R6E5h7,2025-09-19 22:42:40 WIB,angga.per,"['suwun', 'min', 'ws', 'murup', 'masio', 'jek', 'cilik', 'lek', 'perkoro', 'gk', 'adus', 'gk', 'bingung', 'min', 'soale', 'bakulan', 'lek', 'banyu', 'mati', 'suwe', 'bingung', 'min', 'toh', 'hasil', 'bakulan', 'ku', 'y', 'salah', 'siji', 'e', 'nggo', 'bayar', 'pdam', 'suwun', 'sing', 'akeh', 'min']",
DOvR5R6E5h7,2025-09-19 22:48:18 WIB,ellythonggg,"['anjay', 'makasi', 'min']",
DOvR5R6E5h7,2025-09-19 22:50:35 WIB,nurulazh______,"['air', 'di', 'bandarejo', 'blm', 'nyampe', 'min', '?', '?']",
DOvR5R6E5h7,2025-09-19 22:51:23 WIB,yunichristianti18,"['alhamdulillah', 'terharu']",
DOvR5R6E5h7,2025-09-19 22:52:38 WIB,dsftr20,"['terima', 'kasih', 'min']",
DOvR5R6E5h7,2025-09-19 23:00:42 WIB,alocasiaazlani,['alhamdulillah'],
DOvR5R6E5h7,2025-09-19 23:14:35 WIB,fit2goletsgo,"['terimakasih', 'semua', 'petugas', 'sehat', 'selalu']",
DOvR5R6E5h7,2025-09-19 23:45:10 WIB,moveusername,"['alhamdulillah', 'terimakasih', 'minn']",
DOvR5R6E5h7,2025-09-20 03:35:56 WIB,deela_ibtikar,"['wil', 'sememi', 'belum', 'nyala', 'min']",
DOvR5R6E5h7,2025-09-19 22:25:22 WIB,puthree_setiawan,['alhamdulillah'],
DOvR5R6E5h7,2025-09-19 22:26:21 WIB,udinudin_27,['alhamdulillah'],
DOvR5R6E5h7,2025-09-19 22:31:26 WIB,erryseptiawan,"['good', 'job', 'tingkyu']",
DOvR5R6E5h7,2025-09-19 18:49:06 WIB,cokkrrooooo,"['sampek', 'kapan', 'iki', 'boss', '?', '?', '?']",
DOvR5R6E5h7,2025-09-19 18:53:51 WIB,murdaningrumnining,"['gk', 'di', 'bayar', 'tp', 'dendo', 'tetep', 'berjalan', 'podo', 'ae', 'bess', 'malah', 'ngelu', 'sirah', 'tagihan', 'banyu', 'ambk', 'listrik', 'kok', 'yo', 'larangan', 'banyu', 'padahl', 'gk', 'dodol', 'banyu']",
DOvR5R6E5h7,2025-09-19 18:54:17 WIB,i.nafsi,"['sampai', 'kapan', 'kira-kira', 'selesainya', 'min', '?']",
DOvR5R6E5h7,2025-09-19 18:56:41 WIB,mashuridesy,"['min', 'dikandangan', 'ada', 'rumah', 'pompa', 'pdam', 'kenapa', 'ikut', 'terdampak', 'juga', 'ya', '?', '?', '?', '?']",
DOvR5R6E5h7,2025-09-19 19:08:47 WIB,masrupilami,"['ada', 'berapa', 'sambungan', 'yg', 'rusak', '?', 'setting', 'pipa', '<num>', 'mm', 'maksimal', 'estimasi', 'waktu', '<num>', 'jam', 'ini', 'sudah', 'melebihi', 'batas', 'waktu', 'wajar']",
DOvR5R6E5h7,2025-09-19 19:15:11 WIB,dannykrisd,"['masi', 'lama', 'kah', 'perbaikannya', '?', '?']",
DOvR5R6E5h7,2025-09-19 19:20:50 WIB,be.taeandkoo,"['udah', 'tanggal', '<num>', 'nihh', 'belum', 'nyala', 'juga', 'air', 'nya']",
DOvR5R6E5h7,2025-09-19 19:24:00 WIB,lee_chamoomilee,"['tolong', 'min', 'segera', 'memang', 'perbaikan', 'itu', 'tidak', 'mudahtapi', 'kami', 'jg', 'butuh', 'air', 'telat', 'bayar', 'sehari', 'saja', 'gercep', 'didenda', '<num>', 'rb', 'tagihan', 'air', 'saya', '<num>', 'bulan', 'total', '<num>', 'jt', '<num>', 'rb', 'tapi', 'air', 'begini', 'tindakan', 'kurang', 'bagus', 'masa', 'tagihan', 'air', 'lebih', 'mahal', 'dari', 'listrik', 'sedangkan', 'dirumah', 'gk', 'pake', 'sanyo', 'gk', 'ada', 'tandon', 'gak', 'jualan', 'juga', 'pemakaian', 'rumah', 'tangga', 'habisnya', 'tiap', 'bulan', '<num>', 'rb', 'keatas', 'min']",
DOvR5R6E5h7,2025-09-19 19:27:44 WIB,riska_dewi_03,"['apakah', 'smpai', 'besok']",
DOvR5R6E5h7,2025-09-19 19:30:39 WIB,_dewiaria,"['waduuhh', 'sampai', 'skrng', 'apa', 'blm', 'selesai', 'yaaa', '?']",
DOvR5R6E5h7,2025-09-19 19:34:47 WIB,winnywita,"['omahku', 'nang', 'kandangan', 'saiki', 'banyu', 'e', 'mati', 'miiiinnn']",
DOvR5R6E5h7,2025-09-19 19:48:11 WIB,faridha_,"['semoga', 'cepat', 'nyalakamar', 'mandiku', 'kering', 'kyk', 'musim', 'kemarau']",
DOvR5R6E5h7,2025-09-19 19:58:07 WIB,sarah_nuraisah98,"['nah', 'iya', 'sama', 'kak', 'saya', 'dari', 'bulan', 'juli', 'mulai', 'bayar', 'air', 'buanyak', 'waktu', 'ku', 'liat', 'ternyata', 'golongan', 'tarifnya', 'yg', 'naik', 'dari', 'yg', '<num>', 'jadi', 'naik', 'golongan', 'tarif', '<num>', 'jadinya', 'sekarang', 'kalau', 'bayar', 'air', 'mesti', 'buanyak', 'abisnya']",
DOvR5R6E5h7,2025-09-19 20:02:22 WIB,gilangepm,"['sama', 'mba']",
DOvR5R6E5h7,2025-09-19 20:04:09 WIB,kk_chikoo,"['ayo', 'min', 'semoga', 'cepat', 'selesai', 'perbaikan', 'pipanya']",
DOvR5R6E5h7,2025-09-19 20:05:32 WIB,fickyangga26,"['masih', 'mati', 'ga', 'si', 'skrng', 'daerah', 'sememi', '?']",
DOvR5R6E5h7,2025-09-19 20:15:11 WIB,dwsucipuspita__,['suineee'],
DOvR5R6E5h7,2025-09-19 20:15:15 WIB,winnywita,"['okee', 'miminmakasiihh']",
DOvR5R6E5h7,2025-09-19 20:26:04 WIB,hi_iniiaku,"['lakyo', 'mene', 'alamat', 'gak', 'adus', 'maneh', 'minn', 'min']",
DOvR5R6E5h7,2025-09-19 20:32:44 WIB,poncoae,"['sumberejo', 'gak', 'keluar <num>', 'airnya']",
DOvR5R6E5h7,2025-09-19 20:50:18 WIB,aanpascip,"['min', 'estimasi', 'air', 'menyala', 'berapa', 'lama']",
DOvR5R6E5h7,2025-09-19 20:56:11 WIB,f4j4r_k88,"['sampai', 'sekarang', 'air', 'di', 'sememi', 'tidak', 'mengalirsaya', 'rugi', 'n', 'mengganggu', 'aktifitas', 'pekerjaankapan', 'selesai']",
DOvR5R6E5h7,2025-09-19 21:07:00 WIB,lee_chamoomilee,"['tolong', 'update', 'utk', 'pengerjaan', 'nya', 'min', 'apa', 'sudah', 'selesai', '?', 'saya', 'nunggu', 'air', 'seharian', 'sampe', 'ketiduran', 'saya', 'kira', 'bakal', 'nyala', 'jam', '<num>', 'an', 'eh', 'kebangun', 'ya', 'belum', 'keluar', 'jg', 'airnya', 'sampe', 'kipas', 'angin', 'harus', 'menghadap', 'saya', 'terus', 'min', 'soalnya', 'sumuk', 'seharian', 'gk', 'mandi', 'alamat', 'masuk', 'angin', 'ini', 'tolong', 'min', 'ya', 'updatenya', 'biar', 'ada', 'kejelasan']",
DOvR5R6E5h7,2025-09-19 21:26:59 WIB,angga.per,"['smpe', 'jam', 'piro', 'iki', 'min', 'mati', 'banyu', 'e', '?', 'yaallah', 'ojok', 'kebacut', 'po', ""'"", 'o', 'pelanggan', 'telat', 'bayar', 'disegel', 'meteran', 'tp', 'banyu', 'gk', 'mili <num> ayo', 'lahemosi', 'pak', 'lek', 'pdam', 'matipesenan', 'konsumen <num>', 'ku', 'kepending', 'kabeh']",
DOvR5R6E5h7,2025-09-19 21:33:59 WIB,_dewiaria,"['update', 'dongg', 'perbaikan', 'nya', 'apakah', 'sdh', 'selesai']",
DOvR5R6E5h7,2025-09-19 21:36:30 WIB,angga.per,"['iy', 'min', 'jaluk', 'tolong', 'pesenan', 'tak', 'pending', 'kabeh', 'soale', 'wedie', 'lek', 'pesenan', 'e', 'di', 'cancel', 'gk', 'enak', 'kro', 'pelanggan', 'ku', 'min', 'temenan', 'jaluk', 'tolong', 'aq', 'min']",
DOvR5R6E5h7,2025-09-19 21:43:03 WIB,lee_chamoomilee,"['golongan', 'tarif', 'air', 'naik', 'itu', 'berubah', 'berdasarkan', 'pdam', 'bu', '?', 'yg', 'menaikkan', 'atau', 'gimana', 'ya']",
DOvR5R6E5h7,2025-09-19 21:44:11 WIB,indie_riawan,"['payah', 'min', 'pelayanan', 'untuk', 'perbaikan', 'dari', 'pdam', 'sudah', 'berhari <num>', 'itu', 'setau', 'saya']",
DOvR5R6E5h7,2025-09-19 21:44:37 WIB,indie_riawan,"['malah', 'air', 'sudah', 'mati', 'mulai', 'subuh', 'sampe', 'detik', 'ini', 'min']",
DOvR5R6E5h7,2025-09-19 21:47:48 WIB,lee_chamoomilee,"['info', 'ter', 'update', 'nya', 'tolong', 'apa', 'masih', 'di', 'kerjakan', '?', 'atau', 'memang', 'masih', 'besok', 'nyalanya', '?']",
DOvR5R6E5h7,2025-09-19 21:48:25 WIB,lee_chamoomilee,"['tolong', 'min', 'di', 'beri', 'info', 'lanjutan', 'biar', 'ada', 'kepastian', 'kalo', 'gini', 'kan', 'nunggu', 'sesuatu', 'yg', 'gk', 'pasti']",
DOvR5R6E5h7,2025-09-19 21:50:40 WIB,f4j4r_k88,"['sampai', 'kapan', 'ini', 'airnya', 'matitolong', 'secepatnya', 'sata', 'kerja', 'udh', 'gk', 'mandiplg', 'kerjapun', 'gk', 'mandi', 'karena', 'gk', 'ada', 'air']",
DOvR5R6E5h7,2025-09-19 21:53:42 WIB,elly.lovely,"['belom', 'selesai', 'kaah', 'pak', 'semangaat', 'sudah', 'geraah']",
DOvR5R6E5h7,2025-09-19 15:31:04 WIB,lee_chamoomilee,"['saya', 'tinggal', 'di', 'pbi', 'dari', 'bln', 'juni', 'hingga', 'bulan', 'september', 'ini', 'tagihan', 'air', 'gila <num> an', 'saya', 'gk', 'jualan', 'pemakaian', 'air', 'normal', 'cuci', 'baju', 'jg', '<num>', 'kali', 'seminggu', 'gk', 'banyak', 'cuci', 'piring', 'mandi', 'jg', 'kalo', 'gk', 'malas', 'tapi', 'tagihan', 'air', 'saya', 'dalam', '<num>', 'bulan', 'ini', 'totalnya', 'rp', '<num>', 'apalagi', 'dgn', 'kondisi', 'air', 'sering', 'mati', 'begini', 'kapan', 'hari', 'jg', 'pernah', 'mati', 'sampai', 'berhari <num>', 'sekarang', 'mati', 'lagi', 'mau', 'berhari <num>', 'juga', 'apa', 'ya', '?', '<num>', 'bulan', 'tagihan', 'air', 'saja', '<num>', 'juta', 'lebih', 'tapi', 'air', 'gini', 'amat', 'dan', 'disini', 'jg', 'gk', 'pake', 'tandon', 'min', 'saya', 'sudah', 'komplain', 'dan', 'ada', 'petugas', 'yg', 'cek', 'jawaban', 'selalu', 'template', 'tidak', 'ada', 'kebocoran', 'dan', 'sesuai', 'pemakaian', 'tapi', 'ini', 'gk', 'wajar', 'ya', 'masa', 'air', 'habis', '<num>', 'rb', 'keatas', 'terus', 'waduh', 'pusing', 'saya', 'min', 'tolong', 'di', 'respon', 'dan', 'dibantu']",
DOvR5R6E5h7,2025-09-19 15:31:26 WIB,lee_chamoomilee,"['min', 'tolong', 'dibaca']",
DOvR5R6E5h7,2025-09-19 15:34:53 WIB,indriyantiikaagustin,"['min', 'sek', 'durung', 'mari', 'ta', 'rembes', 'iki', 'min']",
DOvR5R6E5h7,2025-09-19 15:37:48 WIB,mega55639,"['estimasi', 'smpai', 'jam', 'brp', 'ya', 'slsai', 'nya', 'mind', '?']",
DOvR5R6E5h7,2025-09-19 15:42:35 WIB,nurulazh______,"['min', 'belum', 'selesai', 'ta', '?']",
DOvR5R6E5h7,2025-09-19 15:45:34 WIB,cynthia_larasati15,"['kapan', 'selesainya', 'perbaikan', 'ini', 'ya', 'butuh', 'air', 'segera']",
DOvR5R6E5h7,2025-09-19 15:48:12 WIB,orenjiiiiiii__,"['min', 'kapan', 'nyala', 'nyaaaa']",
DOvR5R6E5h7,2025-09-19 15:48:14 WIB,nrhasanah39,"['sampai', 'jam', 'brp', 'air', 'ini', 'nyala']",
DOvR5R6E5h7,2025-09-19 15:52:29 WIB,d1_m_s.dms,"['minnn', 'aku', 'ga', 'isok', 'adosss', 'minnnn', 'mambu', 'kecut', 'kii', 'minnn']",
DOvR5R6E5h7,2025-09-19 15:59:02 WIB,hi_iniiaku,"['ayoooo', 'dongggg', 'masak', 'iya', 'sehari', 'an', 'gak', 'mandi', 'gak', 'ngapa <num> in']",
DOvR5R6E5h7,2025-09-19 16:01:15 WIB,septiandwi292,"['dari', 'tadi', 'pagi', 'air', 'mati', 'sampai', 'kapan', 'sya', 'dari', 'tadi', 'pagi', 'gak', 'mandi', 'sampe', 'besok', 'gak', 'keluar', 'air', 'lagi', 'gak', 'mandi', 'lagi', 'kapan', 'selesai', 'nya']",
DOvR5R6E5h7,2025-09-19 16:07:22 WIB,ninpuss,"['air', 'di', 'sememi', 'jaya', 'masih', 'mati']",
DOvR5R6E5h7,2025-09-19 16:08:52 WIB,ninpuss,"['air', 'di', 'sememi', 'jaya', 'masih', 'mati', 'saya', 'sudah', 'coba', 'whatsapp', 'untuk', 'minta', 'bantuan', 'air', 'tp', 'masih', 'belum', 'ada', 'balasan']",
DOvR5R6E5h7,2025-09-19 16:10:24 WIB,rendi10_10,"['kapan', 'selesai', 'nya', '?', 'saya', 'dari', 'tadi', 'pagi', 'gak', 'mandi', 'sampai', 'besok', 'air', 'gak', 'keluar', 'lagi', 'ya', 'gak', 'bisa', 'mandi', 'lagi', 'cepat', 'di', 'selesaikan', 'butuh', 'air', 'dirumah', 'gak', 'ada', 'tandon', 'air']",
DOvR5R6E5h7,2025-09-19 16:10:52 WIB,ellythonggg,"['lamae', 'jir', 'smpe', 'saiki', 'ga', 'nyala', 'nyala', 'smpe', 'ga', 'ngampus', 'gaisa', 'mandi']",
DOvR5R6E5h7,2025-09-19 16:23:10 WIB,gilangepm,"['kapan', 'nyala', 'min', 'aku', 'mau', 'ngeseng', 'nak', 'omah', 'e', 'koncoku', 'sumpah', 'bingung', 'iki', 'lek', 'mules', 'maneh', 'adoh', 'pisan', 'omae', 'koncoku']",
DOvR5R6E5h7,2025-09-19 16:29:14 WIB,hendripramudiyanto,"['sampai', 'tgl', '<num>', 'jam', '<num>', 'di', 'daerah', 'griya', 'citra', 'asri', 'kel', 'sememi', 'belum', 'menetes', 'airnya']",
DOvR5R6E5h7,2025-09-19 16:30:41 WIB,muhammadazkafo,"['min', 'info', 'air', 'nyala', 'jam', 'berapa', 'min', '?', 'anakku', 'rewel', 'gak', 'bisa', 'mandi', 'q', 'tantrum', 'wes', 'terlanjur', 'ngerendam', 'cucian', 'seragam', 'e', 'anak']",
DOvR5R6E5h7,2025-09-19 16:38:27 WIB,mariasarydarsono,"['airnya', '<num>', 'kk', 'aja', 'apa', 'bsa', '?', '?', '?']",
DOvR5R6E5h7,2025-09-19 16:40:51 WIB,isnawatichoiruliyah,"['min', 'ini', 'daerah', 'pakal', 'air', 'nya', 'nyala', 'jam', 'brp', '?', 'udah', 'dari', 'subuh', 'tadi', 'air', 'mati', 'waduhhh', 'stok', 'air', 'udah', 'hampir', 'habis']",
DOvR5R6E5h7,2025-09-19 16:53:56 WIB,wichchaaa,"['min', 'kapan', 'selesai', 'sy', 'di', 'sememi', 'jaya', 'selatan', 'dri', 'pagi', 'belom', 'mandi', 'min', 'udah', 'bau', 'kambing', 'ini', 'minsemoga', 'cpt', 'nyala']",
DOvR5R6E5h7,2025-09-19 17:01:59 WIB,galihrizky_12,"['aku', 'pulang', 'tdi', 'mandi', 'di', 'kantor', 'kak', 'tkut', 'di', 'rumah', 'air', 'nya', 'belum', 'nyala', 'lah', 'kok', 'beneran', 'belum', 'ngalir']",
DOvR5R6E5h7,2025-09-19 17:07:30 WIB,anita.5253,"['ini', 'kapan', 'nyalanya', 'pak']",
DOvR5R6E5h7,2025-09-19 17:08:17 WIB,anita.5253,"['butuh', 'kepastian', 'kapan', 'nyalanya', 'pakkrn', 'yg', 'antri', 'tandon', 'gratis', 'banyak', 'warga']",
DOvR5R6E5h7,2025-09-19 17:22:12 WIB,alocasiaazlani,"['ditunggu', 'segera', 'secepatnya', 'sudah', 'dari', 'tadi', 'pagi', 'sampai', 'sekarang', 'masih', 'belum', 'nyala']",
DOvR5R6E5h7,2025-09-19 17:25:48 WIB,chandrapermana,"['biasane', 'yo', 'gak', 'adus']",
DOvR5R6E5h7,2025-09-19 17:41:21 WIB,alocasiaazlani,"['ini', 'nyala', 'nya', 'kira-kira', 'jam', 'berapa', 'ya', '?', 'apa', 'masih', 'lama', 'tolong', 'dijawab', 'terimakasih']",
DOvR5R6E5h7,2025-09-19 17:47:38 WIB,nciiitt_,"['kirain', 'cuma', 'saya', 'aja', 'ternyata', 'ada', 'yg', 'sama', 'juga', 'tagihan', 'air', 'saya', 'dari', 'bulan', 'juli', '-', 'september', 'ini', 'melonjak', 'juga', 'bumbak', 'biasanya', 'cuma', '<num> rb', 'tapi', '<num>', 'bulan', 'terakhir', 'ini', 'bisa', 'sampe', 'diatas', '<num>', 'ribu', 'padahal', 'pemakaian', 'normal', 'seperti', 'sebelum <num>', 'nya', 'dan', 'nggak', 'jualan', 'juga']",
DOvR5R6E5h7,2025-09-19 17:52:33 WIB,lee_chamoomilee,"['iya', 'mbakbu', 'di', 'pbi', 'juga', 'kah', '?', 'saya', '<num>', 'bulan', 'ini', '<num>', 'malah', 'tagihan', 'nya', 'melebihi', 'tagihan', 'listrik', 'apalagi', 'bukan', 'yg', 'rajin', 'masak', 'yg', 'cucian', 'piringnya', 'banyak', 'mau', 'ke', 'kantor', 'pdam', 'nya', 'jg', 'lumayan', 'jauh', 'ya', 'dari', 'sini', 'komplain', 'lewat', 'wa', 'petugas', 'sdh', 'cek', 'jawaban', 'jg', 'tidak', 'memuaskan', 'kalo', 'memang', 'sesuai', 'pemakaian', 'gk', 'ada', 'kebocoran', 'masa', 'iya', 'air', 'aja', 'habis', '<num>', 'rb', 'lebih', 'tiap', 'bulannya']",
DOvR5R6E5h7,2025-09-19 17:58:53 WIB,arilapransya,"['aooooo', 'semangatt', 'pak', 'dhee']",
DOvR5R6E5h7,2025-09-19 18:07:33 WIB,moveusername,"['min', 'nyala', 'jam', 'brp', 'daerah', 'brimob', 'ket', 'isuk', 'durung', 'adus', 'gaiso', 'lapolapo', 'min']",
DOvR5R6E5h7,2025-09-19 18:11:09 WIB,abiddinsy,"['ayo', 'min', 'dang', 'barno', 'gorong', 'ados', 'iki']",
DOvR5R6E5h7,2025-09-19 18:12:52 WIB,deekristiyanti.blog,"['kira <num>', 'kapan', 'selesainya', '?', 'minta', 'tolong', 'bisa', 'segera', 'diselesaikan', 'terimakasih']",
DOvR5R6E5h7,2025-09-19 18:17:18 WIB,rizka.indriani29,"['di', 'sememi', 'dr', 'subuh', 'uda', 'mati', 'sampe', 'skrg', 'belum', 'juga', 'nyala']",
DOvR5R6E5h7,2025-09-19 18:19:20 WIB,nciiitt_,"['saya', 'di', 'sememi', 'jaya', 'utara', 'pemakaian', 'air', 'juga', 'normal', 'bumbak', 'sempet', 'dibongkar', 'juga', 'pipa', 'rumah', 'takutnya', 'ada', 'yg', 'bocor', 'ternyata', 'aman', 'semua', 'mbakibu', 'nya', 'pake', 'sanyo', 'kah', '?']",
DOvR5R6E5h7,2025-09-19 18:25:36 WIB,ardhyar685,"['sampai', 'sekarang', 'belum', 'nyala']",
DOvR5R6E5h7,2025-09-19 18:26:18 WIB,gilangepm,"['min', 'pls', 'lah', 'banyune', 'iki', 'mules', 'wetengku', 'dorong', 'ados', 'pisan']",
DOvR5R6E5h7,2025-09-19 18:27:13 WIB,murdaningrumnining,"['apa', 'pbi', 'air', 'mati', 'selma', '<num>', 'hari', '?']",
DOvR5R6E5h7,2025-09-19 18:27:59 WIB,puspitaannisaa,"['sdh', 'selesai', 'belum', 'min']",
DOvR5R6E5h7,2025-09-19 18:32:36 WIB,udinudin_27,"['kapan', 'air', 'pdam', 'nya', 'nyala', '?', 'masak', 'mau', 'smpek', 'besok', '?', '?', '?', 'smpek', 'malam', 'begini', 'masih', 'mati']",
DOvR5R6E5h7,2025-09-19 18:34:37 WIB,shintaochin32,"['gimana', 'ini', 'pbi', 'kok', 'ga', 'nyala <num>', 'airnya', 'yg', 'punya', 'bayi', 'ini', 'ga', 'kasian', 'tah', 'butuh', 'air', 'bgt', 'loh', 'ga', 'tak', 'bayar', 'loh', 'banyune', 'sesok']",
DOvR5R6E5h7,2025-09-19 18:36:14 WIB,niakurniawt__,"['banjarsugihan', 'juga', 'ta', 'kak', '?']",
DOvR5R6E5h7,2025-09-19 18:37:31 WIB,achmad_imbronn,"['masi', 'lama', 'kah', 'min', 'estimasi', 'hari', 'ini', 'jam', 'brp', 'min', 'selesai', 'ya']",
DOvR5R6E5h7,2025-09-19 18:39:11 WIB,feroriama8,"['kapan', 'nyala', 'ni', 'min', 'daerah', 'kandangan', '?']",
DOvR5R6E5h7,2025-09-19 18:40:55 WIB,amelsa369,"['selamat', 'malam', 'bapak', 'abiddinsy', 'mogon', 'maaf', 'ataa', 'ketidaknyamanannya', 'saat', 'ini', 'petugas', 'sedang', 'melakukan', 'perbaikan']",
DOvR5R6E5h7,2025-09-19 18:41:19 WIB,shintaochin32,"['sm', 'pak', 'ank <num> ku', 'jg', 'pd', 'tantrum', 'klo', 'berak', 'cawik', 'nya', 'pke', 'apa', 'ya', 'allah']",
DOvR5R6E5h7,2025-09-19 18:42:06 WIB,erryseptiawan,"['min', 'jawaban', 'mu', 'ojok', 'template', 'air', 'tangki', 'pasokan', 'air', 'tangki', 'iku', 'duduk', 'solusi', 'onok', 'warga', 'senga', 'ra', 'nganggo', 'pompa', 'air', 'cuma', 'ngandalno', 'debit', 'e', 'tekan', 'pdam', 'ojok', 'nek', 'telat', 'bayar', 'wae', 'didendo', 'ambek', 'di', 'pedot', 'salurane', 'tapi', 'kerjone', 'nggak', 'sat', 'set']",
DOvR5R6E5h7,2025-09-19 18:42:27 WIB,shintaochin32,"['ga', 'usah', 'dibayar', 'bes', 'banyu', 'e', 'sesok']",
DOvR5R6E5h7,2025-09-19 18:43:10 WIB,lee_chamoomilee,"['ndak', 'pakai', 'sanyo', 'sama', 'sekali', 'bu', 'mbak', 'tandon', 'jg', 'gk', 'ada']",
DOvR5R6E5h7,2025-09-19 09:10:06 WIB,nurulazh______,"['eh', 'bandarejo', 'ya', 'mati', 'ya', 'kak', 'makanya', 'aku', 'nyalain', 'air', 'ga', 'keluar', 'huhu']",
DOvR5R6E5h7,2025-09-19 09:31:28 WIB,indriyantiikaagustin,"['kira <num>', 'sampai', 'jam', 'brp', 'min']",
DOvR5R6E5h7,2025-09-19 09:34:59 WIB,kiagus_bambang,"['ini', 'perbaikannya', 'kmrn', 'kenapa', 'air', 'mati', 'nya', 'hari', 'ini', '?']",
DOvR5R6E5h7,2025-09-19 09:42:43 WIB,deaputri3374,"['di', 'tunggu', 'secepatnya', 'gak', 'punya', 'tandon', 'air', 'jadi', 'gak', 'ada', 'air', 'sama', 'sekali', 'di', 'rumah']",
DOvR5R6E5h7,2025-09-19 10:03:59 WIB,andisetiawan6520,"['lamaaaa', 'antriannya', 'utk', 'dapat', 'air', 'tangki', 'nya', 'yg', 'terdaftar', 'lebih', '<num>', 'rumah']",
DOvR5R6E5h7,2025-09-19 10:13:35 WIB,puspitaannisaa,"['semoga', 'cepet', 'selesai']",
DOvR5R6E5h7,2025-09-19 10:24:23 WIB,andisetiawan6520,"['iya', 'pengalaman', 'saya', 'waktu', 'mati', 'dulu', 'udah', 'masuk', 'antrian', 'tapi', 'lama', 'belom', 'dikirim', 'akhirnya', 'kita', 'beli', 'tangkian', 'patungan', 'sama', 'tetangga']",
DOvR5R6E5h7,2025-09-19 11:54:18 WIB,anisptr.k19,"['minnn', 'ini', 'masih', 'lama', 'kah', '?']",
DOvR5R6E5h7,2025-09-19 12:03:19 WIB,evinamegan,"['kira', ""''"", 'sampai', 'jm', 'brpa', 'ya']",
DOvR5R6E5h7,2025-09-19 12:20:07 WIB,alvinohakim91,"['jam', 'berapa', 'air', 'e', 'kluar']",
DOvR5R6E5h7,2025-09-19 12:24:14 WIB,yuniarsyaputra,"['wilayah', 'rungkut', 'mati', 'juga', 'dari', 'pagi', 'gak', 'nyala', 'sampai', 'sekarang']",
DOvR5R6E5h7,2025-09-19 12:38:20 WIB,alleisuzette,"['halo', 'min', 'ini', 'mati', 'air', 'nya', 'sampai', 'kapan', 'ya']",
DOvR5R6E5h7,2025-09-19 13:02:35 WIB,dsftr20,"['kpan', 'nyala', 'ya', 'min', '?', 'mau', 'pipis', 'tak', 'tahan', 'soale', 'aire', 'habis']",
DOvR5R6E5h7,2025-09-19 13:10:13 WIB,putra_abi_91,"['wilayah', 'sememi', 'jaya', 'mati', 'min', 'tlong', 'jgn', 'lama', 'lama']",
DOvR5R6E5h7,2025-09-19 13:10:33 WIB,putra_abi_91,"['air', 'nomer', '<num>', 'min', 'tolong']",
DOvR5R6E5h7,2025-09-19 13:26:28 WIB,busnduq,"['kak', 'kandangan', 'kapan', 'nyala', 'ya', '?', 'udah', 'dari', 'tadi', 'pagi', 'nihhh', 'kenapa', 'gaada', 'pemberitahuan', 'juga']",
DOvR5R6E5h7,2025-09-19 13:56:35 WIB,anisptr.k19,"['koar-koarnya', 'kemarin', 'matinya', 'hari', 'ini', 'cubit', 'ya']",
DOvR5R6E5h7,2025-09-19 14:04:36 WIB,faustina272389,"['kapan', 'min', 'air', 'pdam', 'nya', 'hidup', 'mohon', 'bantuannya', 'min', 'untuk', 'hidup', 'pin', 'air', 'pdam', 'di', 'sumberrejo']",
DOvR5R6E5h7,2025-09-19 14:06:43 WIB,jack_noises,"['minair', 'minkudu', 'nangis', 'tp', 'ga', 'isok', 'min']",
DOvR5R6E5h7,2025-09-19 14:13:38 WIB,orenjiiiiiii__,"['kapan', 'nyalanya', 'ini', 'airnyaaaa']",
DOvR5R6E5h7,2025-09-19 14:31:56 WIB,rrydwnt,"['sekarang', 'sumberrejo', 'masih', 'mati', 'min']",
DOvR5R6E5h7,2025-09-19 14:34:19 WIB,meighanomnom,"['susah', 'bgt', 'info', 'kamis', 'tp', 'mati', 'di', 'hari', 'jumat', 'subuh']",
DOvR5R6E5h7,2025-09-19 14:35:25 WIB,udinudin_27,"['sampai', 'kapan', 'ini', 'jam', 'brpa', '?', '?', '?', 'masak', 'besok', 'pagi', 'belom', 'nyala', 'ini', 'tadi', 'pagi', 'saja', 'tidak', 'bisa', 'mndi', 'untung', 'hari', 'libur', 'masak', 'besok', 'wktu', 'kerja', 'gak', 'mndi', 'juga', 'dan', 'harus', 'mndi', 'ke', 'rumah', 'orang', 'tua']",
DOvR5R6E5h7,2025-09-19 14:36:54 WIB,udinudin_27,"['gak', 'maksimal', 'harusnya', 'pddam', 'kordinasi', 'dengan', 'rt', 'rw', 'yg', 'terdampak', 'biar', 'masyarakat', 'tau', 'ada', 'tanki', 'air', 'gratis', 'lah', 'ini', 'disuruh', 'menghubungi']",
DOvR5R6E5h7,2025-09-19 14:43:38 WIB,dessyfatmasari,"['smpai', 'skr', 'sememi', 'blm', 'nyala', 'min', 'dari', 'kamis', 'sdh', 'mati', 'masak', 'blm', 'slesai <num>', 'minlama', 'sekali']",
DOvR5R6E5h7,2025-09-19 14:57:25 WIB,galihrizky_12,"['sakarepmu', 'min', 'mesisan', 'sampe', 'taun', 'ngarep', 'banyu', 'ne', 'gk', 'metu']",
DOvR5R6E5h7,2025-09-19 15:12:50 WIB,yunichristianti18,"['kandangan', 'dari', 'subuh', 'sampek', 'skrg', 'jam', '<num>', 'masih', 'mati', 'belum', 'nyala', 'hampir', '<num>', 'jam', 'min']",
DOvR5R6E5h7,2025-09-19 15:13:48 WIB,niakurniawt__,"['ini', 'sudah', 'tgl', '<num>', 'kok', 'airnya', 'dari', 'tadi', 'pagi', 'gak', 'ngalir', 'min', '?']",
DOvR5R6E5h7,2025-09-19 15:13:55 WIB,niakurniawt__,"['wilayah', 'banjarsugihan']",
DOvR5R6E5h7,2025-09-19 15:14:18 WIB,lee_chamoomilee,"['tolong', 'segera', 'di', 'nyalakan', 'airnya', 'pak', 'gak', 'bisa', 'ngapa <num> in', 'kalo', 'ga', 'ada', 'air', 'tolong', 'pak']",
DOvR5R6E5h7,2025-09-18 19:16:01 WIB,firfird,"['min', 'mohon', 'di', 'infokan', 'utk', 'keckel', 'sambikerep', 'kapan', 'ya', 'air', 'bisa', 'keluar', '?', 'sudah', 'sejak', 'senin', '<num>', 'air', 'tidak', 'nyala', 'sama', 'sekali', 'dan', 'bantuan', 'tangki', 'air', 'dari', 'pdam', 'cuma', '<num> x', 'aja']",
DOvR5R6E5h7,2025-09-18 21:42:06 WIB,ravanashari,"['wilayah', 'menur', 'pumpungan', 'mati', 'juga', 'min', '?']",
DOvR5R6E5h7,2025-09-18 22:05:43 WIB,donat.klasik_sby,"['sepertinya', 'iya', 'kak', 'rumahku', 'menur', 'pumpungan', 'jg', 'mati', 'airnya']",
DOvR5R6E5h7,2025-09-18 22:08:37 WIB,ravanashari,"['iya', 'kak', 'gak', 'ada', 'pemberitahuan']",
DOvR5R6E5h7,2025-09-19 04:45:19 WIB,filzam_nur,"['min', 'progress', 'kebocoran', 'raya', 'sememi', 'l', 'kendung', 'bagaimana', '?', '?']",
DOvR5R6E5h7,2025-09-19 04:57:13 WIB,cynthia_larasati15,"['wilayah', 'sememi', 'ikutan', 'mati', 'mohon', 'segera', 'diselesaikan', 'hari', 'ini', 'pak']",
DOvR5R6E5h7,2025-09-19 05:20:02 WIB,indriyantiikaagustin,"['apa', 'belum', 'selesai', 'pengerjaanya', 'min', 'wilayah', 'sememi', 'juga', 'mati', 'min']",
DOvR5R6E5h7,2025-09-19 05:23:36 WIB,puspitaannisaa,"['kandangan', 'jg', 'ikut', 'mati', 'ya', 'min']",
DOvR5R6E5h7,2025-09-19 05:23:46 WIB,fit2goletsgo,"['kak', 'sya', 'kira', 'karna', 'saya', 'telat', 'bayar']",
DOvR5R6E5h7,2025-09-19 05:38:28 WIB,mey_andani,"['sumberrejo', 'pagi', 'ini', 'air', 'nya', 'sangat', 'kecil', 'minmohon', 'untuk', 'di', 'infokan', 'kapan', 'selesai', 'nya', 'ya', 'min']",
DOvR5R6E5h7,2025-09-19 06:14:47 WIB,linda_fourangels,"['kapan', 'selesainya', 'ya', 'min', '?', 'mohon', 'info']",
DOvR5R6E5h7,2025-09-19 06:24:25 WIB,mydha.kia,"['rt', '<num>', 'rw', '<num>', 'kelurahan', 'kandanganarea', 'belakang', 'masjid', 'kandangan', 'alirannya', 'mati', 'minmana', 'waktunya', 'mandikan', 'anak', 'dan', 'nyuci <num> duh']",
DOvR5R6E5h7,2025-09-19 06:34:30 WIB,deaputri3374,"['wilayah', 'sumberejo', 'airnya', 'mati', 'min', 'tolong', 'cepat', 'di', 'selesaikan', 'biar', 'hidup', 'lagi', 'airnya']",
DOvR5R6E5h7,2025-09-19 06:36:23 WIB,puthree_setiawan,"['minsaya', 'warga', 'pondok', 'benowo', 'indah', 'kabar', 'ini', 'untuk', 'kemarin', 'kan', 'ya', '?', 'kemarin', 'gk', 'jadi', 'mati', 'matinya', 'baru', 'subuh', 'tadi', 'min', 'ini', 'gmn', '?', 'infonya', 'kok', 'gak', 'valid', 'gini', '?']",
DOvR5R6E5h7,2025-09-19 06:43:24 WIB,salsa.shaf,"['kedinding', 'kpn', 'nyala', 'yaaa', 'airku', 'ws', 'habisss', 'resikkk', 'minnn']",
DOvR5R6E5h7,2025-09-19 06:51:01 WIB,poncoae,"['kira <num>', 'kapan', 'selesainya', 'min']",
DOvR5R6E5h7,2025-09-19 07:07:26 WIB,angga.per,"['smpe', 'jm', 'piro', 'min', '?', 'garap', 'jumat', 'berkah', 'gk', 'onok', 'banyu', 'poleh', 'bingung', 'min']",
DOvR5R6E5h7,2025-09-19 07:19:36 WIB,andiiii.o,"['info', 'e', 'kamis', '<num>', 'sampe', 'jumat', 'gak', 'mari', ""''"", 'yo', 'opo', 'warga', 'mu', 'ate', 'aktifitas', 'poleh', 'susah', 'gak', 'ono', 'banyu']",
DOvR5R6E5h7,2025-09-19 07:26:55 WIB,riska_dewi_03,"['win', 'tolong', 'wilayah', 'sememi', 'tolong', 'dipercepat', 'airnya', 'kasihan', 'yg', 'gk', 'punya', 'tandon', ""''"", 'air', 'min']",
DOvR5R6E5h7,2025-09-19 07:31:47 WIB,st4rdusty.sa,"['kapan', 'kelarnya']",
DOvR5R6E5h7,2025-09-19 07:48:18 WIB,hi_iniiaku,"['sampek', 'jam', 'brapa', 'ini', '?', '?', '?', 'kerjo', 'rembes', 'rekkkk', 'sampek', 'an']",
DOvR5R6E5h7,2025-09-19 08:16:11 WIB,andisetiawan6520,"['update', 'air', 'hidup', 'sumberrejo', 'berapa', 'jam', 'lagi']",
DOvR5R6E5h7,2025-09-19 08:32:07 WIB,syahnanissa,"['bandarejo', 'sememi', 'min', 'mati', 'dari', 'semalam', 'ojok', 'suwe', 'suwe', 'gorong', 'adus', 'iki', 'min']",
DOvR5R6E5h7,2025-09-19 08:36:42 WIB,hendry_list,"['wilayah', 'kandangan', 'dan', 'brimob', 'masih', 'msti', 'ini']",
DOvR5R6E5h7,2025-09-19 08:37:37 WIB,hendry_list,"['ini', 'kandangan', 'dn', 'brimob', 'juga', 'masih', 'mati']",
DOvR5R6E5h7,2025-09-19 08:38:54 WIB,hendry_list,"['sama', 'wil', 'kandangan', 'dn', 'brimob', 'ini', 'juga', 'mati']",
DOvR5R6E5h7,2025-09-19 08:50:55 WIB,suprianto0122,"['area', 'kandangan', 'air', 'belum', 'keluar']",
DOxReJsE14O,2025-09-20 14:09:29 WIB,nazrililham3318,"['wilayah', 'sumberejo', 'airnya', 'mati', 'lagi', 'min', 'tadi', 'malam', 'sempat', 'nyalan', 'sekarang', 'mati', 'lagi']",
DO0JTKjk5JB,2025-09-20 15:34:02 WIB,lel_jnh,"['pak', 'tolong', 'pak', 'di', 'tenggumung', 'wetan', 'gg', 'jambu', 'dari', 'hari', 'rabu', 'sampai', 'sekarang', 'masih', 'keruh', 'berwarna', 'abu-abu', 'dan', 'bau', 'got']",
DO0JTKjk5JB,2025-09-20 16:12:28 WIB,dewi__surya,"['daerah', 'wonosari', 'wetan', 'hampir', '<num>', 'minggu', 'air', 'berbusa', 'bau', 'got']",
DO0JTKjk5JB,2025-09-20 17:03:28 WIB,its.s.al,"['oi', 'mij', 'kapaj', 'pdam', 'daerah', 'benowo', 'sby', 'idup', 'lagi', 'belum', 'mandi', 'nih']",
DO0JTKjk5JB,2025-09-20 17:24:04 WIB,dheawapriyanti_,"['benowo', 'ga', 'ada', 'air', 'pak', 'tolong']",
DO0JTKjk5JB,2025-09-21 00:39:26 WIB,theonlyf4r_,"['sama', 'nih', 'tenggumung', 'wetan', 'gang', 'tebu', 'keruh', 'dan', 'bau', 'kapan', 'selesainya', 'ini', 'min', '?', '?']",
DO0JTKjk5JB,2025-09-21 15:09:35 WIB,its.s.al,"['udah', 'ni', 'min']",
DO0JTKjk5JB,2025-09-21 15:09:42 WIB,its.s.al,"['dah', 'idup', 'nih', 'tq']",
DOxBCymE4wQ,2025-09-19 09:59:57 WIB,_sheilla_r_,"['selesainya', 'sampek', 'jam', 'berapa']",
DOxBCymE4wQ,2025-09-19 10:36:22 WIB,ahmaaad.firzaa,"['min', 'didaerah', 'perumahan', 'tira', 'medayu', 'medokan', 'ayu', 'rungkut', 'apakah', 'ada', 'perbaikan', 'juga', 'karena', 'meteran', 'dirumah', 'saya', 'macet', 'gamau', 'muter', 'dan', 'airnya', 'gabisa', 'keluar', 'apakah', 'memang', 'didaerah', 'itu', 'ada', 'perbaikan', 'juga', 'sehingga', 'terkendala', '?']",
DOxBCymE4wQ,2025-09-19 22:44:56 WIB,mukhammad_fandi,"['bandarejo', 'sememi', 'seharian', 'dari', 'pagi', 'air', 'mati', 'gimana', '?']",
DOxBCymE4wQ,2025-09-21 20:28:56 WIB,mukhammad_fandi,"['sudah', 'minterimakasih', 'banyak', 'responnya']",
DOxBCymE4wQ,2025-09-24 10:37:23 WIB,hdpestoragestore,"['pt', 'daffalindo', 'multi', 'sarana', 'distibutors', 'pipa', 'hdpe', 'dan', 'aksesoriesnya', 'kami', 'menyediakan', 'berbagai', 'macam', 'kebutuhan', 'hdpe', 'silahkan', 'hubungi', 'kami', 'mulqan', 'hpwa', '<num>', 'email', 'mulqandms', '--', '--', '--', '--', '--', '--', '--', '--', '--', '--', '--', '--', '--', '--', '--', '--', '--', '--', '--', '--', '--', '--', '--', '--', '--', '--', '--', '--', '--', '--', '--', 'pt', 'daffalindo', 'multi', 'sarana', 'distributors', 'pipa', 'hdpe', 'accessories', 'head', 'office', 'jl', 'otista', 'no', '<num>', 'jatinegara', '-', 'jakarta', 'timur', '<num>']",
DOxBCymE4wQ,2025-09-29 08:10:14 WIB,ftsaputra79,"['di', 'pakal', 'pejuang', 'juga', 'masih', 'mati', 'airnya']",
DOxfKmqEzTx,2025-09-19 13:37:14 WIB,ivon_tria,"['min', 'gimana', 'laporan', 'saya', 'kok', 'ga', 'ada', 'tindak', 'lanjutnya', 'udah', 'berapa', 'kali', 'laporan', 'air', 'tetap', 'bauk', 'tidak', 'ada', 'tindakan']",
DOxfKmqEzTx,2025-09-19 13:37:47 WIB,ivon_tria,"['call', 'center', 'dihubungin', 'cuma', 'iya', 'iya', 'tp', 'sampai', 'skrang', 'ga', 'ada', 'petugas', 'pdam', 'yg', 'cek', 'lokasi']",
DOxfKmqEzTx,2025-09-19 17:38:21 WIB,maulana.ashr,"['tolong', 'dong', 'ini', 'daerah', 'rumah', 'saya', 'sememi', 'jaya', '<num>', 'dari', 'pagi', 'sampe', 'sore', 'belum', 'nyala', 'airnya', 'giliran', 'bayar', 'ga', 'telat', 'air', 'di', 'matikan', 'giliran', 'ga', 'bayar', 'air', 'juga', 'di', 'matikan', 'pelayanan', 'udah', 'macam', 'kontol']",
DOxfKmqEzTx,2025-09-19 19:02:16 WIB,zamrud_leha,"['bandarejo', 'sememi', 'rt', '<num>', 'pak', 'kepet', 'dr', 'pagi', 'ga', 'bisa', 'masakcuci', 'prihgmandi', 'pun', 'kepet', 'anak', 'pup', 'trus', 'pak']",
DOxfKmqEzTx,2025-09-19 19:02:44 WIB,zamrud_leha,"['air', 'sering', 'matipadahal', 'bayar', 'ya', 'ga', 'pernah', 'telat']",
DOxfKmqEzTx,2025-09-20 13:46:48 WIB,ivon_tria,"['sampai', 'kapan', 'saya', 'menggunakan', 'air', 'bau', 'got', 'min', 'laporan', 'call', 'center', 'tidak', 'bisa', 'laporan', 'cis', 'sudah', 'padahal', 'bayar', 'air', 'tidak', 'pernah', 'nunggak']",
DOpU76BEylg,2025-09-16 09:10:03 WIB,fachryandd,"['suka', 'tabebuya']",
DOpU76BEylg,2025-09-16 09:46:36 WIB,nibrassy,"['cantik', 'sekali']",
DOpU76BEylg,2025-09-16 09:46:54 WIB,widyarigga,"['ini', 'yg', 'suka', 'tabebuya']",
DOpU76BEylg,2025-09-16 09:47:30 WIB,kharistiano28,"['bener', 'wkwkw', 'berasa', 'di', 'japan', 'xixix']",
DOpU76BEylg,2025-09-16 09:50:11 WIB,widyarigga,"['arigato', 'bpk']",
DOpU76BEylg,2025-09-16 13:53:27 WIB,akmalreyhnth,['syahdu'],
DOpU76BEylg,2025-09-16 14:28:05 WIB,ann.wattimena,['mantaabb'],
DOpU76BEylg,2025-09-16 16:10:07 WIB,rajwaazhf,"['cantiknya', 'tabebuya']",
DOpvKq_E15o,2025-09-16 13:41:58 WIB,abdillah5f,"['a', 'yani', '<num> <num>', 'kapan', 'selesai', 'sudah', '<num>', 'hari', 'mati', 'tindak', 'lanjutnya', 'gimna', '?']",
DOpvKq_E15o,2025-09-16 16:33:04 WIB,abdillah5f,"['iya', 'ini', 'sampai', 'kapan', '?', 'butuh', 'kepastian', 'sampai', 'kapan', '?']",
DOpvKq_E15o,2025-09-17 06:32:23 WIB,abdulzafran92,"['di', 'tempat', 'saya', 'area', 'gubeng', 'kertajaya', 'saat', 'ini', 'pada', 'setiap', 'pagi', 'selalu', 'mati', 'bikin', 'repot', 'ajakurang', 'lebih', 'sudah', 'semingguan']",
DOpvKq_E15o,2025-09-17 07:16:58 WIB,fita_flo,"['daerah', 'gubeng', 'kertajaya', 'gangguan', 'gk', 'mari <num>', 'ws', 'onok', 'seminggu', 'banyu', 'metue', 'cilik']",
DOpvKq_E15o,2025-09-18 06:52:49 WIB,ieznhaieznha,"['kok', 'belum', 'ngalir', 'yaa', 'sidosermo', 'dan', 'sekitarnya']",
DOpvKq_E15o,2025-09-18 08:06:22 WIB,riadi_1964,"['iyo', 'podo', 'jarene', 'cuma', '<num>', 'jam', 'iki', 'meh', '<num>', 'jam', 'gk', 'tuntas', 'peh', 'pdam', 'sby', 'jan', 'nyeni']",
DOpvKq_E15o,2025-09-18 08:36:23 WIB,bagusdw25,"['kapan', 'ini', 'nyala', 'air', 'nya', 'daerah', 'jemursari', '?', 'katanya', 'estimasi', '<num>', 'jam']",
DOpvKq_E15o,2025-09-18 08:45:50 WIB,faldibastian,"['jagir', 'wonokromo', 'air', 'belum', 'nyala', 'sampai', 'sekarang', 'udah', 'lebih', '<num>', 'jam']",
DOpvKq_E15o,2025-09-18 14:41:51 WIB,bagusdw25,"['blm', 'nyala', 'ini', 'giliran', 'gini', 'di', 'tlp', 'call', 'center', 'nya', 'sibuk', 'mulu', 'heran', 'jgn', 'minta', 'bayar', 'tepat', 'waktu', 'pelayanan', 'juga', 'di', 'tingkatkan']",
DOpvKq_E15o,2025-09-19 19:24:17 WIB,hendryseli,"['ini', 'kok', 'mati', 'nya', 'baru', 'sekarang', 'info', 'ibu', 'kost', 'an']",
DOpvKq_E15o,2025-09-19 19:27:11 WIB,hendryseli,"['ini', 'efeknya', 'kok', 'kok', 'baru', 'skg', 'rabu', 'perbaikan', 'nya', 'air', 'mati', 'baru', 'sekarang', '?', 'mohon', 'penjelasan', '?']",
DOsidRHk1n7,2025-09-18 07:35:26 WIB,ridukkadukat,"['layanan', 'pemasangan', 'baru', 'di', 'aplikasi', 'pdam', 'dihapus', 'saja', 'php-in', 'masyarakat', 'surabaya']",
DOn3_96k_wz,2025-09-15 20:27:09 WIB,mbembis92,"['menyalaaaa', 'siap', 'ditanggap', 'iki']",
DOn3_96k_wz,2025-09-15 20:28:31 WIB,dni_krisss,"['collab', 'sama', 'tim', 'akhwat', 'kah', '?']",
DOn3_96k_wz,2025-09-15 21:17:39 WIB,yumycho,"['masya', 'allahhuapikk']",
DOn3_96k_wz,2025-09-15 21:35:20 WIB,mbembis92,"['gasss', 'next', 'kalau', 'ada', 'lomba', 'mixed', 'tim', 'siap', 'collabs']",
DOn3_96k_wz,2025-09-16 19:33:27 WIB,zahriyas.sos,"['alhamdulillah', 'barokalloh', 'smga', 'next', 'lbh', 'baik', 'lg', 'semangat', 'ibu', 'umy', 'cho']",
DOn3_96k_wz,2025-09-17 19:17:10 WIB,rynitafashion56,['menyala'],
DOr5bigkxd5,2025-09-17 10:51:21 WIB,kharistiano28,"['kreatif', 'min']",
DOp3sVqEzp_,2025-09-16 19:04:35 WIB,wkr23,"['min', 'ini', 'kenapa', 'air', 'masih', 'tidak', 'menyala', 'sampai', 'hari', 'ini']",
DOp3sVqEzp_,2025-09-17 05:28:42 WIB,ariantisavira,"['min', 'sampe', 'skrang', 'kok', 'ga', 'nyala <num>', 'airnyaaaadaerah', 'sambiarum']",
DOp3sVqEzp_,2025-09-17 08:28:12 WIB,igedesutawa,"['<num>', 'th', 'yg', 'lalu', 'air', 'masih', 'mengalir', '<num>', 'jam', 'di', 'wilayah', 'jl', 'jambangan', 'sekarang', 'jam', '<num>', '-', '<num>', '<num>', '-', '<num>', 'airnya', 'gak', 'mengalir', 'ada', 'apa', 'yach']",
DOp3sVqEzp_,2025-09-17 13:33:56 WIB,sheilamatsiang,"['min', 'daerah', 'jl', 'gayungsari', 'iv', 'air', 'belum', 'menyala', 'kira <num>', 'brp', 'lama', 'lagi', '?']",
DOp3sVqEzp_,2025-09-19 17:27:09 WIB,anita.5253,"['telp', 'pengaduan', 'dr', 'tadi', 'gak', 'diresponklakah', 'rejo', 'kapan', 'nyalanya', 'pak']",
DOsdDy9k-UR,2025-09-29 05:58:26 WIB,gusti_suhardjito,"['pagi', 'ini', 'air', 'pdam', 'kotor', 'coklat', 'di', 'kawasan', 'perumahan', 'menanggal', 'dan', 'taman', 'indah', 'why', '?', 'apa', 'sudah', 'diperbaiki', '?']",
DOsdDy9k-UR,2025-09-29 09:10:39 WIB,yr_fixcell,"['siang', 'pdam', 'surabayaair', 'di', 'tempat', 'saya', 'kok', 'tidak', 'keluarrumah', 'saya', 'jalan', 'rejosaribenowo']",
DOsdDy9k-UR,2025-09-29 10:16:45 WIB,peachigumd,"['sudah', 'beberapa', 'hari', 'ini', 'daerah', 'kenjeran', 'air', 'mati', 'setiap', 'pagi', 'dan', 'soremohon', 'info', 'min']",
DOsdDy9k-UR,2025-09-30 05:48:17 WIB,rini_arek_lmjg,"['jln', 'raya', 'bungkal', 'sambikerep', 'air', 'kok', 'mati', 'lagi', 'ya', 'tlg', 'sy', 'butuh', 'bgt', 'apa', 'lg', 'di', 'tempat', 'sy', 'tdk', 'ada', 'tandon', 'ya']",
DOsdDy9k-UR,2025-09-30 07:15:40 WIB,rini_arek_lmjg,"['sdh', 'nyalah', 'tp', 'kecil']",
DOsdDy9k-UR,2025-09-30 08:53:34 WIB,kakajm_,"['dukuh', 'menanggal', 'kok', 'airnya', 'ga', 'keluar', 'min', '?']",
DOsdDy9k-UR,2025-09-30 13:06:55 WIB,pingysoekamti,"['kelurahan', 'medokan', 'ayu', 'airnya', 'keruh', 'min', 'kaya', 'susu', 'milo']",
DOsdDy9k-UR,2025-09-30 18:21:13 WIB,andy_kampus,"['laporan', 'lambat', 'diterima']",
DOsdDy9k-UR,2025-09-30 19:21:24 WIB,dedylaow,"['dukuh', 'kalijaran', '<num> <num>', 'hari', 'ini', 'airnya', 'mati', 'knp', 'ya', 'min']",
DOsdDy9k-UR,2025-09-30 23:27:00 WIB,ote_05,"['jln', 'raya', 'tempurejo', 'mati', 'banyune', 'sampek', 'kapan', 'woyy', 'min', 'paimin']",
DOpWgU_E_10,2025-09-18 08:00:17 WIB,edwynpras97,"['sekelas', 'kota', 'surabaya', 'aliran', 'air', 'seperti', 'di', 'daerah', 'padang', 'gersang', 'pemasangan', 'box', 'culvert', 'yang', 'sangat', 'sangat', 'sangat', 'menganggu', 'karena', 'aliran', 'air', 'tidak', 'mengalir', 'lancar', 'september', 'tahun', 'lalu', 'di', 'wilayah', 'gubeng', 'kertajaya', '<num>', 'raya', 'pemasangan', 'box', 'culvert', 'dan', 'juga', 'mengganggu', 'aliran', 'air', 'sekarang', 'pengerjaan', 'box', 'culvert', 'di', 'daerah', 'manyar', 'saya', 'rasa', 'pemkot', 'ini', 'kok', 'menyusahkan', 'warga', 'ya', 'perasaan', 'di', 'daerah', 'manyar', 'kertoarjo', 'tidak', 'pernah', 'banjir', 'deh', 'saat', 'hujan', 'kenapa', 'dipasang', 'box', 'culvert', '?', '?', 'ini', 'sama', 'aja', 'namanya', 'dodol', 'dodol', 'trotoar', 'jalan', 'padahal', 'jaman', 'bu', 'risma', 'wilayah', 'tsb', 'tidak', 'pernah', 'banjir', 'hingga', 'hari', 'ini', 'kenapa', 'dipasang', 'box', 'culvert', 'ya', '?', '?', 'ini', 'sangat', 'mengganggu', 'aliran', 'air', 'padam', 'lho', 'mikir', 'kedepan', 'harusnya', 'dampaknya', 'apa', 'ketika', 'pemasangan', 'box', 'culvert', 'ini', 'mohon', 'segera', 'diselesaikan', 'pengerjaan', 'box', 'culvert', 'ini', 'supaya', 'tidak', 'mengganggu', 'dan', 'merugikan', 'aliran', 'air', 'pdam', 'harusnya', 'beraktivitas', 'dengan', 'menggunakan', 'air', 'malah', 'tidak', 'bisa', 'sangat', 'sangat', 'sangat', 'merugikan']",
DOyOVdYkw6x,2025-09-20 13:37:17 WIB,alfinanggraeni,"['min', 'minta', 'tangki', 'air', 'dr', 'pagi', 'belum', 'ada', 'respon', 'air', 'masih', 'mati', 'semua']",
DOyOVdYkw6x,2025-09-20 13:44:51 WIB,mega55639,"['sudah', 'lewat', 'dm', 'min']",
DOyOVdYkw6x,2025-09-20 14:15:42 WIB,dheaaapriyanti_,"['sama', 'kakk', 'aku', 'jg', 'belum', 'nyala', 'semalem', 'nyala', 'pelan', 'bgt']",
DOyOVdYkw6x,2025-09-20 14:16:47 WIB,dheaaapriyanti_,"['pbi', 'darurat', 'air']",
DOyOVdYkw6x,2025-09-20 14:36:58 WIB,tiyan_achmad,"['matur', 'suwun', 'responnya', 'min', 'sudah', 'tak', 'balas', 'dmnya']",
DOyOVdYkw6x,2025-09-20 14:37:31 WIB,tiyan_achmad,"['mbak', 'juga', 'daerah', 'pbi', 'ya', '?', 'soalnya', 'tumben', 'ini', 'kok', 'lama', 'banget', 'perbaikannya']",
DOyOVdYkw6x,2025-09-20 14:45:32 WIB,e.ighteen_,"['nggeh', 'belum', 'kak', 'ga', 'mandi', 'mandi', 'iki', 'engko']",
DOyOVdYkw6x,2025-09-20 15:05:46 WIB,nurulazh______,"['aduh', 'aku', 'kebelet', 'pisan', 'wes', 'ambu', 'keceut', 'kebelet', 'wc']",
DOyOVdYkw6x,2025-09-20 15:05:52 WIB,nurulazh______,"['belummm', 'pakkk']",
DOyOVdYkw6x,2025-09-20 15:13:43 WIB,e.ighteen_,"['samean', 'bandarejo', 'mana', 'mba']",
DOyOVdYkw6x,2025-09-20 15:15:03 WIB,rendi10_10,"['wilayah', 'sumberejo', 'air', 'nya', 'gak', 'keluar', 'lagi', 'min', 'minta', 'tolong']",
DOyOVdYkw6x,2025-09-20 15:34:13 WIB,nurulazh______,"['bandarejo', '<num>', 'mbak']",
DOyOVdYkw6x,2025-09-20 17:25:15 WIB,dheaaapriyanti_,"['iyaa', 'tidak', 'nyala', 'stelah', 'jam', '<num>', 'pagi', 'baru', 'nyala', 'jam', '<num>', 'dan', 'sangat', 'kecil', 'jmsgini', 'belum', 'nyala']",
DOyOVdYkw6x,2025-09-20 17:29:29 WIB,tiyan_achmad,"['sama', 'mbak', 'ini', 'keluar', 'tapi', 'kuecil', 'banget', 'semoga', 'segera', 'normal']",
DOyOVdYkw6x,2025-09-20 18:02:33 WIB,dheaaapriyanti_,"['ditempatku', 'belum', 'nyala', 'sama', 'sekali', 'kak', 'tidak', 'ada', 'respon', 'sama', 'sekali']",
DOyOVdYkw6x,2025-09-20 18:05:53 WIB,tiyan_achmad,"['ini', 'tempatku', 'ya', 'mati', 'lagi', 'mbak', 'wkwwkk', 'aduhh', 'bak', 'mandi', 'tinggal', '<num> <num>', 'juga']",
DOyOVdYkw6x,2025-09-20 21:02:42 WIB,brambang.ireng,"['pak', 'tulong', 'aku', 'raiso', 'ngising']",
DOyOVdYkw6x,2025-09-20 21:11:51 WIB,ismiedf,"['ini', 'kok', 'gak', 'nyala', 'nyala', 'sih', 'airnya', 'ya', 'min', 'harus', 'ditunggu', 'sampai', 'kapan', 'parah', 'banget']",
DOyOVdYkw6x,2025-09-20 21:59:10 WIB,dheaaapriyanti_,"['sudah', 'di', 'wa', 'dari', 'semalam', 'please', 'air', 'ini', 'kebutuhan', 'pokok', 'loh', 'bikin', 'himbauan', 'jg', 'setelah', 'air', 'mati']",
DOyOVdYkw6x,2025-09-21 00:33:44 WIB,tiyan_achmad,"['sudah', 'mulai', 'normal', 'min', 'terima', 'kasih', 'perhatiannya']",
DOyOVdYkw6x,2025-09-21 02:10:29 WIB,e.ighteen_,"['sudah', 'nyala', 'mba', 'barusan']",
DOyOVdYkw6x,2025-09-21 08:24:49 WIB,dheaaapriyanti_,"['semalam', 'nyala', 'pagi', 'ini', 'mati', 'lagi']",
DOyOVdYkw6x,2025-09-21 12:17:44 WIB,ismiedf,"['sudah', 'ku', 'dm', 'min']",
DOyOVdYkw6x,2025-09-21 18:45:21 WIB,miftachul_retna,"['daerah', 'jambangan', 'sudah', '<num> minggu', 'ini', 'airnya', 'mengecil', 'trshanya', 'malam', 'saja', 'yg', 'banter', 'akibat', 'pengerjaan', 'gorong', ""''"", 'klo', 'pagi', 'baru', 'keluar', 'airnya', 'jam <num>', 'klo', 'sore', 'jam <num> <num> malam', 'mati', 'lagi', 'ampun', 'wesssss']",
DOyOVdYkw6x,2025-09-19 22:10:48 WIB,deekristiyanti.blog,"['alhamdulillah', 'baik', 'min', 'terimakasih']",
DOyOVdYkw6x,2025-09-19 22:29:14 WIB,gprasojo_,"['siap', 'tengkyu', 'min']",
DOyOVdYkw6x,2025-09-19 22:45:05 WIB,rnd.rmdhnii,"['bulak', 'banteng', 'sampai', 'kapan', 'min']",
DOyOVdYkw6x,2025-09-19 22:45:11 WIB,nurulazh______,"['bandarejo', 'masih', 'blm', 'nyampe', 'ya', 'airnya', 'min']",
DOyOVdYkw6x,2025-09-19 23:19:17 WIB,rahmatismee,['terbaik'],
DOyOVdYkw6x,2025-09-19 23:44:59 WIB,budi.andr,"['sememi', 'durung', 'nyala', 'kerjo', 'ngene', 'ae', 'suwi']",
DOyOVdYkw6x,2025-09-20 00:24:32 WIB,d_blink_182,"['pondok', 'benowo', 'indah', 'dri', 'shubuh', 'smpai', 'dini', 'hari', 'tdk', 'ad', 'air', 'sdh', 'tlp', 'cs', 'utk', 'dbantu', 'truk', 'tangki', 'jawabannya', 'masih', 'sibuk', 'piye', 'tooh', 'tlp', 'mulai', 'siang', 'smpai', 'malam', 'sibuk', 'trus', '?', 'mohon', 'truck', 'tangki', 'di', 'rt', '<num>', 'rw', '<num>', 'pondok', 'benowo', 'indah', 'dbantu', 'kirim', 'tangki', 'air']",
DOyOVdYkw6x,2025-09-20 00:54:29 WIB,malll_muhammad,"['sememi', 'masih', 'mati', 'min']",
DOyOVdYkw6x,2025-09-20 00:54:52 WIB,malll_muhammad,"['sememi', 'masih', 'mati', 'dari', 'pagi']",
DOyOVdYkw6x,2025-09-20 01:02:13 WIB,dewa_017,"['sememi', 'sek', 'mati', 'min', 'moleh', 'kerjo', 'ate', 'ados', 'lahkok', 'banyu', 'gak', 'nyala', ""''"", 'mosok', 'budal', 'kerjo', 'gk', 'ados', 'moleh', 'kerjo', 'gk', 'ados', 'sisan', 'min']",
DOyOVdYkw6x,2025-09-20 05:05:49 WIB,wahid_mohammad_01,"['palem', 'residence', 'keluar', 'jam', '<num>', 'pagi', 'mala', 'kena', 'pagi', 'air', 'tambah', 'gak', 'keluar <num>', 'jl', 'sememi', 'tengah']",
DOyOVdYkw6x,2025-09-20 06:03:39 WIB,tqiim,"['sememi', 'semalem', 'udah', 'nyala', 'tapi', 'kecil', 'kok', 'mati', 'lagi', '?']",
DOyOVdYkw6x,2025-09-20 06:11:35 WIB,daffaalzhafran,"['normalisasi', 'nya', 'berapa', 'hari', 'min', 'ini', '<num>', 'sept', '<num>', '<num>', 'sememi', 'belum', 'keluar', 'min', 'kalo', 'di', 'paksa', 'sanyo', 'buuutekkk', 'kyk', 'banyu', 'luluhan', 'parah']",
DOyOVdYkw6x,2025-09-20 06:17:23 WIB,mega55639,"['sememi', 'jaya', 'utara', 'mati', 'airnya', '?', 'td', 'mlm', 'jm', '<num>', 'nyala', 'kecil', 'skrng', 'airnya', 'mati', 'lagi', 'gmn', 'ini', '?']",
DOyOVdYkw6x,2025-09-20 06:39:14 WIB,mega55639,"['sama', 'sekali', 'tidak', 'nyala', 'min', 'sememi', 'jaya', 'utara', 'gang', '<num>', 'rt', '<num>', 'rw', '<num>']",
DOyOVdYkw6x,2025-09-20 06:43:22 WIB,aprily_wahyu,"['permisi', 'kak', 'pbi', 'airnya', 'kok', 'belum', 'nyala', 'ya', '?']",
DOyOVdYkw6x,2025-09-20 06:44:36 WIB,daffaalzhafran,"['sememi', 'jaya', 'utara', '<num> c', 'belum', 'keluar', 'min', 'satu', 'gang', 'kanan', 'kiri', 'juga', 'sama']",
DOyOVdYkw6x,2025-09-20 06:46:55 WIB,aristo_rudin,"['ini', 'gimana', 'min', 'sampe', 'pagi', 'ini', 'airnya', 'belum', 'jalan', 'didaerah', 'pondok', 'benowo', 'indah']",
DOyOVdYkw6x,2025-09-20 06:47:04 WIB,indie_riawan,"['blm', 'keluar', 'min', 'air', 'sampe', 'skrg']",
DOyOVdYkw6x,2025-09-20 06:47:27 WIB,indie_riawan,"['blm', 'ad', 'air', 'min']",
DOyOVdYkw6x,2025-09-20 06:56:50 WIB,daffaalzhafran,"['tadi', 'malam', 'mengalir', 'jam', '<num> kecil', 'alirannya', 'cuman', 'kran', 'depan', 'saja', 'pagi', 'sudah', 'mati', 'lagi']",
DOyOVdYkw6x,2025-09-20 06:58:05 WIB,mukhammad_fandi,"['iyo', 'min', 'semoga', 'hari', 'ini', 'bisa', 'selesaigak', 'adus', 'dari', 'kamis']",
DOyOVdYkw6x,2025-09-20 06:58:39 WIB,mukhammad_fandi,"['bandarejo', 'dari', 'kamis', 'sampek', 'sabtu', 'gak', 'keluar', 'airnya']",
DOyOVdYkw6x,2025-09-20 07:35:41 WIB,nurulazh______,"['min', 'bandarejo', 'gak', 'keluar', 'airnya', 'gimana', 'ya', '?', '?', 'dari', 'kemarin', 'loh']",
DOyOVdYkw6x,2025-09-20 08:08:23 WIB,e.ighteen_,"['pakkkk', 'gorong', 'morop', 'lo', 'iki', 'bandarejo']",
DOyOVdYkw6x,2025-09-20 08:21:30 WIB,nurulazh______,"['blm', 'nyala', 'sama', 'sekali', 'ya', 'kakk']",
DOyOVdYkw6x,2025-09-20 09:46:16 WIB,vinaalfm,"['paaaakk', 'di', 'pbi', 'kok', 'airnya', 'mati', 'lho', 'paaaak', 'anak <num> ku', 'gak', 'bisa', 'mandi', 'dari', 'pagi', 'lho', 'paakk', 'oke', 'tadi', 'malem', 'jam', '<num>', 'air', 'udah', 'keluar', 'tapi', 'paginya', 'kokmati', 'lagi', 'ya', 'ampooonnn']",
DOyOVdYkw6x,2025-09-20 10:15:15 WIB,budi.andr,"['woy', 'pdam', 'isok', 'kerjo', 'gak', 'banyu', 'gak', 'nyala <num>', 'ket', 'wingi', 'daerah', 'sememi']",
DOyOVdYkw6x,2025-09-20 10:23:19 WIB,ariskusmiati,"['pak', 'desa', 'saya', 'sumberjayasumberejopakal', 'juga', 'kena', 'dampaknya', 'ud', 'ngak', 'nyala', '<num> hari', 'ini', 'gimana', 'ini', 'bpk', 'solusinya']",
DOyOVdYkw6x,2025-09-20 10:30:00 WIB,malll_muhammad,"['masih', 'belum', 'hidup', 'min']",
DOyOVdYkw6x,2025-09-20 11:39:10 WIB,lel_jnh,"['pak', 'ini', 'belum', 'selesai', 'ta', '?', 'air', 'di', 'rumah', 'udah', 'habis', 'banget', 'udah', 'pompa', 'air', 'tapi', 'yg', 'keluar', 'keruh', 'dan', 'bau', 'banget']",
DOyOVdYkw6x,2025-09-20 13:15:40 WIB,almal11_,"['pak', 'di', 'daerah', 'sana', 'bukan', 'gak', 'hidup', 'tapi', 'airnya', 'bau', 'selokan', 'berbusa', 'dan', 'keruh', 'tlg', 'paakk']",
DOyOVdYkw6x,2025-09-20 13:24:58 WIB,tiyan_achmad,"['pbi', 'lho', 'min', 'durung', 'metu', 'astaghfirullah', 'banyuku', 'wes', 'ate', 'entek', 'mosok', 'yo', 'tayamum', 'nek', 'sholat']",
DOyOVdYkw6x,2025-09-19 21:40:50 WIB,indie_riawan,"['setau', 'saya', 'perbaikan', 'sudah', 'berhari <num>', 'min', 'dampak', 'nya', 'konsumenwarga', 'yg', 'susah', 'min']",
DOyOVdYkw6x,2025-09-19 21:41:32 WIB,indie_riawan,"['air', 'mati', 'sudah', 'mulai', 'subuh', 'min', 'sampe', 'detik', 'ini', 'wilayah', 'dreamingland', 'gak', 'ad', 'air', 'payah', 'pelayanan', 'nya']",
DOyOVdYkw6x,2025-09-19 21:42:51 WIB,indie_riawan,"['pelanggan', 'gak', 'cuma', 'butuh', 'air', 'tangki', 'min', 'pelanggan', 'butuh', 'air', 'yg', 'lancar', 'min', 'segera']",
DOyOVdYkw6x,2025-09-19 21:44:59 WIB,gilangepm,"['ambu', 'gaenak', 'mba', 'lek', 'ndek', 'pom', 'kadang', 'sial', 'nemu', 'kuning <num>', 'wkkw']",
DOyOVdYkw6x,2025-09-19 21:47:32 WIB,pratiwi_dessi,"['saya', 'benowo', 'blm', 'nyala']",
DOyOVdYkw6x,2025-09-19 21:47:35 WIB,dewisoetijowati,"['min', 'tolong', 'sememi', 'dan', 'sekitarnya', 'gak', 'nyala', 'dari', 'pagi', 'sampe', 'malam', 'ini', 'aku', 'besok', 'pagi', 'mau', 'mandi', 'masak', 'harus', 'ngunggsi', 'ke', 'rumah', 'mbah', 'ku', 'di', 'sby', 'pusat', 'min']",
DOyOVdYkw6x,2025-09-19 21:47:49 WIB,pratiwi_dessi,"['ini', 'dmn', 'yg', 'sdh', 'nyala', 'ya', '?']",
DOyOVdYkw6x,2025-09-19 21:48:34 WIB,me.mitha0205,"['perum', 'oasis', 'sememi', 'kak', 'nyala', 'tapi', 'masih', 'kecil', 'tapi', 'gapapa', 'yg', 'penting', 'punya', 'stock', 'air']",
DOyOVdYkw6x,2025-09-19 21:49:39 WIB,me.mitha0205,"['udah', 'nyala', 'min', 'allhamdulilah', 'ehh', 'lah', 'kok', 'pln', 'nya', 'yg', 'mati', 'tadi', 'tapi', 'allhamdulilah', 'gak', 'lama', 'cuma', 'kurang', 'dr', '<num>', 'menit']",
DOyOVdYkw6x,2025-09-19 21:50:00 WIB,yoppieozka,"['sememi', 'darurat', 'air', 'dikongkon', 'macak', 'gembel', 'temen', 'iki', 'gak', 'oleh', 'adus', 'sedinoan']",
DOyOVdYkw6x,2025-09-19 21:51:23 WIB,elwiedha,"['ihh', 'podo', 'mba', 'maju', 'mundur', 'ae', 'ket', 'mau', 'wisan']",
DOyOVdYkw6x,2025-09-19 21:51:32 WIB,ade_putri_wardani,"['benowo', 'sumberejo', 'sdh', 'nyala', 'pak', 'aljmdllah']",
DOyOVdYkw6x,2025-09-19 21:52:27 WIB,pratiwi_dessi,"['wkwkwk', 'samaaa', 'pln', 'ku', 'pbi', 'jg', 'mati', '<num> menit', 'tadi']",
DOyOVdYkw6x,2025-09-19 21:52:46 WIB,pratiwi_dessi,"['terima', 'kasih', 'semoga', 'pbi', 'jg', 'kebagian', 'air', 'malam', 'ini']",
DOyOVdYkw6x,2025-09-19 21:54:50 WIB,me.mitha0205,"['laiyaa', 'wes', 'mati', 'air', 'mati', 'lampu', 'ya', 'allah', 'untung', 'mok', 'gak', 'sampai', '<num>', 'menit', 'an', 'paling', 'nanti', 'malam', 'kakk', 'nyala']",
DOyOVdYkw6x,2025-09-19 21:55:18 WIB,sarmina28,"['update', 'pbi', 'sudah', 'nyalah', 'langsung', 'bening', 'airnya', 'lumayan', 'deres', 'alhamdulillah']",
DOyOVdYkw6x,2025-09-19 20:08:33 WIB,nurulazh______,"['yg', 'di', 'sememi', 'udh', 'selesai', 'min', '?']",
DOyOVdYkw6x,2025-09-19 20:12:44 WIB,dwsucipuspita__,['suineeeee'],
DOyOVdYkw6x,2025-09-19 20:13:04 WIB,rahmatismee,"['pengen', 'adus', 'sememi']",
DOyOVdYkw6x,2025-09-19 20:13:16 WIB,husnuulk,"['di', 'sememiiii', 'kapan', 'woiiiii', 'selesainya']",
DOyOVdYkw6x,2025-09-19 20:14:35 WIB,alocasiaazlani,"['yang', 'di', 'sememi', 'mohon', 'kepastiannya', 'selesai', 'nya', 'jam', 'berapa', 'min']",
DOyOVdYkw6x,2025-09-19 20:15:01 WIB,anggunnurmah,"['kira', '”', 'sampai', 'jam', 'brp', 'min', 'daerah', 'benowo', '?', 'kok', 'lama', 'sekali']",
DOyOVdYkw6x,2025-09-19 20:15:12 WIB,deekristiyanti.blog,"['iya', 'min', 'info', 'update', 'nya', 'apakah', 'yang', 'di', 'sememi', 'sudah', 'selesai', '?']",
DOyOVdYkw6x,2025-09-19 20:15:24 WIB,ainul_y29,"['sememi', 'kapan', 'iki', 'bossssssssssss']",
DOyOVdYkw6x,2025-09-19 20:15:52 WIB,silafarda_,"['min', 'sememi', 'sampai', 'kapan', 'ini', 'matinya', '?', '?']",
DOyOVdYkw6x,2025-09-19 20:16:59 WIB,dwsucipuspita__,"['sememiii', 'gakk', 'nyala <num>', 'banyuneee']",
DOyOVdYkw6x,2025-09-19 20:18:36 WIB,gilangepm,"['min', 'pls', 'lah', 'wilayah', 'benowo']",
DOyOVdYkw6x,2025-09-19 20:27:54 WIB,dhana_saja,"['apakah', 'daerah', 'sememi', 'sudah', 'selesai']",
DOyOVdYkw6x,2025-09-19 20:28:29 WIB,ade_putri_wardani,"['ya', 'allah', 'hari', 'ini', 'dan', 'besok', 'pesanan', 'nasikuu', 'akeh', 'loh', 'pak', 'banyueeee', 'kudu', 'nangisss', 'aku', 'paak']",
DOyOVdYkw6x,2025-09-19 20:29:40 WIB,ade_putri_wardani,"['ini', 'dari', 'sebelum', 'subuh', 'loh', 'paak', 'smpek', 'sekarang']",
DOyOVdYkw6x,2025-09-19 20:30:08 WIB,f_nthul,"['sak', 'jane', 'min', 'kalo', 'mau', 'matikan', 'pipa', 'besar', 'berikan', 'pengumuman', 'sebelumnya', 'di', 'postingan', 'instagram', 'bukan', 'ketika', 'udah', 'di', 'matikan', 'baru', 'posting', 'air', 'mati', 'pukul', '<num>', 'sebelum', 'subuh', 'posting', 'ada', 'gangguan', 'air', 'di', 'pagi', 'hari', 'kebiasaan', 'perusahaan', 'milik', 'negara']",
DOyOVdYkw6x,2025-09-19 20:32:14 WIB,mega55639,"['ayo', 'min', 'tolong', 'di', 'secepatnya', 'udah', 'pliket', 'semua', 'badan', 'ini']",
DOyOVdYkw6x,2025-09-19 20:32:43 WIB,lutfiandri1997,"['yg', 'sememi', 'masih', 'belum', 'mengalir', 'air', 'nya']",
DOyOVdYkw6x,2025-09-19 20:32:55 WIB,elwiedha,"['klakahrejo', 'gak', 'nyala <num>', 'ki', 'yaopo', 'min', '?', 'aku', 'durung', 'korah <num>', 'lo', 'ya', 'allah']",
DOyOVdYkw6x,2025-09-19 20:38:38 WIB,pratiwi_dessi,"['pondok', 'benowo', 'indah', 'ndak', 'ada', 'air', 'aku', 'minta', 'airr', 'minnn']",
DOyOVdYkw6x,2025-09-19 20:42:59 WIB,rokudaime_kazekage3,"['suwe', 'men', 'minnn']",
DOyOVdYkw6x,2025-09-19 20:43:37 WIB,pratiwi_dessi,"['minnn', 'kira <num>', 'air', 'bisa', 'mengalir', 'sampai', 'di', 'benowo', 'kapan', 'ya', 'min', '?', '?', '?']",
DOyOVdYkw6x,2025-09-19 20:48:49 WIB,revizhashynt,"['lahhh', 'iyo', 'tah', 'suwineee']",
DOyOVdYkw6x,2025-09-19 20:50:21 WIB,ayoerahayu111,"['sampai', 'sekarang', 'jam', '<num>', 'wib', 'tgl', '<num>', 'sept <num>', 'daerah', 'bandarejo', 'sememi', 'belum', 'juga', 'nyala', 'airnya', 'mohon', 'pihak', 'pdam', 'segera', 'menindak', 'lanjutin']",
DOyOVdYkw6x,2025-09-19 20:52:21 WIB,revizhashynt,"['sememii', 'gimna', 'min', 'kok', 'gak', 'nyala <num>']",
DOyOVdYkw6x,2025-09-19 20:58:37 WIB,gilangepm,"['banyu', 'abis', 'kabeh']",
DOyOVdYkw6x,2025-09-19 21:01:21 WIB,cynthia_larasati15,"['ayo', 'min', 'kapan', 'wilayah', 'sememi', 'airnya', 'nyala', 'lagi', '?', '?', '?', '?', '?', '?', 'biasanya', 'lancar', 'jaya', 'loh']",
DOyOVdYkw6x,2025-09-19 21:03:32 WIB,mr_pelex,"['yg', 'rumahnya', 'daerah', 'benowo', 'sabar', 'aja', 'percuma', 'komen', 'gk', 'bakalan', 'di', 'respon']",
DOyOVdYkw6x,2025-09-19 21:06:04 WIB,gprasojo_,"['sememi', 'ga', 'mari <num>', 'a', 'min', 'tuku', 'isi', 'ulang', 'wes', 'entek', '<num>', 'ewu', 'iku', 'dohkaahh']",
DOyOVdYkw6x,2025-09-19 21:07:52 WIB,elwiedha,"['layo', 'sampek', 'ga', 'ngiseng', 'loh', 'aku']",
DOyOVdYkw6x,2025-09-19 21:08:55 WIB,gilangepm,"['lahiyo', 'mbaa', 'aku', 'wedi', 'mangan', 'iki', 'moleh', 'kerjo', 'dorong', 'ados', 'wes', 'nemen', 'iki']",
DOyOVdYkw6x,2025-09-19 21:09:43 WIB,elwiedha,"['dohh', 'mas', 'kepet', 'lak', 'an', 'ados', 'pom', 'bensin', 'mas']",
DOyOVdYkw6x,2025-09-19 21:11:37 WIB,gilangepm,"['moh', 'mba', 'gak', 'enak', 'ambune', 'pean', 'ga', 'nandon', 'blas', 'ta']",
DOyOVdYkw6x,2025-09-19 21:13:36 WIB,yoga_putra021,"['kandangan', 'piye', 'min', 'dari', 'sore', 'smpk', 'skrng', 'blm', 'nyala']",
DOyOVdYkw6x,2025-09-19 21:18:43 WIB,fit2goletsgo,"['korahanku', 'selak', 'njamur']",
DOyOVdYkw6x,2025-09-19 21:19:18 WIB,elwiedha,"['ambune', 'opo', 'mas', '?']",
DOyOVdYkw6x,2025-09-19 21:27:17 WIB,augselv_,"['pbi', 'g', 'murup', 'murup', 'iki', 'min']",
DOyOVdYkw6x,2025-09-19 21:31:43 WIB,angga.per,"['podo', 'aq', 'mau', 'jumat', 'berkah', 'trpksa', 'tuku', 'galon', 'trus', 'pesenan', 'konsumen', 'ku', 'sesuk', 'tak', 'pending', 'gr <num>', 'pdam', 'mati']",
DOyOVdYkw6x,2025-09-19 21:34:10 WIB,budi.andr,"['iki', 'karepe', 'pdam', 'opo', 'daerah', 'sememi', 'mato', 'sedino', 'banyune']",
DOyOVdYkw6x,2025-09-19 21:34:31 WIB,cynthia_larasati15,"['tolong', 'kembalikan', 'lagi', 'debit', 'air', 'yg', 'mengalir', 'dengan', 'deras']",
DOyOVdYkw6x,2025-09-19 21:36:54 WIB,distriawan,"['aku', 'belet', 'eek', 'smpe', 'diempet']",
DOyOVdYkw6x,2025-09-19 21:37:25 WIB,me.mitha0205,"['allhamdulilah', 'udah', 'nyala', 'walaupun', 'belum', 'banter', 'sihh', 'yg', 'penting', 'tandon', 'ada', 'isinya']",
DOyOVdYkw6x,2025-09-19 21:38:17 WIB,_dynt12,"['sememi', 'piee', 'gaiso', 'umbah <num>', 'gaiso', 'adosss', 'yaallah']",
DOyOVdYkw6x,2025-09-19 21:38:57 WIB,me.mitha0205,"['hehehe', 'benee', 'kakk', 'telat', 'sehari', 'denda', 'nya', '<num> k', 'lumayan', 'iku', 'kenek', 'tuku', 'bakso', '<num>', 'mangkok']",
DOyOVdYkw6x,2025-09-19 21:39:49 WIB,indie_riawan,"['payah', 'min', 'sampe', 'jam', 'segini', 'gak', 'ada', 'tanda <num>', 'air', 'keluar', 'rugi', 'konsumen', 'min']",
DOc10i8kxkv,2025-09-12 06:55:37 WIB,anggraini_rtl,"['semalem', 'dari', 'jam', '<num>', 'air', 'sudah', 'mati', 'sampai', 'pagi', 'ini', 'padahal', 'kemarin', 'nyala', 'apa', 'g', 'ada', 'woro <num>', 'dulu', 'gitu', 'sampai', 'kapan', 'kira <num>', 'kyk', 'gini']",
DOc10i8kxkv,2025-09-12 09:55:33 WIB,anggraini_rtl,"['gmn', 'pak', 'katanya', 'gerak', 'cepat']",
DOc10i8kxkv,2025-09-12 11:06:54 WIB,anggraini_rtl,"['daerah', 'simo', 'gunung', 'kramat', 'timur', 'hari', 'ini', 'matinya', 'dari', 'semalam', 'jam', '<num>', 'sampai', 'hari', 'ini', 'tidak', 'menyala', 'sama', 'sekali', 'padahal', 'sebelum <num> nya', 'malamnya', 'mati', 'tp', 'subuh', 'sudah', 'nyala', 'kenapa', 'g', 'ada', 'woro <num>', 'sebelumnya', 'jd', 'bisa', 'persiapan']",
DOnzLxWk0pe,2025-09-15 22:13:38 WIB,petrusdhs,"['kalau', 'ada', 'pemadaman', 'jangan', 'diumumkan', '<num>', 'jam', 'sebelumnya']",
DOfOGq8E3VP,2025-09-12 18:59:05 WIB,rizqyafwanhasibuan,"['halo', 'pdam', 'air', 'dikebonsari', 'mati']",
DOfOGq8E3VP,2025-09-12 23:53:48 WIB,ekajayarania,"['tlng', 'di', 'bantu', 'pdam', 'menanggal', 'v', 'no', '<num>', 'mati', 'dr', 'tgl', '<num>', 'sept', 'blm', 'nyala', 'sampe', 'hari', 'ini']",
DOfOGq8E3VP,2025-09-13 21:30:43 WIB,ekajayarania,"['baik', 'tksh', 'informasinya']",
DOgoWhqEjpc,2025-09-13 17:43:41 WIB,noviantoad,"['kutai', 'timur', 'hebat']",
DOgoWhqEjpc,2025-09-13 20:44:20 WIB,cihooim,"['salah', 'satu', 'cara', 'meningkatkan', 'performamce', 'sehingga', 'mengurangi', 'tunggakan', 'piutang']",
DOgoWhqEjpc,2025-09-14 21:37:37 WIB,mohd_yuliar,"['terimakasih', 'pak']",
DOfNUEyk6H1,2025-09-13 18:57:18 WIB,mundisyah,"['masih', 'mati', 'daerah', 'karah', 'minta', 'tolong', 'di', 'percepat', 'pengerjaan', 'nya']",
DOfNUEyk6H1,2025-09-13 19:00:12 WIB,belanindaaa,"['tapi', 'kenapa', 'kok', 'gak', 'bisa', 'kencang', 'ya', 'airnya']",
DOfNUEyk6H1,2025-09-13 19:40:54 WIB,abdillah5f,"['belum', 'ngalir', 'pak', 'ada', 'bocor', 'lagi', 'pipa', 'd <num>']",
DOfNUEyk6H1,2025-09-13 19:42:18 WIB,abdillah5f,"['yg', 'kemarin', 'ngerjain', 'pipa', 'bocor', 'd <num>', 'tolong', 'pak', 'sudah', '<num>', 'hari', 'mati', 'kita', 'di', 'hotel', 'apartment']",
DOfNUEyk6H1,2025-09-13 22:30:20 WIB,victorytodie,"['aman', 'pak', 'kemaren', 'jam', 'segitu', 'udah', 'nyala']",
DOfNUEyk6H1,2025-09-14 08:13:46 WIB,feriyantomuhammad,"['haasssss', 'ayani', 'sampek', 'sekarang', 'belum', 'nyala', 'padahal', 'matinya', 'dari', 'sebelum', 'jumat', 'berapa', 'hari', 'ini', '?', '?', '?']",
DOfNUEyk6H1,2025-09-14 15:35:04 WIB,aishaaraniaa_,"['iya', 'sudah', 'kok', 'terimakasih']",
DOfNUEyk6H1,2025-09-14 15:48:31 WIB,temmy.chris,"['per', 'hari', 'ini', '<num>', 'sep', 'jam', '<num>', 'air', 'mengalir', 'tapi', 'kecil', 'belum', 'normal']",
DOfNUEyk6H1,2025-09-14 22:27:32 WIB,abdillah5f,"['estimasi', '<num>', 'jam', 'apa', '<num>', 'hari', 'ini', 'pekerjaan', 'nya', 'sampai', 'sekrang', 'belum', 'ngalir', '?']",
DOfNUEyk6H1,2025-09-14 22:30:27 WIB,abdillah5f,"['kapan', 'selesai', 'iki', '?']",
DOfNUEyk6H1,2025-09-15 10:59:04 WIB,abdillah5f,"['belum', 'sudah', '<num>', 'hari', 'kapan', 'selesai', '?']",
DOfNUEyk6H1,2025-09-15 11:45:40 WIB,abdillah5f,"['<num>', 'hari', 'hari', '?', 'sebelum', 'jumat', 'itu', 'sudah', 'mati', 'pekerja', 'dari', 'pdam', 'hari', 'jumat', 'baru', 'dikerjakan', 'itu', 'pun', 'sttus', 'e', 'selesai', 'tpi', 'air', 'g', 'ngalir', 'sampai', 'sekarang', 'sudah', '<num>', 'hari', 'ini', 'hotel', 'dan', 'apartemen', 'g', 'ada', 'tetangga', 'kpan', 'selesai', '?']",
DOfNUEyk6H1,2025-09-15 12:09:52 WIB,abdillah5f,"['hari', 'ini', 'sudah', '<num>', 'tangki', 'info', 'dikirm', '<num>', 'tangki', 'dlu', 'saya', 'minta', '<num> <num>', 'tangki']",
DOfNUEyk6H1,2025-09-15 12:10:01 WIB,abdillah5f,"['kapan', 'selesai', 'nya', 'ini', '?']",
DOfNUEyk6H1,2025-09-16 05:48:18 WIB,abdillah5f,"['gimna', 'mati', 'sudah', '<num>', 'hari', 'g', 'di', 'tindak', 'lanjutin', 'gimna', 'ini', 'nunggu', 'opo', 'neh', '?']",
DOfNUEyk6H1,2025-09-16 09:49:50 WIB,feriyantomuhammad,"['thanks', 'kak', 'kemarin', 'sudah', 'datang', '<num>', 'truk', 'tangki', '<num>', 'liter']",
DOfNUEyk6H1,2025-09-16 12:19:34 WIB,irfatn69_,"['knp', 'setelah', 'perbaikan', 'air', 'malah', 'kecil', 'banget', 'ga', 'min', 'susah', 'banget', 'cuci', 'piring', 'padahal', 'cuma', 'lt <num>', 'di', 'wastafel', 'gak', 'lantai', '<num>']",
DOfNUEyk6H1,2025-09-12 13:00:53 WIB,gelenanoor,"['saya', 'telfon', 'pengaduan', 'jam', '<num>', 'pagi', 'jam', '<num>', 'siang', 'baru', 'dikerjakan', 'mantaappp']",
DOfNUEyk6H1,2025-09-12 13:19:13 WIB,kharistiano28,"['matur', 'nuwun', 'infonya', 'min']",
DOfNUEyk6H1,2025-09-12 15:26:07 WIB,rahmadevi89,"['semangat', 'bapak <num>', 'sekalian', 'saya', 'menantikan', 'mengalirnya', 'air', 'kembali']",
DOfNUEyk6H1,2025-09-12 16:14:03 WIB,ayshaa_isy,"['min', 'mohon', 'maaf', 'dari', 'malam', 'sekitar', 'jam', '<num>', 'sampai', 'saat', 'ini', 'air', 'mati', 'kasihan', 'saya', 'selaku', 'penghuni', 'kost', '”', 'an', 'bingung', 'mau', 'cari', 'air', 'kemana', 'ke', 'masjid', 'sungkan', 'kalau', 'numpang', 'mandi', 'dan', 'bak', 'udah', 'nyiapin', 'ember', 'buat', 'jaga', 'air', 'keluar', 'tapi', 'sampe', 'sekarang', 'ga', 'keluar', '-', 'keluar']",
DOfNUEyk6H1,2025-09-12 18:28:40 WIB,elndzzz,"['jambangan', 'sudah', 'mengecil', 'dari', 'beberapa', 'hari', 'sebelum', 'info', 'ini', 'setiap', 'buat', 'gorong-gorong', 'selalu', 'pdam', 'masalah', 'air', 'pelan', 'tidak', 'bisa', 'naik', 'tandon', 'lantai', '<num>', 'dari', 'tahun-tahun', 'sebelumnya', 'juga']",
DOfNUEyk6H1,2025-09-12 18:32:10 WIB,hudanovic575,"['di', 'jalan', 'simo', 'gunung', 'kramat', 'timur', 'masih', 'belum', 'keluar', 'seharian']",
DOfNUEyk6H1,2025-09-12 18:42:51 WIB,anggraini_rtl,"['simo', 'gunung', 'kramat', 'timur', 'g', 'ada', 'woro <num>', 'mati', 'dr', 'kmrn', 'malam', 'jam', '<num>', 'smpe', 'skrg', 'blm', 'nyala', 'dan', 'tidak', 'ada', 'konfirmasi', 'estimasi', 'nyala', 'kapan']",
DOfNUEyk6H1,2025-09-12 18:50:18 WIB,amila_nisty,"['yang', 'membutuhkan', 'air', 'tangki', 'dapat', 'menghubungi', 'call', 'center', 'blablabla', 'taek', 'setiap', 'call', 'center', 'di', 'telfon', 'jawabannya', 'ditunggu', 'ya', 'ditunggu', 'ya', 'gak', 'ada', 'kabar', 'selanjutnya', 'di', 'telfon', 'lagi', 'panggilan', 'lain', 'taek', 'bagi', 'yang', 'membutuhkan', 'semua', 'orang', 'pasti', 'membutuhkan', 'air', 'heran', 'kok', 'daerah', 'jambangan', 'ini', 'kok', 'sering', 'banget', 'bocor', 'pipa', 'masalah', 'air', 'mati', 'tapi', 'tagihan', 'air', 'kok', 'ya', 'tetap', 'malah', 'bengkak', 'lari', 'kemana', 'tu', 'tagihan']",
DOfNUEyk6H1,2025-09-12 18:57:23 WIB,amila_nisty,"['bukannya', 'gak', 'menghargai', 'pekerjaan', 'karyawan', 'pdam', 'tapi', 'kenapa', 'info', 'kalian', 'selalu', 'telat', 'dan', 'telatnya', 'lama', 'gak', 'guna', 'infonya', 'dong', 'dan', 'infonya', 'juga', 'yang', 'butuh', 'air', 'tangki', 'bisa', 'menghubungi', 'call', 'center', 'masalahnya', 'call', 'center', 'kalian', 'tunggu', 'tunggu', 'aja', 'gak', 'ada', 'pergerakan', 'dan', 'kabar', 'selanjutnya']",
DOfNUEyk6H1,2025-09-12 19:09:26 WIB,nitadiahindahsari,"['sudah', 'jam', '<num>', 'malam', 'kok', 'masih', 'blm', 'keluar', 'air', 'gimana', 'ini', 'min']",
DOfNUEyk6H1,2025-09-12 19:12:23 WIB,na2nkahdardiri,"['karangrejo', 'mulai', 'gak', 'ngalir', 'masih', 'lama', 'gak', 'mungkin', '?']",
DOfNUEyk6H1,2025-09-12 19:13:37 WIB,dian_sirajulmunir,"['pak', 'blm', 'selesai', 'kah']",
DOfNUEyk6H1,2025-09-12 19:17:10 WIB,ardine.hidayati,"['pengerjaan', '<num>', 'jam', 'estimasi', 'normalisasi', 'brp', 'jam', '?']",
DOfNUEyk6H1,2025-09-12 19:17:46 WIB,rmayangd,"['masih', 'belum', 'selese', '?']",
DOfNUEyk6H1,2025-09-12 19:20:46 WIB,digo_apr,"['rutin', 'setiap', 'jumat', 'kayae', 'jambangan', 'mati']",
DOfNUEyk6H1,2025-09-12 19:22:14 WIB,asmaulhusna1909_,"['wonokromoo', 'mati', 'airnya', 'belum', 'selesai', 'kah', '?']",
DOfNUEyk6H1,2025-09-12 19:38:10 WIB,victorytodie,"['pak', 'tulung', 'gaisok', 'cawik']",
DOfNUEyk6H1,2025-09-12 19:41:55 WIB,aapeppp_,"['mau', 'awan', 'nyala', 'kok', 'bengi', ""''"", 'wayah', 'e', 'tutup', 'toko', 'arep', 'kora', ""''"", 'malah', 'mati']",
DOfNUEyk6H1,2025-09-12 19:47:33 WIB,aishaaraniaa_,"['min', 'serius', 'ini', 'belum', 'nyala', '?', '?']",
DOfNUEyk6H1,2025-09-12 19:47:45 WIB,riamamiwildanzaze,"['drtd', 'gak', 'sadar', 'kl', 'air', 'mati', 'karna', 'air', 'di', 'rumah', 'sy', 'karang', 'rejo', 'memang', 'pagi', 'sampe', 'jam', '<num> an', 'mati', 'trus', 'siang', 'hidup', 'lanjut', 'sore', 'jam', '<num>', 'sampe', 'isya', 'mati', 'kok', 'hbs', 'isya', 'tetep', 'g', 'keluar', 'air', 'coba', 'cek', 'ig', 'pdam', 'ternyata', 'mati', 'gimana', 'g', 'ada', 'air', 'sama', 'sekali', 'sdgkan', 'ada', 'anak', 'kecil', 'posisi', 'sdh', 'malam', 'begini']",
DOfNUEyk6H1,2025-09-12 19:48:43 WIB,belanindaaa,"['sudah', '<num>', 'jam', 'lebih', 'air', 'masih', 'mati', 'mau', 'sampe', 'kapan', 'pak', 'bu', '?', '?', '?', '?']",
DOfNUEyk6H1,2025-09-12 19:50:11 WIB,arsitadesi,"['masih', 'belum', 'selesai', 'kah', '?']",
DOfNUEyk6H1,2025-09-12 19:50:40 WIB,arsitadesi,"['benerr', 'klu', 'pembuatan', 'gorong', ""''"", 'selalu', 'pdam', 'bermasalah', 'dan', 'gak', 'bisa', 'naik', 'ke', 'langai', '<num>']",
DOfNUEyk6H1,2025-09-12 19:51:47 WIB,belanindaaa,"['info', 'katanya', 'jam', '<num>', 'baru', 'mati', 'lah', 'ini', 'tadi', 'sudah', 'mati', 'di', 'pagi', 'hariiii']",
DOfNUEyk6H1,2025-09-12 19:54:15 WIB,dhii_taaa,"['sudah', '<num>', 'jam', 'ini', 'masi', 'belom', 'nyala', 'jg']",
DOfNUEyk6H1,2025-09-12 20:10:57 WIB,good_industries_,"['gak', 'mari <num>', 'iki', 'ya', 'opo', 'sehh', 'gak', 'nyala', 'iki', 'airnya']",
DOfNUEyk6H1,2025-09-12 20:51:00 WIB,naik.apa.kapan,"['min', 'sido', 'jam', 'piro', 'iki', 'nyalae', 'karuan', 'tak', 'adus', 'na', 'pom', 'disik']",
DOfNUEyk6H1,2025-09-12 22:54:47 WIB,anggraini_rtl,"['simo', 'gunung', 'kramat', 'gak', 'diupdate', 'pengerjaan', 'perbaikannya', 'blas', 'y', 'allah', 'nemen']",
DOfNUEyk6H1,2025-09-13 00:55:34 WIB,ellenniaa,"['di', 'kebonsari', 'kenapa', 'masih', 'belom', 'nyala', 'nggeh', 'airnya', '?', '?', '?']",
DOfNUEyk6H1,2025-09-13 03:45:40 WIB,gelenanoor,"['halooooo', 'sampe', '<num>', 'sept', 'pukul', '<num>', 'belum', 'nyala', 'lhooo', 'astaghfirullaahh']",
DOfNUEyk6H1,2025-09-13 03:46:56 WIB,gelenanoor,"['harusnya', 'kan', 'tiap', 'ada', 'proyek', 'itu', 'koordinasi', 'ya', 'supaya', 'ga', 'terjadi', 'kyk', 'gini', 'pak', 'wali', 'e', 'pisan', 'iki', 'yaopoo', 'reekkkk', 'duhh']",
DOfNUEyk6H1,2025-09-13 03:50:25 WIB,gelenanoor,"['ancene', 'iku', 'yo', 'jarang', 'pokro', 'mbak', 'sumpah', 'aku', 'asli', 'wong', 'kene', 'rasane', 'koyok', 'kemusuhan']",
DOfNUEyk6H1,2025-09-13 03:51:26 WIB,gelenanoor,"['tahun', 'lalu', 'pun', 'gitu', 'pas', 'ada', 'proyek', 'gorong-gorong']",
DOfNUEyk6H1,2025-09-13 04:37:24 WIB,temmy.chris,"['min', 'sudah', 'tanggal', '<num>', 'jam', '<num>', 'air', 'blum', 'juga', 'mengalir', 'bikin', 'susah', 'pelanggan']",
DOfNUEyk6H1,2025-09-13 04:56:36 WIB,elndzzz,"['nah', 'tahun', 'tahun', 'sebelumnya', 'saya', 'tlp', 'kak', 'complainnya', 'd', 'datengin', 'smpai', 'pernah', '<num> x', 'dalam', 'satu', 'minggu', 'trus', 'nyalahin', 'krn', 'sya', 'kok', 'g', 'ada', 'tandon', 'bawah', 'dan', 'g', 'pakai', 'sanyo', 'wkwk']",
DOfNUEyk6H1,2025-09-13 04:58:06 WIB,elndzzz,"['setiap', 'musim', 'galian', 'selalu', 'begitu', 'kak', 'kok', 'g', 'jadi', 'pembelajaran', 'setiap', 'tahunnya', 'alasan', 'pipa', 'bocor']",
DOfNUEyk6H1,2025-09-13 07:05:02 WIB,mundisyah,"['sudah', 'sehari', 'air', 'tidak', 'mengalir', 'semangat', 'yang', 'di', 'lapangan', 'biar', 'cepat', 'selesai']",
DOfNUEyk6H1,2025-09-13 08:15:41 WIB,marhaendra2020,"['sampai', 'pagi', 'ini', '-lokasi', 'menanggal', 'v-', 'sepertinya', 'masih', 'belum', 'stabil', 'alirannya', 'kecil', 'banget']",
DOfNUEyk6H1,2025-09-13 08:58:41 WIB,abdillah5f,"['kapan', 'selesai', 'pak', 'ini', '?', 'a', 'yani', '<num> <num>', 'masih', 'mati']",
DOfNUEyk6H1,2025-09-12 11:40:33 WIB,miftachul_retna,"['jambangan', 'sudah', 'tidak', 'keluar', 'air', 'dari', 'jam <num>', 'pagi', 'baru', 'diinfo', 'siang', 'estimasi', '<num> jam', 'kerja', 'bolak', 'balik', 'air', 'pdam', 'di', 'jambanvan', 'matiklo', 'mau', 'pengerjaan', 'gorong', ""''"", 'kan', 'sebelum', 'digali', 'bisa', 'dicek', 'dulu', 'itu', 'min', 'ada', 'pipa', 'pdamnya', 'sepanjang', 'brp', 'meter', 'sangat', 'menyusahkan', 'pelanggan']",
DOfNUEyk6H1,2025-09-12 11:42:54 WIB,hnfada354,"['katanya', 'utiku', 'dari', 'subuh', 'mbak', 'gak', 'keluar', 'nya']",
DOfNUEyk6H1,2025-09-12 11:49:27 WIB,miftachul_retna,"['baru', 'dikasih', 'info', 'jam <num>', 'trs', 'pelanggan', 'disuruh', 'nunggu', '<num> jam', 'pengerjaan', 'sudah', 'brp', 'jam', 'pelanggan', 'dirugikan', 'klo', 'waktunya', 'bayar', 'minta', 'dicepetin']",
DOfNUEyk6H1,2025-09-12 12:18:53 WIB,indriatie,"['harusnya', 'kemarin', 'di', 'kasih', 'taubiar', 'siap <num>', 'nandon']",
DOfNUEyk6H1,2025-09-12 12:25:15 WIB,hanna_laksono,"['sepertinya', 'sdh', 'dari', 'semalam', 'ya', 'matinya', 'karena', 'isi', 'tandon', 'saya', 'sampai', 'habis', 'pagi', 'tadi', 'kok', 'baru', 'siang', 'diinfo', '?']",
DOfNUEyk6H1,2025-09-12 12:34:23 WIB,d_nos1106,"['airnya', 'sehari', 'bisa', '<num> x', 'keruh']",
DOfNUEyk6H1,2025-09-12 12:49:32 WIB,r32a_way,"['semoga', 'lancar', 'pekerjaannya', 'teman <num>', 'pdam', 'semangat']",
DOfNUEyk6H1,2025-09-12 12:59:52 WIB,gelenanoor,"['kebonsari', 'dari', 'kemarin', 'sore', 'mati', 'ayo', 'gerak', 'cepat', 'tim', 'pdam', 'air', 'itu', 'kebutuhan', 'dasar', 'warga', 'ga', 'semua', 'org', 'punya', 'sumur', 'dan', 'tandon']",
DOkL2WIkyVJ,2025-09-14 13:15:28 WIB,maachacihhh_,"['min', 'daerah', 'sambikerep', 'ikutan', 'terdampak', 'mati', 'airnya', 'yasoalnya', 'dari', 'tadi', 'juga', 'belum', 'nyala', 'airnya']",
DOkL2WIkyVJ,2025-09-14 15:54:56 WIB,bhagyawan_bhagik0,"['air', 'mati', 'tidak', 'keluar', 'sambikerep', 'bungkal', 'mati', 'air', 'dr', 'pagi']",
DOkL2WIkyVJ,2025-09-14 15:55:32 WIB,bhagyawan_bhagik0,"['apaapaan', 'ini', 'merugikan', 'konsumen', 'dr', 'pagi', 'sampai', 'sore', 'begini']",
DOkL2WIkyVJ,2025-09-14 15:56:52 WIB,nanang_wid,['r'],
DOkL2WIkyVJ,2025-09-14 17:59:11 WIB,maulidiafitrir,"['ya', 'sama', 'sambikerep', 'gang', 'melati', 'dari', 'tadi', 'pagi', 'gak', 'nyala', 'sampai', 'jam', 'seginu']",
DOdF_dREzbB,2025-09-11 17:57:38 WIB,cupcakesurabayamurah,"['siwalankerto', 'mati', 'lagi', 'jam', '<num>', 'knp', 'ya', '?', 'ada', 'perbaikan', 'lagi', 'kah', '?']",
DOmqK1YE71L,2025-09-15 10:31:23 WIB,suga98459,"['sampai', 'kapan', 'nich', 'gangguan', 'trus', 'udah', '<num>', 'hari', 'gangguan', 'trus']",
DOmqK1YE71L,2025-09-15 11:12:01 WIB,suga98459,"['kira', 'sampai', 'kapan', 'pak', 'target', 'yg', 'terselasaikan', 'semua']",
DOmqK1YE71L,2025-09-15 11:17:11 WIB,samiyaassegaf,"['sampai', 'kapan', 'ya', 'ini', '?', 'sudah', '<num>', 'hari', 'lebih', 'air', 'gakeluar', 'sama', 'sekali', 'semua', 'aktivitas', 'terhambat']",
DOmqK1YE71L,2025-09-15 16:12:01 WIB,8s.jz,"['mohon', 'perhatian', 'nyauntuk', 'pembagian', 'jam', 'karena', 'air', 'pdam', 'daerah', 'ampel', 'sekitar', 'nya', 'sdh', '<num>', 'hari', 'tdk', 'kluar', 'sangat', 'mengganggu', 'kegiatan', 'rmh', 'tgg', 'mana', 'di', 'saat', 'tiap', 'bulan', 'wanita', 'ada', 'masa', 'haid', 'dan', 'dg', 'adanya', 'air', 'tdk', 'kluar', 'ini', 'sgt', 'menyusahkan', 'kita', 'blm', 'jg', 'masak', 'butuh', 'air', 'dll', 'tolong', 'sgt', 'diselesaikan', 'pakatau', 'tlg', 'd', 'bagi', 'wkt', 'nya', 'antara', 'para', 'pekerja', 'pembangunan', 'trotoar', 'daerah', 'ampel', 'd', 'mulai', 'soremalam', 'jgn', 'mati', 'airnya', 'dr', 'pagi', '-', 'sore', 'd', 'saat', 'jam <num>', 'banyak', 'aktifitas', 'trimakasih', 'mohon', 'maaf']",
DOPdw1sE3CS,2025-09-06 08:24:48 WIB,mhmdrizkyy12._,['congratulations'],
DOazRVSkxuJ,2025-09-10 20:41:56 WIB,arjuna_hatimu,"['mau', 'tanyaapakah', 'untuk', 'menaikkan', 'meteran', 'air', 'itu', 'ada', 'biayanyakah']",
DOazRVSkxuJ,2025-09-11 07:05:11 WIB,tyoares_omega_ban,['x'],
DOazRVSkxuJ,2025-09-11 07:05:11 WIB,tyoares_omega_ban,['kvkozooz <num> o'],
DOVCzOzk19h,2025-09-08 13:08:45 WIB,sylliphany,"['kelazz', 'mba', 'interr']",
DOVCzOzk19h,2025-09-08 13:38:36 WIB,_frscarts,"['seru', 'bgtt']",
DOVCzOzk19h,2025-09-08 15:04:15 WIB,nibrassy,"['siapp', 'mas', 'alip']",
DOVCzOzk19h,2025-09-08 15:15:13 WIB,ann.wattimena,['kereennnn'],
DOVCzOzk19h,2025-09-08 18:08:31 WIB,nrkumalakn___,"['keren', 'bangettt']",
DOVCzOzk19h,2025-09-09 07:28:40 WIB,diniiamaliaa_,"['kuerenn', 'rek']",
DOVCzOzk19h,2025-09-09 10:59:14 WIB,akmalreyhnth,['kerennn'],
DOavk3kk4rO,2025-09-10 17:14:54 WIB,maulina_salshabilla,"['simo', 'jawar', 'mati', 'total', 'min']",
DOavk3kk4rO,2025-09-10 19:13:19 WIB,moch_ridom,"['ajorr', 'simo', 'jawar', 'ados', 'nk', 'pontenn', 'woyyy', 'pdam', 'bayar', 'gk', 'tau', 'telat']",
DOavk3kk4rO,2025-09-11 08:33:41 WIB,tofankei,"['udah', 'selesai', 'belum', 'nih', '?']",
DOavk3kk4rO,2025-09-11 09:54:17 WIB,oktvmaya_,"['masih', 'blm', 'keluar', 'nih', 'min', 'air', 'daerah', 'jatisrono', 'timur']",
DOavk3kk4rO,2025-09-11 16:43:37 WIB,fadhilah_anggraeni,"['di', 'chat', 'by', 'wa', 'slow', 'respon', 'dari', 'siang', 'padahal', 'butuh', 'air', 'tangki', 'karna', 'air', 'di', 'daerah', 'rumahku', 'airnya', 'gak', 'keluar', 'sama', 'sekali']",
DOavk3kk4rO,2025-09-11 21:21:08 WIB,tofankei,"['maksud', 'saya', 'yg', 'di', 'wonosari', 'jatisrono', 'timur']",
DOavk3kk4rO,2025-09-11 22:52:12 WIB,nurulqomariahhh,"['sampai', 'malam', 'ini', 'belum', 'keluar', 'juga', 'airnya', 'min']",
DOavk3kk4rO,2025-09-12 15:09:00 WIB,nurulqomariahhh,"['lokasi', 'di', 'jatisrono', 'pakbu', 'sudah', 'saya', 'coba', 'hingga', 'siang', 'ini', 'belum', 'keluar']",
DOavk3kk4rO,2025-09-12 15:35:42 WIB,fadhilah_anggraeni,"['sudah', 'dikirim', 'air', 'tangki', 'tadi', 'malam']",
DOavk3kk4rO,2025-09-13 21:08:14 WIB,nurulqomariahhh,"['airnya', 'sudah', 'mengalir', 'pakbu', 'terima', 'kasih', 'atas', 'responnya']",
DOavk3kk4rO,2025-09-14 13:45:58 WIB,marizarzicha,"['kok', 'di', 'jalan', 'karang', 'tembok', 'gak', 'keluar', 'airnya']",
DOavk3kk4rO,2025-09-14 21:26:16 WIB,ekadtyarawk_,"['min', 'ini', 'daerah', 'endrosono', 'masih', 'gabisa', 'keluar', 'kapan', 'kirakira', 'selesai']",
DOavk3kk4rO,2025-09-15 18:35:06 WIB,marizarzicha,"['saya', 'sudah', 'mengajukan', 'aduan', 'tapi', 'masih', 'proses', 'yang', 'lama', 'air', 'saya', 'keluarnya', 'sedikit', 'tapi', 'biayanya', 'mahal', 'banget']",
DOavk3kk4rO,2025-09-16 07:41:21 WIB,marizarzicha,"['alamat', 'saya', 'jalan', 'karang', 'tembok', 'no', '<num>', 'nopelnya', '<num>', 'no', 'wa', '<num>', '<num>']",
DOavk3kk4rO,2025-09-16 20:08:41 WIB,marizarzicha,"['tadi', 'orang', 'pdam', 'kerumah', 'katanya', 'mau', 'dibongkar', 'tapi', 'tunggu', 'besok', 'bongkarnya', 'besok', 'aku', 'tunggu', 'orangnya', 'beneran', 'datang', 'lagi', 'atau', 'engga']",
DOavk3kk4rO,2025-09-17 13:33:34 WIB,marizarzicha,"['pak', 'gimana', 'kok', 'orangnya', 'belum', 'datang', 'dari', 'tadi']",
DOavk3kk4rO,2025-09-17 14:38:06 WIB,marizarzicha,"['gimana', 'pak', 'orangnya', 'belum', 'datang', 'airku', 'dirumah', 'kapan', 'hidupnya', 'kalo', 'tidak', 'ada', 'ketidak', 'lanjutan']",
DOVo0C-E3KP,2025-09-08 17:40:45 WIB,nibrassy,"['keren', 'sekali']",
DOVo0C-E3KP,2025-09-08 19:15:16 WIB,yoskustiyono92,"['surabaya', 'itu', 'indah', 'dan', 'keren', 'view-nya', 'bila', 'di', 'lihat', 'dari', 'udara', 'ataupun', 'pantai', 'di', 'waktu', 'senja', 'yg', 'bikin', 'tdk', 'indah', 'itu', 'banyaknya', 'imigran', 'gelap', 'dari', 'selat', 'karibia', 'negara', 'bagian', 'mexico']",
DOVo0C-E3KP,2025-09-08 19:40:16 WIB,putrigtrbessi____,"['terimakasih', 'surabaya', 'tempat', 'dimana', 'aku', 'menemukan', 'cintaku', 'tumbuh', 'terus', 'hingga', 'bertambah', 'buah', 'cintaku', 'sampai', 'menua', 'kami', 'di', 'surabaya']",
DOVo0C-E3KP,2025-09-09 16:13:28 WIB,putrigtrbessi____,"['terimakasih', 'doanya', 'doa', 'yg', 'baik', 'akan', 'kembali']",
DOVo0C-E3KP,2025-09-21 08:40:07 WIB,akusaja999888,"['emang', 'udh', 'dibuka', '?']",
DOOJbFPk34m,2025-09-05 23:27:00 WIB,kel_sidotopo_semampir,"['terima', 'kasih', 'banyak']",
DOOJbFPk34m,2025-09-06 08:36:04 WIB,catatanmubaligh,"['min', 'ini', 'di', 'daerah', 'medokan', 'semampir', 'kec', 'sukolilo', 'apa', 'ada', 'perbaikan', 'saluran', 'air', '?', 'dari', 'kemarin', 'airnya', 'mati']",
DOhnC2GkxuN,2025-09-13 10:10:45 WIB,rini_arek_lmjg,"['mohon', 'di', 'segerakan', 'ya', 'soalnya', 'sy', 'ada', 'pesenan', 'mie', 'ayam', 'iniayam', 'nya', 'blm', 'diapain', 'lagi']",
DOhnC2GkxuN,2025-09-13 10:16:37 WIB,mamluam,"['sambikerep', 'jalan', 'raya', 'bungkal', 'kok', 'ikutan', 'mati', 'juga']",
DOhnC2GkxuN,2025-09-13 10:50:28 WIB,nawa_arohmah,"['kak', 'ini', 'di', 'gayungan', 'kok', 'masih', 'mati', '?', '?']",
DOhnC2GkxuN,2025-09-13 10:53:45 WIB,mamluam,"['halo', 'min', 'jalan', 'raya', 'bungkal', 'sambikerep', 'mati', 'juga']",
DOhnC2GkxuN,2025-09-13 10:57:16 WIB,chizlava,"['tiap', 'daerah', 'ini', 'yg', 'mati', 'sambikerep', 'kena', 'imbas', 'juga']",
DOhnC2GkxuN,2025-09-13 11:31:57 WIB,igedesutawa,"['tiap', 'hari', 'kok', 'gangguan', 'disetiap', 'wilayah', 'bener', 'apa', 'enggak', 'sebenarnya', 'pipa', 'yg', 'dipasang', 'bocor <num>', 'terus']",
DOhnC2GkxuN,2025-09-13 12:04:52 WIB,sujiha04,"['apa', 'betul', 'pdam', 'naik', 'sekarang', '?', 'saya', 'tinggal', 'd', 'kontrakan', 'kata', 'ibu', 'kontrakan', 'nya', 'naikbiasa', 'saya', 'bayar', 'ke', 'beliau', '<num> anskrg', '<num> anwhaaa']",
DOhnC2GkxuN,2025-09-13 12:22:28 WIB,mamluam,"['mana', 'jualan', 'baru', 'liat', 'info', 'pas', 'mati', 'jdnya', 'beli', 'air', 'galon', 'giliran', 'telat', 'bayar', 'ngomel', 'mulu']",
DOhnC2GkxuN,2025-09-13 12:48:43 WIB,chizlava,"['di', 'info', 'jam', 'nya', 'tp', 'upload', 'nya', 'di', 'jam', 'itu', 'juga']",
DOhnC2GkxuN,2025-09-13 13:18:39 WIB,ikanpaus_777,"['selalu', 'gini', 'ya', 'hampir', 'tiap', 'bulan', 'ada', 'gangguan', 'air', 'parah', 'banget']",
DOhnC2GkxuN,2025-09-13 15:38:47 WIB,mamluam,"['wkwkw', 'iya']",
DOhnC2GkxuN,2025-09-13 17:10:43 WIB,mamluam,"['belum', 'nyala', 'juga', 'ini', 'air']",
DOhnC2GkxuN,2025-09-13 17:21:08 WIB,oracabuloradenji,"['min', 'kok', 'blm', 'nyala']",
DOhnC2GkxuN,2025-09-13 18:09:11 WIB,oracabuloradenji,"['min', 'blm', 'nyala']",
DOhnC2GkxuN,2025-09-13 18:28:02 WIB,oracabuloradenji,"['kira <num>', 'daerah', 'bringin', 'berapa', 'lama', 'lagi', 'nyalanya', 'ya', 'min', '?', '?']",
DOhnC2GkxuN,2025-09-13 18:52:04 WIB,oracabuloradenji,"['daerah', 'bringin', 'min', 'jl', 'raya', 'bringin', 'no', '<num> a', 'msh', 'belum', 'nyala', 'ya', 'min']",
DOhnC2GkxuN,2025-09-13 19:21:06 WIB,nawa_arohmah,"['kak', 'aku', 'udah', 'dm', 'ya']",
DOhnC2GkxuN,2025-09-13 19:35:17 WIB,sheilamatsiang,"['gayungsari', 'blm', 'nyala', 'juga', 'kah', '?', '?', '?', 'kira <num>', 'sampe', 'kpn', '?', '?']",
DOhnC2GkxuN,2025-09-13 19:38:12 WIB,sheilamatsiang,"['min', 'cek', 'dm', 'gayungsari', 'kira <num>', 'air', 'mati', 'sampai', 'kpn', '?', '?']",
DOhnC2GkxuN,2025-09-13 19:41:12 WIB,adynnugroho,"['halo', 'min', 'kapan', 'ngalir', 'lagi', '?', 'sudah', 'jam', '<num>', 'malam', 'ni']",
DOhnC2GkxuN,2025-09-13 20:21:24 WIB,merynoona,"['min', 'simo', 'kwagean', 'dari', 'jam', '<num>', 'siang', 'mati', 'airnya', 'g', 'mana', 'nih']",
DOhnC2GkxuN,2025-09-13 20:34:26 WIB,sheilamatsiang,"['kak', 'boleh', 'cek', 'dm', 'lagi', 'ya', 'ini', 'air', 'masih', 'gak', 'ada', 'nyala', 'sama', 'sekali', 'kalo', 'sampai', 'besok', 'ini', 'jadinya', '<num>', 'hari', 'mati', 'rumah', 'udah', 'gak', 'berbentuk']",
DOhnC2GkxuN,2025-09-13 20:39:35 WIB,oracabuloradenji,"['min', 'ini', 'nyalanya', 'jam', 'brp', 'sih', 'kok', 'msh', 'belum', 'nyala']",
DOhnC2GkxuN,2025-09-14 07:27:15 WIB,riaulfanitami,"['min', 'pagi', 'ini', 'daerah', 'kelurahan', 'nyamplungan', 'mati', 'total', 'air', 'nya']",
DOhnC2GkxuN,2025-09-14 08:25:22 WIB,beatkarbuu__,"['simo', 'sidomulyo', 'keluar', 'nya', 'air', 'masih', 'kecil', 'min']",
DOhnC2GkxuN,2025-09-14 11:09:22 WIB,abdulkerim3330,"['jalan', 'raya', 'made', 'sering', 'dilintasi', 'truk', 'tronton', 'pak', 'karena', 'ada', 'konstruksi', 'di', 'sekitar', 'bukit', 'palma-bdh']",
DOhnC2GkxuN,2025-09-14 16:12:10 WIB,nnayoav,"['min', 'udah', 'sehari', 'an', 'ko', 'belum', 'nyala', 'dari', 'kemarin']",
DOhnC2GkxuN,2025-09-14 18:42:41 WIB,yopi_apriyanto,"['wilayah', 'sambikerep', 'kok', 'masih', 'mati', 'sampai', 'sekarang', 'air', 'nya', '?', '?', '?']",
DOhnC2GkxuN,2025-09-14 22:14:02 WIB,riaulfanitami,"['kira <num>', 'sampai', 'kapan', 'ya', 'min', '?', 'ini', 'sudah', 'malem', 'tapi', 'masiih', 'mati', 'total']",
DOI9jk7E3A0,2025-09-04 05:33:04 WIB,deviktk12,"['knp', 'matinya', 'baru', 'pagi', 'ini', 'haduh', 'mana', 'gak', 'ada', 'pemberitahuan', 'lagi', 'ini', 'baru', 'liat', 'postingannya', 'pagi', 'ini']",
DOI9jk7E3A0,2025-09-04 07:26:23 WIB,arnie.ia,"['ini', 'dr', 'kemaren', 'mati', 'di', 'babatan', 'wiyung', 'apa', 'berdampak', 'jugaa']",
DOI9jk7E3A0,2025-09-04 11:21:55 WIB,deviktk12,"['aslinya', 'yah', 'kami', 'perlu', 'air', 'pak', 'tapimasuknya', 'lewat', 'mana', 'nanti', 'mobilnya', 'soalnya', 'depan', 'gang', 'kan', 'lagi', 'dibongkar', 'jalannya', 'juga', 'terus', 'saya', 'rumanyanya', 'pojokan', 'pan']",
DOI9jk7E3A0,2025-09-04 11:34:05 WIB,bellaaristas,"['gg', 'pakuwon', 'indah', 'surabaya', 'barat', 'pas', 'air', 'nya', 'mati <num>', 'ga', 'di', 'isi', 'di', 'matikan', 'tanpa', 'pemberitauan', 'pas', 'di', 'isi', 'air', 'penuh', 'semua', 'ga', 'di', 'matikan', 'mau', 'apa', 'sih']",
DOI9jk7E3A0,2025-09-04 12:18:15 WIB,maaychantii,"['ini', 'siwalan', 'kerto', 'g', 'nyala', 'dari', 'malam', 'dan', 'pagi', 'hingga', 'skarang']",
DOI9jk7E3A0,2025-09-04 12:58:36 WIB,dua_duashop,"['belom', 'selesai', 'kah', 'pak', 'airnya', '?']",
DOKvhxHE_ID,2025-09-04 12:13:16 WIB,mhmdrizkyy12._,"['semngatt', 'indonesiaakuu']",
DOLndstkx-V,2025-09-04 21:43:29 WIB,ikayuniasih,"['ini', 'dari', 'pagi', 'lohbukan', 'dr', 'jam', '<num>', 'malammmgak', 'jelass', 'pdam']",
DOLndstkx-V,2025-09-04 22:23:30 WIB,ratnarositasari51,"['di', 'keterangannya', 'mulai', 'dari', '<num>', 'tapi', 'nyatanya', 'mati', 'dari', 'pagi', 'sudah', 'sering', 'kali', 'mati', 'debit', 'air', 'kecil', 'daerah', 'simo', 'masalahnya', 'mati', 'seharian', 'nyala', 'tengah', ""''"", 'malam', 'dan', 'air', 'keruh', 'bau']",
DOLndstkx-V,2025-09-07 07:21:41 WIB,ambarsari_prasodjo,"['wilayah', 'simohilir', 'barat', 'air', 'blm', 'menyala', 'bagaimana', 'ini', 'pdam', '?', '?', '?', 'sudah', 'mau', '<num>', 'hari', 'spt', 'ini', 'dari', 'tgl', '<num>', 'september']",
DOLndstkx-V,2025-09-07 09:31:51 WIB,ambarsari_prasodjo,"['begitulah', 'surabaya', 'klo', 'udh', 'terpasang', 'bagus <num>', 'dibongkar', 'lagi', 'akhirnya', 'yg', 'susah', 'penduduknya', 'jadi', 'korban', 'sampai', '<num>', 'hari', 'nggak', 'ada', 'air', 'nyala', 'malam', 'kecil', 'sekali', 'tolong', 'segera', 'dikondisikan', 'krn', 'banyak', 'lansia', 'juga', 'yg', 'perlu', 'air']",
DOLndstkx-V,2025-09-08 07:18:23 WIB,bernardimantaka,"['ini', 'masih', 'belum', 'selesai', 'atau', 'gmn', '?', 'kok', 'sampai', 'sekarang', 'masih', 'belum', 'normal', '?']",
DOKzoy8ExHg,2025-09-04 14:53:43 WIB,nibrassy,"['selamat', 'hari', 'pelanggan', 'nasional']",
DOKzoy8ExHg,2025-09-05 03:58:13 WIB,sulkan996,"['salam', '``', 'air', 'kehidupan', 'kita', 'bersama', '``']",
DOKzoy8ExHg,2025-09-05 04:09:14 WIB,sulkan996,"['salam', 'kwalitas', '-', 'kwantitas', 'dan', 'kontinuitas']",
DOLgxmKk6zJ,2025-09-04 19:21:10 WIB,desyannisa09,"['masya', 'allah', 'aman', 'selalu', 'surabayaku']",
DOLgxmKk6zJ,2025-09-05 17:46:39 WIB,anotherniken_,"['kenapa', 'tagihan', 'bulan', 'ini', 'naiknya', 'gk', 'masuk', 'akal', 'yaa']",
DOLgxmKk6zJ,2025-09-06 12:59:23 WIB,anotherniken_,"['sudahh', 'say', 'kirim', 'terimakasih', 'atas', 'responnya']",
DONHtoHE3el,2025-09-05 13:24:34 WIB,amarrafiwi,['muesti'],
DONHtoHE3el,2025-09-05 13:24:43 WIB,amarrafiwi,"['air', 're', 'engga', 'keluar']",
DONHtoHE3el,2025-09-05 13:25:09 WIB,amarrafiwi,"['bayar', 'tambah', 'larang', 'banyu', 'ne', 'mesti', 'bermasalah']",
DOcf9owkwlG,2025-09-11 18:02:41 WIB,arisnem,"['tolong', 'kalau', 'perbaikan', 'yg', 'cepat', 'standar', 'nasional', 'indonesia', 'jangan', 'kalah', 'sama', 'helm', 'aja', 'harus', 'sni', 'di', 'awasi', 'yg', 'ketat', 'biar', 'bisa', 'cepat', 'kerjanya', 'makasih']",
DOcf9owkwlG,2025-09-11 20:28:53 WIB,amarrafiwi,"['siwalankerto', 'selatan', 'engga', 'nyala', 'airnga']",
DOcf9owkwlG,2025-09-11 20:29:02 WIB,amarrafiwi,"['mesti', 'pdam']",
DOcf9owkwlG,2025-09-12 08:48:50 WIB,hnfada354,"['assalamualaikum', 'min', 'mau', 'tanyamin', 'apa', 'ada', 'perbaikan', 'kah', 'daerah', 'karah', 'sekitarnya']",
DOXneA4E72S,2025-09-09 14:15:04 WIB,dodo_hd12,"['siang', 'mohon', 'info', 'apakah', 'ada', 'perbaikankebocoran', 'di', 'sekitara', 'upn', 'atau', 'merr', 'gununganyar', '?', '?']",
DOXneA4E72S,2025-09-09 15:49:18 WIB,dodo_hd12,"['oke', 'sudah', 'dm', 'ya']",
DOXneA4E72S,2025-09-09 23:15:16 WIB,miftachul_retna,"['air', 'pdam', 'di', 'area', 'jambangan', 'keruh', 'sekali', 'mulai', 'sore', 'hari', 'ini', 'sampai', 'malam']",
DOXneA4E72S,2025-09-10 00:47:53 WIB,elvano_satria_prabowo,['lws'],
DOXneA4E72S,2025-09-10 06:29:57 WIB,anggraini_rtl,"['air', 'di', 'daerah', 'simo', 'mati', 'tiap', 'pagi', 'jam', 'org', 'siap <num>', 'kerja', 'sama', 'sekolah', 'gara <num>', 'galian', 'box', 'culvert', 'tolong', 'dikondisikan', 'jgn', 'mengganggu', 'aktivitas']",
DN74cawE2s5,2025-09-01 05:47:13 WIB,senomardikanto,"['selamat', 'pagi', 'dilaporkan', 'air', 'pdam', 'diwilayah', 'kapasmadya', 'airnya', 'keluar', 'berwarna', 'hitam', 'dan', 'bau', 'terima', 'kasih']",
DN74cawE2s5,2025-09-06 04:58:47 WIB,heny_herlin_herdina,"['daerah', 'kedung', 'asem', 'juga', 'mati', 'airnya', 'dari', 'kmrn', 'min']",
DOGRhluE6co,2025-09-02 20:15:54 WIB,aneka.sarung,"['mohon', 'kpd', 'pdam', 'yth', 'saya', 'sdh', 'melakukan', 'pengaduan', 'sejak', 'hr', 'senin', 'tp', 'blm', 'ada', 'tanggapan', 'terkait', 'keluhan', 'saya']",
DOGRhluE6co,2025-09-02 20:17:36 WIB,aneka.sarung,"['sempat', 'ada', 'perbaikan', 'gorong <num>', 'bbrp', 'hari', 'yll', 'kemudian', 'air', 'dirumah', 'saya', 'jd', 'tdk', 'dpt', 'air', 'klo', 'pagi', 'bisanya', 'hanya', 'malam', 'itupun', 'tdk', 'seperti', 'biasanya', 'airnya', 'sangat', 'lambat', 'dan', 'sedikit', 'mohon', 'untuk', 'segera', 'di', 'tl', 'terimakasih']",
DOIfaZZk84J,2025-09-03 15:07:06 WIB,jamessnyoo,"['saya', 'kecewa', 'terhadap', 'saya', 'sudah', 'bayar', 'biaya', 'penggantian', 'stop', 'kran', 'sebesar', '<num>', 'ribu', 'rupiah', 'tapi', 'belum', 'ada', 'petugas', 'yg', 'datang', 'untuk', 'mengganti', 'sudah', 'lebih', 'dari', '<num>', 'hari', 'kerja', 'ada', 'petugas', 'yg', 'menghubungi', 'saya', 'tapi', 'terkesan', 'menunda <num>', 'dengan', 'byk', 'alasan', 'kalau', 'pagi', 'hari', 'panas', 'kalau', 'siang', 'sore', 'pekerjaan', 'di', 'tempat', 'lain', 'belum', 'selesai', 'mohon', 'perhatian', 'untuk', 'masalah', 'ini', 'dan', 'petugas', 'seperti', 'itu', 'mohon', 'ada', 'tindakan']",
DOIfaZZk84J,2025-09-03 15:12:03 WIB,jamessnyoo,"['sudah', 'sy', 'dm', 'mohon', 'dicek', 'kalau', 'bisa', 'mohon', 'petugasnya', 'diganti', 'saja', 'yg', 'mengerjakan', 'di', 'tempat', 'saya', 'yg', 'orangnya', 'niat', 'kerja']",
DOLLDovk1vW,2025-09-04 17:17:38 WIB,ridho_fikri1999,"['sore', 'mindi', 'daerah', 'bulak', 'kali', 'tinjang', 'sekarang', 'air', 'nya', 'mati', 'total']",
DOLLDovk1vW,2025-09-04 21:32:01 WIB,ridho_fikri1999,"['untuk', 'saat', 'ini', 'msih', 'blum', 'nyala', 'mintpi', 'untuk', 'perbantuan', 'air', 'tangki', 'gratis', 'sdh', 'admkasih']",
DODoiLIk6RT,2025-09-01 18:23:49 WIB,rieka_alesha,"['min', 'maspati', 'bubutan', 'ada', 'gangguan', 'kah', '?']",
DODoiLIk6RT,2025-09-01 20:21:29 WIB,dianaaappppp,"['dikos', 'ku', 'manukan', 'kok', 'mati', 'ya']",
DODoiLIk6RT,2025-09-02 10:52:03 WIB,maisyamaulidaznf,"['halo', 'ka', 'ini', 'di', 'siwalankerto', 'apakah', 'ada', 'gangguan', 'lagi', '?', 'dari', 'pagi', 'air', 'mati']",
DODoiLIk6RT,2025-09-02 13:02:04 WIB,putripurnamas,"['halo', 'kak', 'saya', 'sudah', 'beberapa', 'kali', 'menghubungi', 'via', 'wa', 'dan', 'telepon', 'tentang', 'meteran', 'saya', 'yg', 'dicabut', 'sementara', 'untuk', 'pemasangan', 'meterannya', 'kapan', 'ya', '?', 'saya', 'sudah', 'lunasi', 'semua', 'dan', 'kmrn', 'teknisi', 'dri', 'pihak', 'pdam', 'kerumah', 'dan', 'blg', 'kemungkinan', 'ada', 'bocor', 'saya', 'pgn', 'tau', 'kebocorannya', 'dimana', 'krn', 'sering', 'sekali', 'bayar', 'tagihan', 'sampai', 'jutaan', 'padahal', 'rumah', 'itu', 'tidak', 'berpenghuni']",
DODoiLIk6RT,2025-09-02 14:50:15 WIB,ibunadia_,"['kak', 'saya', 'sudah', 'ajukan', 'laporan', 'pengaduan', 'tp', 'kok', 'sampai', 'sekarang', 'belum', 'dinsurvey', 'ya', 'sudah', '<num>', 'mingguan']",
DOC_tx6k92l,2025-09-01 13:15:01 WIB,vthree_fashion,"['trima', 'kasih', 'infox', 'min']",
DOC_tx6k92l,2025-09-01 15:11:13 WIB,paparafa99,"['setro', 'termasuk', 'kah', '?']",
DOC_tx6k92l,2025-09-01 21:20:58 WIB,deponds_maxx,"['tidak', 'gimanaini', 'air', 'nya', 'tidak', 'keluar', 'setro', 'baru', 'utara', 'gang', 'x']",
DOC_tx6k92l,2025-09-01 23:23:39 WIB,naji_tukang_ac,"['sampai', 'sekarang', 'daerah', 'bulak', 'tidak', 'keluar', 'air']",
DOC_tx6k92l,2025-09-01 23:24:45 WIB,naji_tukang_ac,"['terutama', 'di', 'daerah', 'bogorami', 'makam', 'sampai', 'sekarang', 'air', 'belom', 'keluar']",
DOC_tx6k92l,2025-09-01 23:27:08 WIB,wilsteeveee,"['setro', 'juga', 'tidak', 'keluar', 'airnya', 'min', 'mohon', 'segara', 'di', 'info', 'ya', 'kalau', 'perbaikan', 'sudah', 'di', 'selesai', 'karna', 'tidak', 'ada', 'air', 'sama', 'sekali']",
DOC_tx6k92l,2025-09-01 23:46:43 WIB,laelyy20,"['gading', 'karya', 'juga', 'ga', 'kluar', 'air', 'nya']",
DOC_tx6k92l,2025-09-02 04:37:28 WIB,memi1648,"['sampai', 'sekarang', 'belum', 'keluar', 'airnya']",
DOC_tx6k92l,2025-09-02 17:21:27 WIB,julielie01,"['iya', 'daerah', 'dukuh', 'setro', 'belum', 'keluar', 'airnya']",
DOC_tx6k92l,2025-09-02 17:50:01 WIB,julielie01,"['baikmakasih', 'infonyasaya', 'tunggu', 'jam', '<num>', 'malam', 'nanti']",
DOC_tx6k92l,2025-09-04 16:32:09 WIB,leirawidya87,"['kenapa', 'matinya', 'baru', 'siang', 'tadi', 'tak', 'pikir', 'gk', 'jadi', 'mati', 'air', 'pdam', 'nya']",
DOGDjVNk-Fl,2025-09-02 16:23:10 WIB,desyannisa09,"['masya', 'allah', 'sukses', 'selalu']",
DOGDjVNk-Fl,2025-09-02 16:47:26 WIB,papowbaby,"['halo', 'saya', 'ada', 'keluhan', 'belum', 'dijawab', 'terkait', 'meteran', 'tgh', 'an']",
DOGDjVNk-Fl,2025-09-02 18:48:33 WIB,nrkumalakn___,['keren'],
DOFkCunk90R,2025-09-02 12:18:53 WIB,widyarigga,"['gws', 'surabayaku']",
DOFkCunk90R,2025-09-02 12:58:56 WIB,kharistiano28,"['s-nya', 'bisa', 'juga', 'selamat', 'tinggal', 'dan', 'sampai', 'juga', 'dilain', 'kesempatan', 'min', '...', 'selamat', 'tinggal', 'aksi', 'anarkis', 'dan', 'pengrusakan', 'mari', 'kita', 'bersama', 'bangun', 'kembali', 'surabaya', 'dan', 'indonesia']",
DOFkCunk90R,2025-09-02 13:09:57 WIB,sheiraekaa,"['lekas', 'membaik', 'surabaya']",
DNiAewqTKaL,2025-09-09 12:36:00 WIB,nekomamushiko,"['baik', 'kak', 'sudah']",
DNiAewqTKaL,2025-09-09 15:18:44 WIB,ayahhamdanyuwafi,"['aplikasi', 'customer', 'information', 'system', 'cis', 'pdam', 'surya', 'sembada', 'kota', 'surabaya', 'dirancang', 'untuk', 'memudahkan', 'pelanggan', 'dengan', 'menyediakan', 'berbagai', 'layanan', 'dalam', 'satu', 'platform', 'digital', 'berikut', 'adalah', 'beberapa', 'alasan', 'mengapa', 'menggunakan', 'aplikasi', 'ini', 'lebih', 'mudah', '<num>', 'semua', 'layanan', 'dalam', 'satu', 'genggaman', 'informasi', 'lengkap', 'anda', 'bisa', 'mengecek', 'informasi', 'tagihan', 'riwayat', 'pemakaian', 'air', 'dan', 'grafik', 'penggunaan', 'air', 'per', 'bulan', 'atau', 'per', 'tahun', 'secara', 'mandiri', 'pembayaran', 'mudah', 'aplikasi', 'ini', 'terintegrasi', 'dengan', 'portal', 'pembayaran', 'non-tunai', 'sehingga', 'anda', 'dapat', 'membayar', 'tagihan', 'air', 'melalui', 'virtual', 'account', 'berbagai', 'bank', 'atau', 'menggunakan', 'qris', 'anda', 'tidak', 'perlu', 'lagi', 'datang', 'ke', 'loket', 'pembayaran', 'atau', 'mengantri', 'catat', 'meter', 'mandiri', 'anda', 'dapat', 'melakukan', 'pencatatan', 'meter', 'air', 'sendiri', 'dengan', 'mengunggah', 'foto', 'meteran', 'dan', 'memasukkan', 'angkanya', 'melalui', 'aplikasi', 'hal', 'ini', 'membuat', 'proses', 'lebih', 'transparan', 'dan', 'efisien', 'tanpa', 'harus', 'menunggu', 'petugas', 'pesan', 'layanan', 'anda', 'dapat', 'memesan', 'layanan', 'seperti', 'tangki', 'air', 'atau', 'peralatan', 'air', 'melalui', 'aplikasi', '<num>', 'akses', 'yang', 'fleksibel', 'aplikasi', 'ini', 'ditujukan', 'untuk', 'pelanggan', 'dengan', 'mobilitas', 'tinggi', 'yang', 'jarang', 'berada', 'di', 'rumah', 'anda', 'dapat', 'mengakses', 'semua', 'layanan', 'pdam', 'kapan', 'saja', 'dan', 'di', 'mana', 'saja', 'cukup', 'melalui', 'ponsel', 'pintar', 'anda', '<num>', 'informasi', 'real-time', 'anda', 'akan', 'menerima', 'notifikasi', 'langsung', 'mengenai', 'jadwal', 'pencatatan', 'meter', 'informasi', 'gangguan', 'distribusi', 'air', 'atau', 'berita', 'terbaru', 'dari', 'pdam', 'surya', 'sembada', 'ini', 'memungkinkan', 'anda', 'untuk', 'selalu', 'mendapatkan', 'informasi', 'secara', 'real-time', 'dan', 'tidak', 'ketinggalan', '<num>', 'pelaporan', 'dan', 'pengaduan', 'yang', 'cepat', 'anda', 'bisa', 'melaporkan', 'keluhan', 'seperti', 'gangguan', 'pasokan', 'air', 'atau', 'kebocoran', 'pipa', 'langsung', 'melalui', 'aplikasi', 'laporan', 'bisa', 'dilengkapi', 'dengan', 'foto', 'dan', 'lokasi', 'pdam', 'surya', 'sembada', 'menunjukkan', 'respons', 'yang', 'lebih', 'cepat', 'terhadap', 'keluhan', 'yang', 'masuk', 'melalui', 'aplikasi', 'bahkan', 'kadang', 'memberikan', 'layanan', 'pengiriman', 'air', 'gratis', 'jika', 'air', 'tidak', 'mengalir', 'secara', 'keseluruhan', 'aplikasi', 'cis', 'pdam', 'surya', 'sembada', 'menjadikan', 'pelayanan', 'pdam', 'menjadi', 'lebih', 'modern', 'transparan', 'dan', 'responsif', 'semua', 'kebutuhan', 'terkait', 'layanan', 'air', 'bersih', 'dapat', 'diakses', 'dengan', 'mudahdari', 'satu', 'aplikasi', 'yuk', 'ikutan', 'giveaway', 'gaes']",
DNiAewqTKaL,2025-09-09 15:24:43 WIB,ratnakusumayudha,"['sejak', 'menggunakan', 'aplikasi', 'cis', 'urusan', 'pdam', 'jadi', 'lebih', 'mudah', 'bisa', 'catat', 'meter', 'mandiri', 'cek', 'tagihan', 'dan', 'bisa', 'lapor', 'gangguan', 'air', 'dengan', 'cepat', 'jadi', 'kapan', 'kamu', 'mau', 'download', 'cis', 'juga', 'sekalian', 'ikutan', 'giveaway', 'ya']",
DNiAewqTKaL,2025-09-10 13:56:22 WIB,zicoharmadi,"['dgn', 'adanya', 'cis', 'sy', 'sangat', 'terbantu', 'makin', 'mudah', 'serta', 'cepat', 'mengetahui', 'hal <num>', 'tentang', 'pdam', 'surya', 'sembada', 'srperti', 'pencatatan', 'meter', 'tagihan', 'dll']",
DNiAewqTKaL,2025-09-10 17:46:52 WIB,khoiruniissaa,"['bismillah', 'semoga', 'rezeki', 'mbaa']",
DNiAewqTKaL,2025-09-11 09:55:39 WIB,shutterul,"['dulu', 'ribet', 'cek', 'tagihan', 'antri', 'bayar', 'sekarang', 'tinggal', 'buka', 'aplikasi', 'cis', 'semua', 'beres', 'bukan', 'hanya', 'itu', 'saja', 'di', 'cis', 'juga', 'kita', 'bisa', 'mendapatkan', 'informasi', 'tentang', 'gangguan', 'air', 'dan', 'juga', 'bisa', 'pasang', 'baru', 'buat', 'kalian', 'yang', 'belum', 'pasang', 'air', 'pdam', 'serta', 'ada', 'layanan', 'pengaduan', 'nih', 'kalau', 'saya', 'sudah', 'nikmati', 'kemudahannya', 'giliran', 'kamu', 'sekarang', 'download', 'cis', 'dan', 'bikin', 'hidup', 'lebih', 'praktis', 'satu', 'aplikasi', 'untuk', 'semua', 'kebutuhan', 'airmu', 'cepat', 'mudah', 'transparan', 'dan', 'tanpa', 'ribet', 'jangan', 'lupa', 'difollow', 'juga', 'ig', 'nya', 'agar', 'tidak', 'ketinggalan', 'informasi', 'nya', 'cisjosjis']",
DNiAewqTKaL,2025-09-11 09:59:17 WIB,shutterul,['bismillah'],
DNiAewqTKaL,2025-09-11 10:00:55 WIB,muhammad_arrul95,"['bismillah', 'semoga', 'beruntung', 'dan', 'rezekimu', 'brother']",
DNiAewqTKaL,2025-09-11 10:01:16 WIB,shutterul,['aamiin'],
DNiAewqTKaL,2025-09-19 23:25:20 WIB,nlfiy_andrean,"['ini', 'dia', 'alasan', 'mengapa', 'saya', 'senang', 'menggunakan', 'aplikasi', 'cis', 'untuk', 'pembayaran', 'tagihan', 'air', 'pdam', '<num>', 'kemudahan', 'akses', 'aplikasi', 'cis', 'dapat', 'membantu', 'saya', 'melakukan', 'pembayaran', 'tagihan', 'air', 'pdam', 'dengan', 'mudah', 'dan', 'cepat', 'hanya', 'melalui', 'smartphone', '<num>', 'praktis', 'dan', 'efisien', 'tidak', 'perlu', 'lagi', 'mengantri', 'atau', 'pergi', 'ke', 'kantor', 'pdam', 'anda', 'bisa', 'melakukan', 'pembayaran', 'kapan', 'saja', 'dan', 'di', 'mana', 'saja', '<num>', 'transaksi', 'yang', 'cepat', 'pembayaran', 'tagihan', 'air', 'pdam', 'dapat', 'dilakukan', 'dengan', 'cepat', 'dan', 'langsung', 'terkonfirmasi', '<num>', 'riwayat', 'pembayaran', 'aplikasi', 'cis', 'ini', 'dapat', 'menyimpan', 'riwayat', 'pembayaran', 'sehingga', 'kita', 'bisa', 'memantau', 'tagihan', 'dan', 'pembayaran', 'sebelumnya', '<num>', 'notifikasi', 'tagihan', 'aplikasi', 'cis', 'mungkin', 'juga', 'mengirimkan', 'notifikasi', 'ketika', 'tagihan', 'air', 'pdam', 'kita', 'jatuh', 'tempo', 'sehingga', 'kita', 'tidak', 'akan', 'melewatkan', 'pembayaran', '<num>', 'aman', 'dan', 'terpercaya', 'aplikasi', 'cis', 'dirancang', 'untuk', 'melakukan', 'transaksi', 'secara', 'aman', 'dan', 'terpercaya', 'sehingga', 'kita', 'tidak', 'perlu', 'khawatir', 'tentang', 'keamanan', 'data', 'dan', 'transaksi', 'dengan', 'menggunakan', 'aplikasi', 'cis', 'kita', 'dapat', 'menghemat', 'waktu', 'dan', 'tenaga', 'dalam', 'melakukan', 'pembayaran', 'tagihan', 'air', 'pdam', 'serta', 'memiliki', 'kontrol', 'yang', 'lebih', 'baik', 'atas', 'keuangan']",
DNiAewqTKaL,2025-09-20 07:30:55 WIB,faalove5,"['alasan', 'ku', 'mendownload', 'dan', 'menggunakan', 'aplikasi', 'cis', 'pdam', 'surya', 'sembada', 'surabaya', 'karena', 'bermanfaat', 'untuk', 'mempermudah', 'pelanggan', 'dalam', 'mengelola', 'kebutuhan', 'air', 'pdam', 'mereka', 'seperti', 'melakukan', 'pencatatan', 'meter', 'mandiri', 'mengajukan', 'pengaduan', 'dan', 'pemasangan', 'baru', 'melihat', 'dan', 'membayar', 'tagihan', 'air', 'serta', 'mendapatkan', 'informasi', 'penting', 'melalui', 'fitur', 'notifikasi', 'dan', 'grafik', 'pemakaian', 'yuk', 'ikutan']",
DNiAewqTKaL,2025-09-20 19:29:27 WIB,kang_jimmy.almuniri,"['kenapa', 'aku', 'pilih', 'aplikasi', 'cis', '?', 'karena', 'aku', 'tipe', 'gen', 'z', 'yang', 'nggak', 'suka', 'ribet', 'cis', 'itu', 'udah', 'kayak', 'sahabat', 'digital—semua', 'urusan', 'air', 'bisa', 'beres', 'cuma', 'lewat', 'hp', 'cek', 'tagihan', 'bayar', 'sampe', 'lapor', 'keluhan', 'simple', 'transparan', 'modern', 'salut', 'buat', 'yang', 'udah', 'bikin', 'layanan', 'publik', 'se-smart', 'aplikasi', 'startup', 'ini', 'bukti', 'kalau', 'pelayanan', 'air', 'pun', 'bisa', 'upgrade', 'level', 'nggak', 'ketinggalan', 'zaman', 'respect', 'banget', 'dan', 'sekarang', '...', 'aku', 'tag', 'tim', 'lari', 'terbaikku', '\u200d\u200d', 'semoga', 'energi', 'kita', 'nyalur', 'kayak', 'aliran', 'air', 'cis', 'deras', 'lancar', 'dan', 'bawa', 'kita', 'finish', 'bareng', 'dengan', 'kemenangan', 'let', '’', 's', 'goooo', 'kita', 'harus', 'jadi', 'juara', 'di', 'soerabaja', '<num> k', 'makinpraktisdengancis', 'soerabaja <num> k', 'sobatair', 'larisurabaya', 'merdekaurusanair', 'perumdaairminumsuryasembada', 'eventlari', 'running', 'surabaya', 'beritapdamsby']",
DNiAewqTKaL,2025-09-22 09:02:30 WIB,suebhabibi,"['diumumin', 'kpn', 'ini', 'min', '?']",
DNCqkH_vDk-,2025-09-20 15:07:23 WIB,duren.duren.1291421,"['berarti', 'gubernur', 'jatim', 'dan', 'bupati', 'sidoarjo', 'tidak', 'punya', 'rencana', 'buat', 'under', 'pas', 'di', 'bundaran', 'waru', 'padahal', 'disitu', 'pusatnya', 'kemacetan', 'yang', 'luar', 'biasa']",
DM64k7zvkpa,2025-09-27 16:53:34 WIB,altasya_cake,"['kak', 'rainbowslide', 'nya', 'bayar', 'brp']",
DOswWnIk8iS,2025-09-18 06:01:47 WIB,nvtatwn_,"['min', 'izin', 'bertanya', 'wilayah', 'sidosermo', 'kenapa', 'ya', 'airnya', 'pagi', 'ini', 'mengecil', '?', 'terima', 'kasih']",
DOswWnIk8iS,2025-09-18 06:22:24 WIB,soetomoandriana,"['air', 'nya', 'nyala', 'jam', 'berapa', 'lagi', 'ya', 'kak', 'karena', 'di', 'tempat', 'saya', 'hari', 'ini', 'kamis', 'sudah', 'mati']",
DOswWnIk8iS,2025-09-18 06:28:32 WIB,atia.turochmah,"['ini', 'msih', 'mati', 'apa', 'gmn', 'kok', 'wilayah', 'saya', 'ga', 'keluar', 'air', 'sidosermo']",
DOswWnIk8iS,2025-09-18 06:53:05 WIB,buntelan77_,"['karang', 'rejo', 'wonokromo', 'gak', 'bisa', 'ngalir', 'ke', 'kamar', 'mandi', 'ada', 'apa', 'ya', '?']",
DOswWnIk8iS,2025-09-18 07:34:55 WIB,edwynpras97,"['melaporkan', 'aliran', 'air', 'tidak', 'menyala', 'sejak', 'jam', '<num>', 'shubuh', 'tadi', 'di', 'wilayah', 'gubeng', 'kertajaya', '<num> f', 'kelurahan', 'airlangga', 'saya', 'rasa', 'pihak', 'pdam', 'ini', 'tidak', 'memberikan', 'informasi', 'sebelumnya', 'ya', 'kepada', 'konsumen', 'jika', 'ada', 'jadwal', 'pemadaman', 'air', 'hari', 'ini', 'di', 'wilayah', 'tersebut', 'sangat', 'sangat', 'kecewa', 'karena', 'waktu', 'pagi', 'yang', 'seharusnya', 'beraktivitas', 'dengan', 'membutuhkan', 'air', 'untuk', 'mencuci', 'memasak', 'dan', 'membersihkan', 'rumah', 'aliran', 'air', 'padam', 'kecewa', 'besok', ""''"", 'lain', 'kali', 'kalau', 'ada', 'jadwal', 'pemadaman', 'aliran', 'air', 'diberitahukan', 'sebelumnya', 'jangan', 'mendadak', 'seperti', 'ini', 'sangat', 'merugikan']",
DOswWnIk8iS,2025-09-18 08:02:59 WIB,edwynpras97,"['halo', 'aliran', 'air', 'di', 'wilayah', 'gubeng', 'kertajaya', '<num> f', 'kelurahan', 'airlangga', 'tidak', 'menyala', 'sejak', 'jam', '<num>', 'shubuh', 'tadi', 'waktu', 'pagi', 'harusnya', 'beraktivitas', 'dengan', 'menggunakan', 'air', 'malah', 'aliran', 'air', 'padam', 'ini', 'sangat', 'merugikan', 'sehingga', 'saya', 'rasa', 'sekelas', 'kota', 'surabaya', 'aliran', 'air', 'seperti', 'di', 'daerah', 'padang', 'gersang', 'mohon', 'untuk', 'di', 'cek', 'di', 'lapangan', 'apa', 'penyebabnya', 'ditambah', 'hari', ""''"", 'sebelumnya', 'aliran', 'air', 'mengecil', 'dan', 'hampir', 'tidak', 'menyala', 'eh', 'sekarang', 'malah', 'padam', 'total', 'kok', 'merugikan', 'sekali', 'ya']",
DOswWnIk8iS,2025-09-18 08:03:16 WIB,laililainun,"['daerah', 'gebang', 'apa', 'ada', 'perbaikan', 'krn', 'berapa', 'hari', 'air', 'tdk', 'keluar', 'keluar', 'hanya', 'dimalam', 'hari', 'saja', 'itupun', 'diatas', 'jam', '<num>', 'malam', 'waktunya', 'istirahat', 'tolong', 'konfirmasi', 'kak']",
DOswWnIk8iS,2025-09-18 09:24:29 WIB,dheaarr,"['aliran', 'air', 'di', 'menanggal', 'mati', 'kak', 'ada', 'apa', 'kah', '?']",
DOswWnIk8iS,2025-09-18 09:58:56 WIB,laililainun,"['sy', 'dm', 'ya', 'kak']",
DOswWnIk8iS,2025-09-18 10:01:56 WIB,laililainun,"['sudah', 'sy', 'dm', 'kak']",
DOswWnIk8iS,2025-09-18 10:12:36 WIB,soetomoandriana,"['bendul', 'merisi', 'kak']",
DOswWnIk8iS,2025-09-18 10:13:18 WIB,soetomoandriana,"['di', 'bendul', 'merisi', 'kak']",
DOswWnIk8iS,2025-09-18 10:19:56 WIB,sheilamatsiang,"['rumah', 'saya', 'di', 'gayungsari', 'sudah', '<num>', 'hari', 'air', 'mati', 'padahal', 'tetangga', 'sudah', 'menyala', 'dari', 'kemarin', 'siang', 'ini', 'ada', 'yg', 'tidak', 'beres', 'dirumah', 'tapi', 'saya', 'membuat', 'pengaduan', 'tidak', 'ada', 'respon', 'dan', 'tidak', 'ada', 'petugas', 'yg', 'datang', 'untuk', 'mengecek', 'tolong', 'respon', 'dm', 'saya']",
DOswWnIk8iS,2025-09-18 10:56:11 WIB,triambar_26,"['sidosermo', 'koo', 'mati', 'min']",
DOswWnIk8iS,2025-09-18 11:27:22 WIB,edwynpras97,"['bukan', 'masalah', 'data', 'pelanggan', 'aliran', 'air', 'ini', 'terganggu', 'karena', 'apa', '?', '?', 'kalau', 'terganggu', 'karena', 'pengerjaan', 'box', 'culvert', 'di', 'manyar', 'kertoarjo', 'yg', 'memang', 'salurannya', 'menganggu', 'aliran', 'air', 'saya', 'harusnya', 'pengerjaan', 'box', 'culvert', 'itu', 'yg', 'harus', 'segera', 'diselesaikan', 'karena', 'anda', 'posting', 'hari', 'selasa', 'kemaren', 'katanya', 'aliran', 'air', 'terganggu', 'karena', 'pengerjaan', 'box', 'culvert', 'seharusnya', 'anda', 'meminta', 'kepada', 'pihak', 'pemkot', 'untuk', 'segera', 'menyelesaikan', 'pengerjaan', 'tersebut', 'supaya', 'tidak', 'merugikan', 'pihak', 'lain', 'ok', 'kalau', 'anda', 'meminta', 'untuk', 'dm', 'data', 'pelanggan', 'tolong', 'buka', 'dan', 'baca', 'dm', 'saya', 'karena', 'sangat', 'penting']",
DOswWnIk8iS,2025-09-18 12:58:18 WIB,triambar_26,"['dipostingan', 'story', 'instagram', 'sudah', 'selesai', 'pengerjaan', 'yg', 'dijagir', 'kok', 'smp', 'saat', 'ini', 'air', 'masih', 'mati', 'min', '?', '?', '?', 'butuh', 'air', 'ni', 'min']",
DOswWnIk8iS,2025-09-18 12:58:55 WIB,triambar_26,"['sudah', 'jam', 'sgini', 'blom', 'bisa', 'ngalir', 'ketandon', 'juga', 'nih', 'min']",
DOswWnIk8iS,2025-09-18 13:53:20 WIB,triambar_26,"['masih', 'blm', 'kluar', 'kecil', 'ga', 'kayak', 'biasanya']",
DOswWnIk8iS,2025-09-18 13:54:09 WIB,triambar_26,"['sudah', 'saya', 'dm']",
DOswWnIk8iS,2025-09-18 14:14:09 WIB,edwynpras97,"['tahun', 'lalu', 'pengerjaan', 'box', 'culvert', 'di', 'gubeng', 'kertajaya', '<num>', 'raya', 'sekarang', 'di', 'manyar', 'kertoarjo', 'kok', 'gak', 'sekalian', 'sih', 'tahun', 'lalu', 'aliran', 'air', 'dirumah', 'saya', 'itu', 'sudah', 'tidak', 'menyala', 'mulai', 'jam', '<num>', 'shubuh-jam', 'setengah', '<num>', 'siang', 'baru', 'menyala', 'lah', 'gimana', 'ini', 'merugikan', 'konsumen', 'dong', 'klo', 'seperti', 'ini', 'harusnya', 'petugas', 'lapangan', 'pdam', 'memantau', 'pengerjaan', 'box', 'culvert', 'juga', 'supaya', 'tidak', 'mengganggu', 'aliran', 'pipa', 'air', 'pdam']",
DOswWnIk8iS,2025-09-18 14:29:39 WIB,danangadi545,"['min', 'izin', 'melapor', 'wilayah', 'karah', 'dijam-jam', 'tertentu', 'setiap', 'hari', 'air', 'tidak', 'menyala']",
DOswWnIk8iS,2025-09-18 17:53:29 WIB,triambar_26,"['sudaaaah', 'menyalaaaaa', 'min']",
DOswWnIk8iS,2025-09-19 08:27:21 WIB,sheilamatsiang,"['tolong', 'benahi', 'pelayanan', 'kalian', 'saya', 'sudah', 'capek', 'buat', 'aduan', '<num>', 'hari', 'lalu', 'mungkin', 'sudah', '<num> x', 'telfon', 'cs', 'ya', 'dan', 'baru', 'ditindaklanjuti', 'pagi', 'ini', 'oleh', 'petugas', 'kalian', 'yg', 'terjadi', 'adalah', 'petugas', 'malah', 'tidak', 'ramah', 'karena', 'datang', 'kerumah', 'saat', 'dalam', 'keadaan', 'air', 'nyala', 'yg', 'saya', 'adukan', 'adalah', 'air', 'rumah', 'saya', 'selalu', 'nyala', 'lebih', 'telat', 'dari', 'tetangga <num>', 'ketika', 'tetangga', 'sudah', 'nyala', 'rumah', 'saya', 'baru', 'h <num>', 'maka', 'dari', 'itu', 'saya', 'minta', 'pengecekan', 'lebih', 'lanjut', 'oleh', 'petugas', 'eh', 'pagi <num>', 'malah', 'disambut', 'tidak', 'ramah', 'padahal', 'ini', 'salah', 'dari', 'tim', 'kalian', 'yg', 'menanggapi', 'pengaduan', 'telat', 'saya', 'sudah', 'menghubungi', 'kemarin', 'siang', 'ketika', 'air', 'mati', 'malah', 'ditindaklanjuti', 'pagi', 'ini', 'dan', 'saya', 'dibuat', 'seolah <num>', 'salah', 'kecewa', 'berat']",
DNmaWdzPgxk,2025-09-02 16:24:40 WIB,ibunadia_,"['suddah', 'mohon', 'segera', 'di', 'proses', 'ya', 'kak']",
DNmaWdzPgxk,2025-09-02 16:25:27 WIB,ibunadia_,"['dintunggu', 'balasan', 'dm', 'nya']",
DNmaWdzPgxk,2025-09-04 12:37:16 WIB,shena_thanea,"['kak', 'mau', 'tanya', 'kalo', 'pemasangan', 'baru', 'untuk', 'surat', 'tanah', 'apa', 'harus', 'atas', 'nama', 'yg', 'pengajuan']",
DNmaWdzPgxk,2025-09-08 09:41:35 WIB,rachmawati.rizky,"['kami', 'pasang', 'baru', 'daya', 'listriknya', '<num> w', 'tp', 'dikenakan', 'biaya', '<num>']",
DNmaWdzPgxk,2025-09-08 14:47:12 WIB,rachmawati.rizky,['sudah'],
DNmaWdzPgxk,2025-09-08 17:09:55 WIB,hj.emmynur,"['bagaimana', 'cara', 'melihat', 'id', 'pelanggan']",
DNmaWdzPgxk,2025-09-09 14:25:51 WIB,jamessnyoo,"['halo', 'saya', 'ada', 'kirim', 'dm', 'krn', 'air', 'mati', 'mohon', 'dm', 'sy', 'bisa', 'dibaca', 'dan', 'ditindaklanjuti', 'tks']",
DNmaWdzPgxk,2025-09-10 13:12:15 WIB,nailulritsa,['halo'],
DNmaWdzPgxk,2025-09-11 13:07:01 WIB,haloaggre,"['maaf', 'sebelumnya', 'ini', 'suami', 'saya', 'uda', 'daftar', 'dari', 'seminggu', 'yang', 'lalu', 'langsung', 'di', 'kantor', 'pdam', 'tapi', 'ini', 'knpa', 'sampe', 'skrang', 'blm', 'ada', 'survey', 'sama', 'skali', 'no', 'pelanggan', 'pun', 'katanya', 'dikirim', 'lewat', 'wa', 'tapi', 'sampe', 'skrang', 'gak', 'dikirim', '”']",
DNmaWdzPgxk,2025-09-11 14:12:18 WIB,riendha_06,"['apa', 'bener', 'biaya', 'pemasangan', 'baru', '<num>']",
DNmaWdzPgxk,2025-09-14 14:10:20 WIB,lizjelita,"['untuk', '<num>', 'nama', 'pemilik', 'tanah', 'sudah', 'ada', 'pdam', 'mau', 'tambah', '<num>', 'meteran', 'pdam', 'lagi', 'apa', 'bisa', 'ya', 'min', '?']",
DNmaWdzPgxk,2025-09-14 14:42:07 WIB,ira.ikromina,"['ini', 'berlaku', 'untuk', 'kabupaten', 'sidoarjo', 'kah', 'kak', '?']",
DNmaWdzPgxk,2025-09-14 16:44:13 WIB,megrmdhn_,"['untuk', 'biaya', 'langsung', 'bayar', 'waktu', 'pengajuan', 'apa', 'waktu', 'sudah', 'survey', 'min']",
DNmaWdzPgxk,2025-09-14 21:52:38 WIB,megrmdhn_,"['kak', 'jam', 'operasional', 'hr', 'sabtu', 'jam', 'brpa', '?', 'buka', 'apa', 'ttup', '?']",
DNmaWdzPgxk,2025-09-17 11:21:31 WIB,lailiyah9343,"['apa', 'ada', 'kenaikan', 'tarif', 'ya', 'kok', '<num> bln', 'ini', 'tagihanx', '<num> x', 'lipat']",
DNmaWdzPgxk,2025-09-18 04:15:15 WIB,ariesugara84,"['air', 'daerah', 'jagir', 'kapan', 'nyala', 'min']",
DNmaWdzPgxk,2025-09-18 04:15:53 WIB,ariesugara84,"['mulai', 'jam', '<num>', 'lho', 'min']",
DNmaWdzPgxk,2025-09-18 08:11:20 WIB,gndlliar,"['bayar', 'gatau', 'telat', 'tapi', 'sek', 'macet', 'air', 'e', 'ojok', 'kakean', 'korupsi', 'cek', 'ga', 'bengong', 'bos']",
DNmaWdzPgxk,2025-09-18 11:11:27 WIB,mesya_chua_mymy,"['pasang', 'baru', 'proses', 'brp', 'lama', 'y']",
DNmaWdzPgxk,2025-09-18 19:24:00 WIB,ssofiatssha_,"['udah', 'wa', 'tp', 'ngga', 'ada', 'konfirmasi', 'tahap', 'selanjutnya']",
DNmaWdzPgxk,2025-09-18 21:55:07 WIB,agung.setiawnn,"['minnnnnnnnnnn', 'daerah', 'wonokromo', 'lapooooo', 'kokkkk', 'banyumuuu', 'kok', 'metueeeeeeeee', 'cek', 'iprit', 'ipritttt', 'minnn']",
DNmaWdzPgxk,2025-09-19 17:58:19 WIB,dae_bahar,['s'],
DNmaWdzPgxk,2025-09-23 07:33:22 WIB,anismuch,"['<num> bln', 'initagihan', 'pdam', 'meningkat', 'tiba <num>', 'kategori', 'berubah', 'tanpa', 'konfirmasi', 'pemilik', 'rumah', '<num>', 'pengaduan', 'tp', 'tidak', 'ada', 'tindak', 'lanjut']",
DNmaWdzPgxk,2025-09-23 09:49:20 WIB,arissulistyorini4,"['maaf', 'kak', 'saya', 'sdh', 'daftar', 'pasang', 'barukok', 'belum', 'ada', 'tanggapan', 'ya']",
DNmaWdzPgxk,2025-09-23 09:49:58 WIB,arissulistyorini4,"['cuman', 'diwasedang', 'diproses', 'tap', 'tidak', 'ada', 'kelanjutannya', 'lagi']",
DNmaWdzPgxk,2025-09-26 23:21:01 WIB,aghisnaarsiqum_,"['min', 'saya', 'sudah', 'laporan', 'pengaduan', 'kok', 'belum', 'di', 'survey', '”', 'ya', 'untuk', 'pasang', 'baru', '?']",
DNmaWdzPgxk,2025-09-29 08:09:24 WIB,sifeb_,"['min', 'mau', 'tanya', 'saya', 'sudah', 'daftar', 'dr', 'tgl', '<num> september', 'tapi', 'di', 'progres', 'masih', 'antri', 'di', 'survey', 'kalo', 'belum', 'di', 'survey', 'sampai', 'akhir', 'bulan', 'ini', 'masih', 'dapet', 'promo', 'nya', 'ngga', '?']",
DNmaWdzPgxk,2025-09-29 11:42:51 WIB,alicee.veronaaa,"['saya', 'ada', 'daftar', 'dr', 'tgl', '<num>', 'sept', 'smp', 'skrg', 'blm', 'dpt', 'nomer', 'daftar', 'lewat', 'cis', 'tlp', 'di', 'cs', 'sdh', '<num> x', 'ke', 'kantor', 'lgs', 'sdh', '<num> x', 'tp', 'mah', 'blm', 'beres', 'juga', 'smp', 'skrg', 'apa', 'mgkn', 'br', 'di', 'gerak', 'cepat', 'stlh', 'promo', 'hbs', 'sehingga', 'kita', 'bayar', 'biaya', 'normal', '?']",
DNmaWdzPgxk,2025-09-01 08:42:31 WIB,arisnem,"['maaf', 'mau', 'nanya', 'berapa', 'sih', 'tepatnya', 'besarnya', 'sangsi', 'denda', 'keterlambatan', 'kenapa', 'di', 'rumah', 'saya', 'dendamya', 'besar', 'sekali', 'yg', 'bulan', 'lalu', 'bayar', '<num>', 'rb', 'denda', 'skitar', '<num>', 'rb', 'bulan', 'ini', 'bayar', 'skitar', '<num>', 'an', 'rb', 'denda', '<num>', 'rb', 'mohon', 'penjelasan', 'mengenai', 'besaran', 'denda', 'leterlambatan', 'makasih']",
DNmaWdzPgxk,2025-09-01 17:51:25 WIB,rapuhnzaa,"['halo', 'apakah', 'ada', 'kenaikan', 'harga', 'ya', 'bulan', 'kemarin', 'pemakaian', '<num> m <num>', 'tagihannya', 'cuma', '<num> rb', 'bulan', 'ini', 'pemakian', '<num> m <num>', 'kenapa', 'tagihannya', 'sampai', '<num> rb', '?', 'mohon', 'informasinya']",
DNmaWdzPgxk,2025-09-01 18:25:46 WIB,haloaggre,"['kak', 'ini', 'promo', 'pemasangan', 'baru', 'kah', '?']",
DNmaWdzPgxk,2025-09-01 19:25:32 WIB,haloaggre,"['kak', 'apa', 'ini', 'untuk', 'pemasangan', 'baru', '?']",
DNmaWdzPgxk,2025-09-01 20:21:12 WIB,kakrikaberkisah,"['mohon', 'info', 'kapan', 'ya', 'pemasangan', 'air', 'pdam', 'utk', 'sambungan', 'rumah', '?', 'sudah', '<num>', 'bulan', 'mendaftar', 'g', 'ada', 'update', 'g', 'ada', 'kabar', 'mohon', 'infonya', 'y', 'min', 'terimakasih']",
DNmaWdzPgxk,2025-09-02 12:55:53 WIB,heffryan_ahmad,"['kak', 'bertanya', 'kok', 'saya', 'mau', 'pasang', 'baru', 'kenapa', 'kok', 'malah', 'tukang', 'surveynya', 'bilang', 'suruh', 'ikut', 'meteran', 'orang', 'ya', '?', '?', 'gmn', 'ini', 'kak', 'kok', 'begitu', 'jawabannya']",
DNmaWdzPgxk,2025-09-02 13:15:42 WIB,pratama.setyaji_,"['ini', 'daftarnya', 'di', 'aplikasi', 'atau', 'cs', 'wa']",
DNmaWdzPgxk,2025-09-02 14:48:38 WIB,ibunadia_,"['kak', 'saya', 'sudah', 'laporan', 'pengaduan', 'kok', 'belum', 'di', 'survey <num>', 'ya', 'untuk', 'pindah', 'meter']",
DGPt1Dkvz64,2025-09-26 18:31:42 WIB,melisa.dewi,"['astaghfirullah', 'baru', 'tau', 'ada', 'info', 'ini', 'di', 'bulan', 'september']",
DGPt1Dkvz64,2025-09-26 19:21:36 WIB,melisa.dewi,"['tidak', 'ada', 'normaltp', 'petugas', 'datang', 'menawarkan', 'ganti', 'meter', 'baru', 'gratiscuma', 'ada', 'embel-embel', 'nya', 'klo', 'mau', 'ngasih', 'nggeh', 'monggo', 'mangkanya', 'ngubek <num>', 'ig', 'takut', 'penipuan', 'gtu']",
DGC6AaMvfdh,2025-09-15 11:55:07 WIB,candradwitiwi,"['hari', 'ini', 'mau', 'bayar', 'kok', 'ndak', 'bisa', 'ya', 'kak']",
DBvcv20P_1d,2025-09-22 13:13:57 WIB,nasi.krawu.bu.aliyah,"['sy', 'tlp', 'jg', 'g', 'pernah', 'bisa', 'd', 'angkat', 'terus', 'apa', 'gunanya', 'no', 'tlp', 'cs', 'itu', 'percuma']",
DBvcv20P_1d,2025-09-22 13:14:22 WIB,nasi.krawu.bu.aliyah,"['wa', 'pun', 'yg', 'bls', 'robot', 'tdk', 'bs', 'mengatasi', 'mslh']",
C5tGwliPgZE,2025-09-19 19:12:32 WIB,rudiners,"['bohongsaya', 'laporan', 'dari', 'kmrin', 'tidak', 'ditangani']",
