post_id,created_at,username,text
DPiRgn6k9BI,2025-10-29 23:44:51 WIB,n_aiiniiii,"['paham', 'harga', 'pasang', 'pdam']"
DPiRgn6k9BI,2025-10-30 05:38:39 WIB,raymundus_aryo,['rame']
DPiRgn6k9BI,2025-10-31 04:47:10 WIB,opera8176,"['pdam', 'jalan', 'gresik', 'mati']"
DPiRgn6k9BI,2025-10-31 10:05:24 WIB,matokebenny,"['tugas', 'wilayah', 'ploso', 'timur', 'kali', 'cek', 'air', 'preman', 'ketuk', 'pagar', 'ugal-ugalan', 'kayu', 'pentung', 'preman', 'pagar', 'tetangga']"
DPiRgn6k9BI,2025-10-31 10:06:07 WIB,matokebenny,"['kali', 'kirim', 'komplain', 'langsung', 'pecat', 'tugas']"
DPiRgn6k9BI,2025-10-31 16:44:04 WIB,opera8176,['terima kasih']
DPiRgn6k9BI,2025-10-12 07:34:51 WIB,shelomitaayr,"['pdam', 'air', 'hati', 'alir', 'baik']"
DPiRgn6k9BI,2025-10-12 09:16:25 WIB,shelomitaayr,"['kebraon', 'susah', 'aktivitas']"
DPiRgn6k9BI,2025-10-12 17:15:13 WIB,ifa8416,['laku']
DPiRgn6k9BI,2025-10-12 23:38:52 WIB,andini_rahmadwiandini,"['syarat', 'lengkap', 'proses', 'pasang']"
DPiRgn6k9BI,2025-10-13 17:23:11 WIB,ibuk.acid,"['karah', 'mati', 'air', 'pemberitahuan', 'tayamum']"
DPiRgn6k9BI,2025-10-13 19:40:37 WIB,alicee.veronaaa,"['aju', 'tanggal', 'september', 'keluar', 'rincian', 'tanggal', 'september', 'bayar', 'batas', 'bayar', 'smp', 'oktober', 'harga', 'promo', 'agustus', 'smp', 'september', 'promo']"
DPiRgn6k9BI,2025-10-14 13:37:42 WIB,alicee.veronaaa,['dm']
DPiRgn6k9BI,2025-10-14 14:57:07 WIB,irma.vidy,"['rungkut', 'industri', 'air', 'mati']"
DPiRgn6k9BI,2025-10-15 10:12:41 WIB,supri.mundo,"['pdam', 'air', 'keruh']"
DPiRgn6k9BI,2025-10-15 20:01:41 WIB,ichsanguntur,"['kertaja', 'kecil', 'air']"
DPiRgn6k9BI,2025-10-15 21:58:31 WIB,superdeden_,"['karang', 'menjangan', 'susah', 'air', 'bos']"
DPiRgn6k9BI,2025-10-16 08:16:36 WIB,raatihangraenii,"['tagih', 'pdam', 'lonjak', 'drastis']"
DPiRgn6k9BI,2025-10-16 18:00:59 WIB,roymarten,"['pdam', 'wonorejo', 'rungkut', 'mati']"
DPiRgn6k9BI,2025-10-17 10:18:29 WIB,novia.turrachmah,"['adu', 'gubris', 'cs', 'tugas', 'air', 'mati', 'hari', 'meter', 'bocor', 'habis', 'ganti', 'meter', 'masalah']"
DPiRgn6k9BI,2025-10-18 22:47:54 WIB,mam_tutz,"['info', 'ganggu', 'air', 'wilayah', 'babat', 'jerawat', 'pondok', 'benowo', 'indah']"
DPiRgn6k9BI,2025-10-19 04:12:37 WIB,diska_kristiani,"['lapor', 'pdam', 'gara-gara', 'air', 'jumat', 'malam', 'nyala', 'ak', 'paksa', 'tidur', 'hawa', 'panas', 'badan', 'lengket', 'nyala', 'langsung', 'mandi', 'isi', 'bak', 'air', 'cuci', 'subuh', 'jam gin', 'ape', 'tidur', 'bos']"
DPiRgn6k9BI,2025-10-19 09:43:35 WIB,quinthariarh,"['baik', 'air', 'nyala', 'rutinitas', 'pdam', 'akhir pekan', 'air', 'nyala']"
DPiRgn6k9BI,2025-10-20 21:39:47 WIB,irwanagatot,"['jalan', 'juwingan', 'air', 'mati', 'info', 'mohon', 'informasi', 'mati']"
DPiRgn6k9BI,2025-10-21 16:25:53 WIB,elmidwi_hartanti,"['info', 'tanggal', 'promo']"
DPiRgn6k9BI,2025-10-23 09:08:55 WIB,irishcartenz8,"['karah', 'air', 'mati', 'air']"
DPiRgn6k9BI,2025-10-23 10:03:50 WIB,kokobramiko,"['ruwet', 'bayar', 'pasang', 'bulan']"
DPiRgn6k9BI,2025-10-25 14:52:38 WIB,hameedaa71,"['daftar', 'pasang', 'pdam', 'daftar']"
DPiRgn6k9BI,2025-10-26 08:35:02 WIB,rafikaiffah,"['pdam', 'air', 'normal', 'minggu', 'pagi', 'nyala', 'wonorejo', 'manuk', 'kulon']"
DPiRgn6k9BI,2025-10-26 18:31:12 WIB,rizamuhammad260491,"['lidah', 'kulon', 'air', 'mati', 'hari']"
DPiRgn6k9BI,2025-10-26 20:28:56 WIB,rizamuhammad260491,"['baik', 'mati', 'malam']"
DPiRgn6k9BI,2025-10-29 14:56:53 WIB,april.liatri,"['pdam', 'baik', 'air', 'keruh', 'bau', 'kayak', 'air', 'air', 'bagus', 'aju', 'komplain', 'cek', 'air', 'bersih', 'isi', 'pagi', 'air', 'bau', 'keruh', 'pdam', 'adu', 'tugas', 'bosan', 'rumah']"
DPiRgn6k9BI,2025-10-09 16:08:06 WIB,bakulgedangsusu,"['kebraon', 'air', 'mati']"
DPiRgn6k9BI,2025-10-09 16:09:05 WIB,karunia_ayu_mukti,"['kebraon', 'air', 'mati']"
DPiRgn6k9BI,2025-10-09 16:12:18 WIB,inggit_putri18,"['mati', 'pdam', 'kebraon', 'ad', 'pemberitahuan']"
DPiRgn6k9BI,2025-10-10 06:16:36 WIB,mayarini29,"['karah', 'air', 'mati', 'ap', 'efek', 'gorong-gorong', 'bikin', 'sedih', 'masak', 'minggu', 'ganti', 'air', 'wifi', 'mati']"
DPiRgn6k9BI,2025-10-10 11:49:52 WIB,susii_lowati19,"['aju', 'tanggal', 'september', 'pasang', 'pasang']"
DPiRgn6k9BI,2025-10-10 11:51:09 WIB,susii_lowati19,"['tugas', 'kumpul', 'berkas', 'info', 'satu minggu', 'pasang']"
DPiRgn6k9BI,2025-10-11 21:21:09 WIB,sawnturns,"['kebraon', 'mati', 'air']"
DFKccJJPeW_,2025-10-10 06:33:39 WIB,primadia_amanda,"['pagi', 'air', 'daerah', 'karah', 'mati', 'pemberitahuan']"
DFKccJJPeW_,2025-10-14 15:51:52 WIB,jastipbahagia,"['air', 'mati']"
DFKccJJPeW_,2025-10-15 00:50:45 WIB,shafaardini,"['air', 'mati', 'wisma', 'pagesangan', 'pemberitahuan', 'mati']"
DFKccJJPeW_,2025-10-19 10:36:23 WIB,kris_acenk,"['barusan', 'rumah', 'aku', 'tugas', 'pdam', 'tuju', 'ganti', 'meter', 'pdam', 'surat', 'tugas', 'beliau', 'foto', 'orang', 'kendara', 'surat', 'tugas', 'langsung', 'pergi', 'alas', 'rumit', 'bongkar']"
DFKccJJPeW_,2025-10-22 19:36:51 WIB,putridaniarw,"['simo', 'tambaan', 'barusan', 'mertua', 'tugas', 'abal', 'suruh', 'ganti', 'meter']"
DFKccJJPeW_,2025-10-27 13:59:14 WIB,astrichanteratai,"['meter', 'ganti']"
DFKccJJPeW_,2025-10-27 20:47:59 WIB,ekypradana,"['tugas', 'cek', 'meter', 'salah', 'langgan']"
DO-Gmy3k2oA,2025-10-02 05:37:18 WIB,fredlina,"['mohon', 'bantu', 'pdam', 'wilayah', 'kebraon', 'air', 'alir', 'tanggal', 'malam', 'pagi', 'kompensasi', 'air', 'tangki']"
DO-Gmy3k2oA,2025-10-02 06:33:50 WIB,pundirama,"['berangkat', 'sekolah', 'berangkat', 'kerja', 'pdam', 'mati', 'daerah', 'pondok', 'maritim', 'lurah balas', 'klumprik']"
DO-Gmy3k2oA,2025-10-03 05:53:18 WIB,yusuf_yogadinata,"['daerah', 'gading', 'karya', 'pagi', 'mati', 'air', 'sore', 'mati']"
DO-Gmy3k2oA,2025-10-03 05:54:04 WIB,yusuf_yogadinata,['ulan']
DO-Gmy3k2oA,2025-10-05 21:36:44 WIB,bremana_adi,"['sore', 'malam', 'air', 'mati', 'daerah', 'komplek', 'tni', 'al', 'juanda', 'susah']"
DO-Gmy3k2oA,2025-10-06 07:13:17 WIB,bremana_adi,"['keluar', 'air']"
DO-Gmy3k2oA,2025-10-06 08:27:50 WIB,bremana_adi,"['komplek', 'tni', 'al', 'juanda', 'sore', 'air', 'sekolah', 'kantor']"
DO-Gmy3k2oA,2025-10-07 02:11:43 WIB,agungprasetyodh,"['air', 'kebraon', 'mati', 'informasi', 'sm', 'tugas']"
DO-Gmy3k2oA,2025-10-07 06:58:35 WIB,ardigun09,"['pagi', 'pdam', 'kebraon', 'gang', 'sekolah', 'mati', 'baik', 'gang', 'tomat', 'kebraon', 'pagi', 'mati', 'debit', 'air', 'kecil', 'mohon', 'baik', 'wilayah', 'pokok', 'tekan', 'air', 'kurang', 'pagi', 'mati']"
DO-Gmy3k2oA,2025-10-07 07:46:55 WIB,agungprasetyodh,"['keluar', 'mati', 'air', 'tandon', 'tip']"
DO-Gmy3k2oA,2025-10-07 08:35:32 WIB,galang_rizza43,"['pdam', 'daerah', 'jiwa', 'mati']"
DO-Gmy3k2oA,2025-10-07 11:09:12 WIB,agungprasetyodh,"['hubung', 'telpon', 'wib', 'siang', 'tugas']"
DO-Gmy3k2oA,2025-10-07 11:47:32 WIB,agus_luigi,"['senin', 'tanggal', 'oktober', 'tugas', 'pdam', 'ganti', 'meter', 'ganti', 'meter', 'gerak', 'kran', 'air', 'tutup', 'lokasi', 'kedung', 'baruk rungkut']"
DO-Gmy3k2oA,2025-10-07 12:26:47 WIB,agungprasetyodh,"['tugas', 'baik', 'pipa', 'bocor', 'lokasi']"
DO-Gmy3k2oA,2025-10-08 05:05:37 WIB,anitaoffice2025,"['pagi', 'pdam', 'pdam', 'gayung', 'kebonsari', 'pagi', 'keluar', 'air', 'air', 'alir', 'siang', 'mohon', 'informasi', 'bantu']"
DO-Gmy3k2oA,2025-10-08 08:31:16 WIB,anitaoffice2025,['kerja']
DO-Gmy3k2oA,2025-10-08 09:38:50 WIB,tatong_pudjantoko,"['jadwal', 'catat', 'mandiri', 'tanggal', 'ubah', 'pikir', 'pergi', 'kota']"
DO-Gmy3k2oA,2025-10-10 11:00:51 WIB,mirandaaa14,"['telpon', 'no', 'sibuk']"
DO-Gmy3k2oA,2025-10-10 11:53:10 WIB,susii_lowati19,"['terang', 'proses', 'cepat', 'kumpul', 'berkas', 'tanggal', 'september', 'pasang']"
DO-Gmy3k2oA,2025-10-13 11:35:32 WIB,susii_lowati19,"['kirim', 'pesan']"
DO-Gmy3k2oA,2025-10-17 07:56:28 WIB,baimmm,"['daftar', 'daring', 'via', 'aplikasi', 'tahap', 'verifikasi', 'pasang', 'butuh']"
DO-Gmy3k2oA,2025-10-22 16:44:04 WIB,katschisby,"['pekan', 'pdam', 'kunjung', 'rumah', 'istri', 'tangan', 'no', 'surat', 'tidak ada apa', 'informasi', 'janji', 'to', 'ganti', 'meter', 'has', 'to', 'be', 'jadwal', 'meter', 'not', 'until', 'pekan', 'no', 'informasi', 'layan', 'mohon', 'cek', 'maksud', 'jalan', 'has', 'tidak ada apa', 'to', 'do', 'layan', 'do', 'butuh', 'info', 'mohon', 'via', 'messenger', 'terima kasih']"
DO-Gmy3k2oA,2025-10-28 18:34:25 WIB,baimmm,"['nomor antri', 'mohon', 'bantu']"
DO-Gmy3k2oA,2025-10-31 03:26:27 WIB,opera8176,"['daerah', 'jalan', 'gresik', 'mati', 'pdam', 'mohon', 'tindak', 'air']"
DO-Gmy3k2oA,2025-10-02 04:30:49 WIB,wennyisnaeni,"['pdam', 'mati', 'wilayah', 'rumah', 'pondok', 'maritim', 'pemberitahuan', 'tidur', 'mati', 'anak', 'kerja', 'sekolah', 'butuh', 'air', 'mandi']"
DQaW2fUk2z4,2025-10-30 06:44:46 WIB,kosmelatiindah,"['pagi', 'air', 'mati', 'area', 'wisma', 'lidah', 'kulon']"
DQeDOzKk-P7,2025-10-31 22:15:15 WIB,yisapratama,['nyala']
DQeDOzKk-P7,2025-10-31 23:28:44 WIB,tasyalulaa,['nyala']
DQb3Hrvk8Ky,2025-10-31 06:07:26 WIB,cahyakamilarosa,"['admin', 'area', 'dupak', 'keluar', 'air', 'chat', 'tangki', 'air', 'respon']"
DQdL1MMEx6i,2025-10-31 09:21:20 WIB,wiksaebeced,"['telpon', 'call', 'center', 'respon', 'adu', 'rusa', 'meter']"
DQdL1MMEx6i,2025-10-31 10:44:46 WIB,wiksaebeced,['terima kasih']
DQZHJ4Uk6Ef,2025-10-29 19:48:17 WIB,denikdamayantii,[]
DQZHJ4Uk6Ef,2025-10-29 19:53:12 WIB,lindapriskilar,['proyek']
DQZHJ4Uk6Ef,2025-10-29 21:02:54 WIB,vlntnfbran,['anjir']
DQZHJ4Uk6Ef,2025-10-30 06:35:08 WIB,bhagyawan_bhagik0,"['air', 'pdam', 'jalan', 'raya', 'sambikerep', 'mati']"
DQZHJ4Uk6Ef,2025-10-30 08:22:01 WIB,bhagyawan_bhagik0,"['pemberitahuan', 'antisipasi', 'lupa', 'pemberitahuan']"
DQZHJ4Uk6Ef,2025-10-30 16:27:28 WIB,lindapriskilar,['informasi']
DQbRfbuEzZL,2025-10-30 15:30:35 WIB,akmalreyhnth,"['keren', 'instalasi', 'ipam', 'ngagel']"
DQbRfbuEzZL,2025-10-30 15:46:38 WIB,presarioqalamm,"['keren', 'olah', 'ipam', 'ngagel']"
DQbRfbuEzZL,2025-10-30 17:19:14 WIB,sheiraekaa,[]
DQbRfbuEzZL,2025-10-30 17:55:44 WIB,fachryandd,"['dang', 'ipam', 'ngagel', 'keren']"
DQbRfbuEzZL,2025-10-30 18:09:13 WIB,widyarigga,['baik']
DQbRfbuEzZL,2025-10-30 18:10:38 WIB,kharistiano28,"['perumda', 'air', 'minum', 'populer']"
DQbRfbuEzZL,2025-10-30 20:00:33 WIB,subahan_hadi,"['maju', 'layan']"
DQbRfbuEzZL,2025-10-30 21:13:19 WIB,nrkumalakn___,['keren']
DQVetJrk5Xh,2025-10-28 12:08:38 WIB,widyarigga,"['sumpah', 'pemuda']"
DQVetJrk5Xh,2025-10-28 13:05:16 WIB,akmalreyhnth,"['bangga', 'pemuda', 'indonesia']"
DQVetJrk5Xh,2025-10-28 13:05:46 WIB,ann.wattimena,"['sumpah', 'pemuda']"
DQVetJrk5Xh,2025-10-28 13:08:53 WIB,nrkumalakn___,"['lahir', 'to', 'be', 'bangga', 'besar', 'as', 'indonesia']"
DQVetJrk5Xh,2025-10-28 13:10:23 WIB,ran_nayainayah,"['alir', 'semangat', 'muda']"
DQVetJrk5Xh,2025-10-28 13:11:06 WIB,rajwaazhf,"['sumpah', 'pemuda']"
DQVetJrk5Xh,2025-10-28 13:13:27 WIB,presarioqalamm,"['sumpah', 'pemuda']"
DQVetJrk5Xh,2025-10-28 13:28:12 WIB,fachryandd,"['bangga', 'pemuda', 'indonesia']"
DQVetJrk5Xh,2025-10-28 13:46:00 WIB,nibrassy,"['sumpah', 'pemuda']"
DQVetJrk5Xh,2025-10-28 22:15:59 WIB,damaxrif,"['sumpah', 'pemuda', 'cermin', 'berani', 'anak', 'bangsa', 'satu', 'tengah', 'beda']"
DQLxAJbk15p,2025-10-25 02:46:07 WIB,bellaaristas,"['rumah', 'daerah', 'ptc', 'surabaya', 'barat', 'air', 'keruh', 'kemaren']"
DQLxAJbk15p,2025-10-25 08:12:10 WIB,hafana_transport,['bagus']
DQLxAJbk15p,2025-10-25 11:04:40 WIB,miftachul_retna,"['jambang', 'air', 'mati', 'sabtu', 'siang', 'nyala', 'bayar']"
DQLxAJbk15p,2025-10-25 17:30:57 WIB,annishafs,"['jambang', 'air', 'nyala', 'cm']"
DQTN1kMk1z5,2025-10-27 15:30:42 WIB,garin06,"['medayu', 'air', 'mati', 'baik']"
DQTN1kMk1z5,2025-10-28 08:01:24 WIB,irvydaniara,"['sambikerep', 'mati', 'air', 'gada', 'pemberitahuan']"
DQTN1kMk1z5,2025-10-28 09:55:42 WIB,marcelia_dini,"['mati', 'air', 'pagi', 'mandi', 'tayamum', 'sambikerep']"
DQTN1kMk1z5,2025-10-28 11:14:52 WIB,ariefmasduqi07,"['air', 'keluar', 'nang', 'sambikerep', 'berangkat', 'kerja', 'mandi', 'air', 'keluar']"
DQTMF6XE7Cl,2025-10-27 16:11:06 WIB,ollaaqmryh,"['medok', 'ayu', 'mati']"
DQTMF6XE7Cl,2025-10-27 17:26:46 WIB,dolankesiniyuk,[]
DQTMF6XE7Cl,2025-10-27 17:27:25 WIB,dolankesiniyuk,"['area', 'medayu', 'air', 'mati']"
DQTMF6XE7Cl,2025-10-27 17:54:05 WIB,garin06,"['nyala', 'pemberitahuan', 'status', 'pdam', 'pemberitahuan']"
DQTMF6XE7Cl,2025-10-27 19:28:08 WIB,shiro.lenny,"['bantu', 'pipa', 'salur', 'air', 'bocor', 'habis', 'giat', 'warga', 'bersih', 'got', 'hari', 'lapor', 'rabu', 'tangan']"
DQTMF6XE7Cl,2025-10-28 00:14:18 WIB,ollaaqmryh,"['medok', 'ayu', 'mati', 'tindak', 'dm', 'instagram', 'chat', 'wa', 'call', 'center', 'lambat', 'respon']"
DQTMF6XE7Cl,2025-10-28 02:44:42 WIB,lindapriskilar,"['medayu', 'utara', 'minggu', 'mati', 'air', 'minggu', 'mati', 'pemberitahuan', 'kaya', 'tu', 'kompensasi', 'cape', 'admin', 'proyek', 'kotak', 'culvert', 'mesti', 'mati', 'air']"
DQTMF6XE7Cl,2025-10-28 05:07:34 WIB,ollaaqmryh,"['nyala', 'air', 'tidur', 'tunggu', 'air', 'nyala', 'malam']"
DQTMF6XE7Cl,2025-10-28 05:52:20 WIB,lindapriskilar,"['nyala', 'tengah', 'malam', 'lantai', 'rumah', 'lantai', 'tempat', 'kakak', 'keluar']"
DQTMF6XE7Cl,2025-10-28 06:02:33 WIB,ollaaqmryh,"['nyala', 'kakak', 'medayu']"
DQTMF6XE7Cl,2025-10-28 08:50:30 WIB,lindapriskilar,"['gang', 'sendiri bagi', 'air']"
DQTMF6XE7Cl,2025-10-28 10:04:31 WIB,ollaaqmryh,['mati']
DQTMF6XE7Cl,2025-10-28 11:34:08 WIB,lindapriskilar,"['barusan', 'keluar', 'mati']"
DQTMF6XE7Cl,2025-10-28 15:46:47 WIB,lindapriskilar,"['moga', 'cepat']"
DQTMF6XE7Cl,2025-10-28 20:42:04 WIB,shiro.lenny,"['tanggap', 'smp', 'komen', 'instagram']"
DQTMF6XE7Cl,2025-10-29 12:09:18 WIB,shiro.lenny,"['tengah', 'malam']"
DQS9mzaEw-b,2025-10-27 10:02:41 WIB,mhmdrizkyy12._,"['tau', 'sejarah', 'listrik', 'terima kasih', 'jelas', 'pdam']"
DQWUoiYkzuI,2025-10-29 14:59:04 WIB,mrarie,['nyala']
DQWUoiYkzuI,2025-10-29 17:54:54 WIB,rewi.18,"['moga', 'malam', 'alir', 'air']"
DQWUoiYkzuI,2025-10-29 18:20:50 WIB,puputdeka_17,"['bangil', 'mati']"
DQWUoiYkzuI,2025-10-29 19:42:47 WIB,diannur7,['nyala']
DQWUoiYkzuI,2025-10-29 20:28:19 WIB,diannur7,"['barusan', 'nyala', 'alir', 'nyala', 'moga', 'tim', 'baik', 'pipa', 'sehat', 'selamat']"
DQWiWq1k_n3,2025-10-29 18:07:14 WIB,anggachristianhananta,"['layan', 'prima', 'wujud', 'kerja', 'nyata']"
DQYeUX4k85g,2025-10-29 13:37:19 WIB,budiwiratmo,"['lapor', 'warga', 'gayungsari', 'barat', 'keluh', 'air', 'pdam', 'mati kecil', 'pipa', 'rusak', 'akibat', 'gali', 'kotak', 'culvert', 'empat', 'lalu lintas', 'lampu', 'gayungsari', 'barat']"
DQYeUX4k85g,2025-10-29 14:50:06 WIB,damaxrif,"['sehat', 'tugas', 'pam', 'surya', 'sembada', 'moga', 'lancar', 'kerja']"
DQYeUX4k85g,2025-10-29 16:56:52 WIB,budiwiratmo,"['kontraktor', 'gali', 'kotak', 'culvert', 'pipa', 'rusak', 'empat', 'lalu lintas', 'lampu', 'jalan', 'gayungsari', 'barat', 'mohon', 'bantu', 'warga', 'keluh']"
DQYeUX4k85g,2025-10-29 18:05:05 WIB,anggachristianhananta,"['juang', 'air', 'tugas', 'pam', 'surya', 'sembada', 'kota', 'surabaya', 'benar']"
DQYeUX4k85g,2025-10-29 18:41:57 WIB,budiwiratmo,"['matur', 'respon', 'bantu', 'tim']"
DQYeUX4k85g,2025-10-29 19:14:12 WIB,arsitadesi,"['air', 'gayung']"
DQYeUX4k85g,2025-10-30 20:26:58 WIB,budiwiratmo,"['warga', 'keluh', 'air', 'pdam', 'mati', 'rusa', 'tangan']"
DQYeUX4k85g,2025-10-30 20:41:12 WIB,akmalreyhnth,['gercep']
DQYeUX4k85g,2025-10-31 16:48:41 WIB,budiwiratmo,"['respon', 'bantu', 'cepat']"
DQGDe55kxu-,2025-10-22 16:51:20 WIB,katonsetyawan,"['kebraon', 'air', 'keluar', 'air', 'keluar']"
DQLWM3Sk4tz,2025-10-24 21:54:28 WIB,frans_jeremyoriental12,"['daerah', 'rungkut', 'mapan', 'dampak']"
DQLWM3Sk4tz,2025-10-24 21:54:55 WIB,frans_jeremyoriental12,"['mohon', 'cepat', 'rwspons']"
DQLWM3Sk4tz,2025-10-25 17:27:26 WIB,nurissfarra,"['bulak', 'rukem', 'timur', 'keluar', 'air']"
DQLWM3Sk4tz,2025-10-31 11:14:15 WIB,bayuhadileksana,"['terima kasih', 'pdam']"
DQJNTI4k5PD,2025-10-23 17:48:59 WIB,lovia_shop,"['bulak', 'rukem', 'timur']"
DQJNTI4k5PD,2025-10-23 19:05:28 WIB,sariwkartika,[]
DQJNTI4k5PD,2025-10-23 20:57:53 WIB,deviepuspitasari92,"['bagus', 'kabar', 'orang', 'siap', 'ky']"
DQJNTI4k5PD,2025-10-24 16:22:07 WIB,a.adiprima,"['dukuh', 'setro', 'gading', 'lebak', 'dampak']"
DQJNTI4k5PD,2025-10-24 17:58:02 WIB,_cindiari,"['tambak', 'rejo']"
DQJNTI4k5PD,2025-10-24 18:22:46 WIB,arjunkhan1982,"['mampir', 'camat', 'sukolilo', 'dampak', 'bahan', 'kedung', 'baruk', 'batas', 'kali', 'brantas']"
DQJNTI4k5PD,2025-10-24 20:23:20 WIB,ridho_fikri1999,"['bulak', 'kenjeran', 'dampak']"
DQJNTI4k5PD,2025-10-24 20:29:43 WIB,yudaferrymahendra,"['besok', 'seng', 'air']"
DQJNTI4k5PD,2025-10-24 20:38:36 WIB,yesinovita,"['rumah', 'yak']"
DQJNTI4k5PD,2025-10-24 20:53:19 WIB,virmameisaroh,"['rumah', 'orang', 'coba', 'benowo', 'deh', 'me']"
DQJNTI4k5PD,2025-10-24 20:59:16 WIB,yesinovita,"['siang', 'benowo', 'malam', 'adil']"
DQJNTI4k5PD,2025-10-25 06:46:58 WIB,angelita_permata_lai_boeng,"['bulak', 'banteng', 'dampak']"
DQJNTI4k5PD,2025-10-25 08:35:19 WIB,milaarsita3,"['kalikepiting', 'dampak']"
DQJNTI4k5PD,2025-10-25 09:50:21 WIB,iis_chiedoel,"['bulan', 'ganggu', 'daerah', 'tambak', 'takut']"
DQJNTI4k5PD,2025-10-25 10:20:50 WIB,choky_pokoke_mancing,"['mati', 'air', 'bulan']"
DQJNTI4k5PD,2025-10-25 11:33:31 WIB,diniumar17,"['mantap', 'erti']"
DQJNTI4k5PD,2025-10-25 14:15:02 WIB,auliaachmad_afi,"['tambak', 'takut', 'mati', 'air']"
DQJNTI4k5PD,2025-10-25 16:24:32 WIB,nurissfarra,"['bulak', 'rukem', 'mati', 'timur', 'air', 'keluar']"
DQJNTI4k5PD,2025-10-25 16:47:57 WIB,arjunkhan1982,"['terima kasih', 'informasi']"
DQGVfPcDqP7,2025-10-22 16:14:37 WIB,bitsab34,"['suka', 'mati', 'air', 'informasi kebraon', 'kebraon']"
DQGVfPcDqP7,2025-10-22 16:16:17 WIB,ella_nurlailiyah,"['bongkar', 'madina', 'luhur', 'bu']"
DQGVfPcDqP7,2025-10-22 16:21:37 WIB,bitsab34,"['minimal', 'mah', 'informasi']"
DQJQbH4E2GE,2025-10-23 16:25:52 WIB,ikayuniasih,"['daerah', 'simo', 'gunung', 'siang', 'mati', 'air']"
DQJQbH4E2GE,2025-10-24 07:25:48 WIB,nandaayu_am,"['hari', 'mati', 'kasihan', 'usaha', 'penatu', 'air', 'mati']"
DQLEvfGE2xc,2025-10-24 08:15:35 WIB,mhmdrizkyy12._,['dokter']
DQLEvfGE2xc,2025-10-24 08:21:49 WIB,_frscarts,"['dokter', 'nasional']"
DQSogplE0iS,2025-10-27 08:10:41 WIB,aaffuuck,"['lidah', 'kulon', 'estimasi', 'kerja']"
DQSogplE0iS,2025-10-28 06:29:32 WIB,rini_arek_lmjg,"['jalan', 'raya', 'bungkal', 'sambikerep', 'air', 'mati', 'info', 'mati']"
DQIqAzuk46h,2025-10-23 11:45:30 WIB,surabayabertaqwa,['biar']
DQIqAzuk46h,2025-10-23 11:51:41 WIB,sukmaa.jaa,['ganggu']
DQIqAzuk46h,2025-10-23 11:53:33 WIB,wii1i,"['pbi', 'gatal']"
DQIqAzuk46h,2025-10-23 11:55:18 WIB,eha57461,"['besok', 'mati', 'rejosari', 'benowo', 'mati']"
DQIqAzuk46h,2025-10-23 11:58:08 WIB,eha57461,"['debit', 'air', 'rumah', 'pasang', 'kotak', 'culvert', 'pelan', 'rumah', 'aspal', 'keluar', 'air', 'bikin', 'jengkel']"
DQIqAzuk46h,2025-10-23 11:58:17 WIB,rrydwnt,"['minggu', 'mati', 'lo', 'jumat']"
DQIqAzuk46h,2025-10-23 12:01:38 WIB,no_vellia,"['mati', 'rajin', 'mati', 'air', 'mbok', 'air', 'gratis']"
DQIqAzuk46h,2025-10-23 12:15:25 WIB,chella.o,['biasa']
DQIqAzuk46h,2025-10-23 12:45:37 WIB,nurriya70,"['mem', 'ojok', 'mati']"
DQIqAzuk46h,2025-10-23 13:06:05 WIB,aal_iyaah111,"['minggu', 'pdam', 'mati', 'bicara', 'lak', 'keluar', 'jancok', 'pbi', 'salah', 'air', 'larang', 'mati', 'mati']"
DQIqAzuk46h,2025-10-23 13:36:18 WIB,for_siahaan,"['dampak', 'mem']"
DQIqAzuk46h,2025-10-23 16:28:45 WIB,pradiptarnd,"['mem', 'dampak', 'informasi', 'mohon']"
DQIqAzuk46h,2025-10-23 16:33:34 WIB,diazraaa,"['palm', 'mem', 'dampak', 'hobi', 'mati', 'air']"
DQIqAzuk46h,2025-10-23 18:07:17 WIB,agung_lintank,"['daerah', 'jalan', 'kaum', 'gang', 'masak', 'sabtu minggu', 'mati', 'air', 'keluar', 'lapor', 'call', 'center', 'tugas', 'periksa', 'minggu', 'pagi', 'mohon', 'perhati']"
DQIqAzuk46h,2025-10-23 18:44:24 WIB,candradwitiwi,"['respon', 'pdam', 'cepat', 'warga', 'air', 'lapor', 'kali', 'tugas', 'pdam', 'rumah']"
DQIqAzuk46h,2025-10-23 20:57:49 WIB,mayaprmtsr,['informasi']
DQIqAzuk46h,2025-10-23 23:16:39 WIB,natnu.tt,"['pbi', 'tiap hari', 'admin', 'lak']"
DQIqAzuk46h,2025-10-24 00:19:03 WIB,yynt_sec,"['mem', 'mati']"
DQIqAzuk46h,2025-10-24 03:00:17 WIB,ryulhannamaria,"['hobi', 'mati', 'air', 'kompensasi', 'air', 'gratis']"
DQIqAzuk46h,2025-10-24 05:07:55 WIB,nurianti_dwie,"['griya', 'citra', 'asri', 'mudah', 'mudah', 'dampak']"
DQIqAzuk46h,2025-10-24 06:09:31 WIB,rudipriyanto1983,"['pdam', 'pasang', 'pdam', 'makan', 'angin']"
DQIqAzuk46h,2025-10-24 06:15:03 WIB,orenjiiiiiii__,['minggu']
DQIqAzuk46h,2025-10-24 16:12:57 WIB,febridhaayu,[]
DQIqAzuk46h,2025-10-24 16:15:18 WIB,febridhaayu,"['info', 'daerah', 'jarang', 'air', 'mati', 'pindah', 'cari', 'kontra']"
DQIqAzuk46h,2025-10-24 18:44:53 WIB,febridhaayu,['nyala']
DQIqAzuk46h,2025-10-24 19:57:36 WIB,aburamadhan,"['mati', 'mati', 'parah', 'parah', 'mandi', 'air', 'selokan']"
DQIqAzuk46h,2025-10-23 09:46:39 WIB,dewagstin,"['hidup', 'pdam', 'hidup']"
DQIqAzuk46h,2025-10-23 09:49:03 WIB,miftachul_retna,"['air', 'pdam', 'jambang', 'mati', 'jambang', 'kepung', 'kerja', 'gali', 'gorong-gorong', 'air', 'normal', 'resah', 'langgan', 'bayar', 'mahal']"
DQIqAzuk46h,2025-10-23 09:50:03 WIB,alefauzann,['mati']
DQIqAzuk46h,2025-10-23 09:59:23 WIB,dahayubymega,"['karah', 'mati', 'subuh', 'nyala']"
DQIqAzuk46h,2025-10-23 10:10:19 WIB,erryseptiawan,"['mati', 'air', 'jos', 'benar']"
DQIqAzuk46h,2025-10-23 10:18:29 WIB,iwanngono,"['mem', 'dampak']"
DQIqAzuk46h,2025-10-23 10:21:55 WIB,chandihale,['kendung']
DQIqAzuk46h,2025-10-23 10:22:27 WIB,chandihale,['kerja']
DQIqAzuk46h,2025-10-23 10:28:56 WIB,rawnyy_,"['kandang', 'kena', 'dampak', 'admin']"
DQIqAzuk46h,2025-10-23 10:46:35 WIB,yolandaayurotania,"['debit', 'air', 'kembali', 'normal']"
DQIqAzuk46h,2025-10-23 11:07:48 WIB,myrnabudi,[]
DQIqAzuk46h,2025-10-23 11:31:11 WIB,miftachul_retna,"['tau', 'pipa', 'pdam', 'gali', 'bayar', 'telat', 'denda', 'air', 'mati']"
DQIqAzuk46h,2025-10-23 11:40:59 WIB,nurul_lailatul_chasanah,"['hobi', 'mati', 'air', 'admin', 'jadwal', 'bulan']"
DP5Xm_LEab6,2025-10-17 11:29:08 WIB,dhtyabmntr,"['wih', 'ngeri']"
DP5Xm_LEab6,2025-10-18 17:37:36 WIB,its_ngejreng,['keren']
DP52tOrE9Bz,2025-10-17 16:54:55 WIB,mhmdrizkyy12._,['hbd']
DP52tOrE9Bz,2025-10-17 17:30:57 WIB,adrian_0531,"['cek', 'dm']"
DP52tOrE9Bz,2025-10-17 18:07:14 WIB,fajrianimaidi,"['mohon', 'bantu', 'cek', 'dm']"
DP5OsWokxjf,2025-10-17 11:23:19 WIB,r1c0_05,"['maksud', 'pipa', 'pdam', 'pecah']"
DP5OsWokxjf,2025-10-17 12:26:50 WIB,rienz_128,[]
DP5OsWokxjf,2025-10-17 12:38:34 WIB,kayla_afiqa,[]
DP5OsWokxjf,2025-10-17 13:03:40 WIB,tatangkusmargono,"['pipa', 'pdam', 'posting', 'wewenang', 'analisis', 'info']"
DP5OsWokxjf,2025-10-17 13:03:46 WIB,rini_prames,"['logika', 'pipa', 'pertamina', 'jero', 'sungai', 'sungai', 'keri']"
DP5OsWokxjf,2025-10-17 13:11:11 WIB,subahan_hadi,['lapindo']
DP5OsWokxjf,2025-10-17 13:47:09 WIB,falina_hijab,['sembur']
DP5OsWokxjf,2025-10-17 13:57:01 WIB,achmadkiyono,"['reta', 'kerak', 'bumi', 'akibat', 'muncul', 'gas', 'muka']"
DP5OsWokxjf,2025-10-17 14:23:08 WIB,iezmha_cemun,"['info', 'pipa', 'bocor']"
DP5OsWokxjf,2025-10-17 14:38:37 WIB,dp_adp,"['dasar', 'cari', 'google', 'kunci', 'daerah', 'bekas', 'tambang', 'minyak', 'surabaya', 'zaman', 'belanda', 'gunung', 'anyar', 'salah', 'daerah', 'daerah', 'kutisari', 'sembur', 'kali', 'lidi', 'instansi', 'kait', 'moga', 'investigasi', 'laku']"
DP5OsWokxjf,2025-10-17 14:48:23 WIB,yulianitaika,[]
DP5OsWokxjf,2025-10-17 15:02:06 WIB,senomardikanto,"['air', 'pdam', 'wilayah', 'surabaya', 'utara', 'air', 'keruh', 'bau', 'mohon', 'tindak lanjut']"
DP5OsWokxjf,2025-10-17 15:08:54 WIB,ardhe_satya,"['minggu', 'air', 'keruh']"
DP5OsWokxjf,2025-10-17 16:55:43 WIB,kayla_afiqa,"['moga', 'bahaya']"
DP5OsWokxjf,2025-10-17 17:00:17 WIB,raniahboutique_sewabaju,['rumah']
DP5OsWokxjf,2025-10-17 17:28:45 WIB,chewy_586,"['lapindo', 'surabaya']"
DP5OsWokxjf,2025-10-18 09:13:26 WIB,puthree_setiawan,['sembur']
DP5OsWokxjf,2025-10-27 15:16:31 WIB,hdpestoragestore,"['butuh', 'pipa', 'hdpe', 'aksesoris', 'hdpe', 'langsung', 'hubung', 'via', 'whatsapp']"
DP6O35WE1xK,2025-10-18 21:35:31 WIB,shasa.cong,['nyala']
DP6O35WE1xK,2025-10-18 21:56:42 WIB,lee_chamoomilee,"['bohong', 'ih', 'capek', 'bohong', 'admin', 'air']"
DP6O35WE1xK,2025-10-18 21:59:45 WIB,rizkiyanura,['terima kasih']
DP6O35WE1xK,2025-10-18 22:01:04 WIB,lee_chamoomilee,[]
DP6O35WE1xK,2025-10-18 22:01:06 WIB,lee_chamoomilee,"['orang', 'suruh', 'puasa', 'tahan', 'pake', 'air', 'astagfirullah', 'bayar', 'ikhlas', 'bayar', 'air', 'mahal', 'kayak', 'admin']"
DP6O35WE1xK,2025-10-18 22:24:14 WIB,wilda_novi,"['tindak', 'pdam', 'area', 'pbi', 'mati', 'hari', 'bulan', 'kali', 'baik', 'rugi', 'masyarakat', 'air', 'butuh', 'utama', 'mati', 'warga', 'tandon', 'warga', 'sumur', 'mati', 'hari', 'tindak lanjut']"
DP6O35WE1xK,2025-10-18 22:26:50 WIB,mayaprmtsr,"['sempat', 'isi', 'tandon', 'air', 'alir']"
DP6O35WE1xK,2025-10-18 22:32:17 WIB,lila_linlin,[]
DP6O35WE1xK,2025-10-18 22:34:19 WIB,ha_llo01,"['terima kasih', 'moga', 'besok', 'mati', 'air', 'bak', 'kamar', 'mandi', 'alias', 'jeding', 'ku', 'air', 'coret', 'habis']"
DP6O35WE1xK,2025-10-18 22:35:36 WIB,mayaprmtsr,"['rwspons', 'nyala']"
DP6O35WE1xK,2025-10-18 22:40:07 WIB,diska_kristiani,"['ak', 'telepon', 'jawab', 'lapor', 'kait', 'kerja', 'telepon', 'jawab', 'templat', 'warga', 'pbi', 'air', 'keluar', 'malam', 'khusus', 'pake', 'pompa air', 'keluar', 'tetea', 'keluar', 'bulan', 'malam', 'subuh', 'nyala', 'kemaren', 'malam', 'detik', 'keluar']"
DP6O35WE1xK,2025-10-18 23:38:42 WIB,piupiusky,"['gurung', 'keluar', 'air', 'mem', 'tamansari', 'kering', 'fakk']"
DP6O35WE1xK,2025-10-18 23:40:59 WIB,aristo_rudin,"['nyala', 'air', 'bangsat']"
DP6O35WE1xK,2025-10-19 05:55:43 WIB,riadisugeng,"['warga', 'tinggal', 'dinding', 'tengah', 'xi', 'alami', 'senang', 'air', 'pdam', 'keluar', 'butuh', 'keluar', 'siang', 'keluar', 'malam', 'contoh', 'pagi', 'minggu', 'oktober', 'cuci', 'pakai', 'air', 'keluar', 'normal', 'tengah', 'giat', 'cuci', 'air', 'alir', 'air', 'pdam', 'rumah', 'sedot', 'pompa', 'air', 'tetangga', 'rutin', 'adu', 'tugas', 'tangan', 'ubah', 'bayar', 'bulan', 'rutin', 'layan', 'kecewa']"
DP6O35WE1xK,2025-10-19 06:05:44 WIB,refyrahma,"['info', 'mem', 'keluar', 'ungsi']"
DP6O35WE1xK,2025-10-19 06:06:01 WIB,refyrahma,"['info', 'mem', 'keluar', 'ungsi']"
DP6O35WE1xK,2025-10-19 06:06:32 WIB,refyrahma,"['nyala', 'ungsi']"
DP6O35WE1xK,2025-10-19 06:06:48 WIB,refyrahma,"['mem', 'nyala']"
DP6O35WE1xK,2025-10-19 06:07:03 WIB,shasa.cong,"['keluar', 'malam']"
DP6O35WE1xK,2025-10-19 06:08:11 WIB,refyrahma,"['mem', 'nyala']"
DP6O35WE1xK,2025-10-19 06:09:11 WIB,refyrahma,"['info', 'nyala']"
DP6O35WE1xK,2025-10-19 06:09:27 WIB,refyrahma,"['info', 'nyala']"
DP6O35WE1xK,2025-10-19 06:09:45 WIB,refyrahma,"['info', 'mem', 'nyala']"
DP6O35WE1xK,2025-10-19 06:22:36 WIB,sugab_ojunip_farm_magetan,['normal']
DP6O35WE1xK,2025-10-19 06:40:19 WIB,refyrahma,"['info', 'mem', 'keluar']"
DP6O35WE1xK,2025-10-19 06:44:49 WIB,dikisvg,"['masak', 'cak']"
DP6O35WE1xK,2025-10-19 07:33:24 WIB,ismiedf,"['tugas', 'solusi', 'jawab', 'templat', 'salah', 'sambung', 'pipa', 'rumah', 'sumbat', 'logika', 'sumbat', 'air', 'keluar', 'air', 'keluar', 'malam', 'tok', 'logis']"
DP6O35WE1xK,2025-10-19 07:34:31 WIB,ismiedf,"['ayo', 'evaluasi', 'pdam']"
DP6O35WE1xK,2025-10-19 08:23:45 WIB,salsa_olshop1927,['kk']
DP6O35WE1xK,2025-10-19 08:44:03 WIB,paniipannnn_,['nyala']
DP6O35WE1xK,2025-10-19 09:11:01 WIB,natnu.tt,"['pbi', 'mati', 'air', 'gali']"
DP6O35WE1xK,2025-10-19 09:12:54 WIB,chella.o,"['pagi', 'keluar', 'debit', 'air', 'mati', 'debit', 'air', 'kasihan', 'warga', 'tandon', 'air', 'pompa air', 'usaha', 'debit', 'air', 'pdam', 'buka']"
DP6O35WE1xK,2025-10-19 09:13:32 WIB,chella.o,"['area', 'pbi']"
DP6O35WE1xK,2025-10-19 10:58:14 WIB,d1_m_s.dms,['bulan']
DP6O35WE1xK,2025-10-19 11:57:15 WIB,diska_kristiani,['mati']
DP6O35WE1xK,2025-10-19 18:48:27 WIB,trisachrisma,"['malam', 'siang', 'keluar']"
DP6O35WE1xK,2025-10-18 19:35:17 WIB,ha_llo01,"['nyala', 'kran', 'rendah', 'alir', 'kran', 'kamar', 'mandi']"
DP6O35WE1xK,2025-10-18 19:45:47 WIB,natnu.tt,"['area', 'pbi', 'bom', 'nyala', 'air', 'hari', 'normalisasi', 'air', 'pbi', 'jani', 'kerja']"
DP6O35WE1xK,2025-10-18 19:53:41 WIB,jeksonpanjaitan91,"['nyala', 'baik', 'baik', 'stok', 'air']"
DP6O35WE1xK,2025-10-18 19:57:28 WIB,natnu.tt,"['gratis', 'bayar']"
DP6O35WE1xK,2025-10-18 20:14:11 WIB,rickychen_as,"['kerja', 'kerja']"
DP6O35WE1xK,2025-10-18 20:15:18 WIB,vicharomadhonawati,"['ayo', 'nyala', 'air', 'wilayah', 'sumberejo', 'pakal']"
DP6O35WE1xK,2025-10-18 20:20:43 WIB,citraykrn,['nyala']
DP6O35WE1xK,2025-10-18 20:30:01 WIB,wii1i,"['pbi', 'keluar', 'air', 'kerja', 'air', 'keluar']"
DP6O35WE1xK,2025-10-18 20:35:17 WIB,lee_chamoomilee,"['astagfirullah', 'kabar', 'air', 'air', 'alir', 'estimasi', 'kurang lebih beberapa', 'akurat', 'kata']"
DP6O35WE1xK,2025-10-18 20:36:26 WIB,lee_chamoomilee,"['gera', 'air', 'alir', 'kamar', 'mandi', 'kering', 'tandus', 'kayak', 'tanah', 'air']"
DP6O35WE1xK,2025-10-18 20:54:55 WIB,thary1299,"['manuk', 'tanggal', 'oktober', 'mati']"
DP6O35WE1xK,2025-10-18 20:55:07 WIB,diska_kristiani,"['telepon', 'pdam', 'jawab', 'telepon', 'pake', 'rumah', 'kendala', 'air', 'komplek', 'instagram', 'rame', 'lapor', 'pura', 'tidak tahu', 'parah', 'hari', 'nyala']"
DP6O35WE1xK,2025-10-18 20:57:01 WIB,diska_kristiani,"['pagi', 'malam', 'nyala', 'parah', 'air', 'nyala', 'malam', 'tok', 'pagi', 'parah', 'banget', 'pagi', 'nyala', 'tetea', 'kran', 'buka', 'ak', 'isa', 'masak', 'mandi', 'cuci', 'bersih']"
DP6O35WE1xK,2025-10-18 21:01:30 WIB,izdiharuddinm,"['area', 'hari', 'bleng', 'nyala', 'pagi', 'malam', 'kran', 'ku', 'tidak keluar', 'air', 'sabtu', 'sabtu', 'lapo', 'lapo']"
DP6O35WE1xK,2025-10-18 21:03:12 WIB,wii1i,"['kerja', 'bumd', 'bumn', 'jarang', 'beres', 'monopoli', 'kerja']"
DP6O35WE1xK,2025-10-18 21:19:06 WIB,wii1i,"['aku', 'pagi', 'kerja', 'kerja', 'normalisasi']"
DP6O35WE1xK,2025-10-18 21:20:11 WIB,oracabuloradenji,"['denda', 'semangat', 'gilir', 'air', 'mati', 'lot', 'kendung', 'bulan', 'benah', 'baik']"
DP6O35WE1xK,2025-10-18 21:22:59 WIB,abiddinsy,"['molor', 'admin', 'malam', 'nyala', 'tagih', 'bayar']"
DP6O35WE1xK,2025-10-18 15:32:24 WIB,wildanrobih,['nyala']
DP6O35WE1xK,2025-10-18 15:34:36 WIB,hesacru,"['pondok', 'benowo', 'indah', 'keluar', 'air']"
DP6O35WE1xK,2025-10-18 16:20:23 WIB,refyrahma,"['mati', 'daerah', 'mem']"
DP6O35WE1xK,2025-10-18 16:24:51 WIB,ellenia_nia,"['parah', 'nyala']"
DP6O35WE1xK,2025-10-18 16:25:51 WIB,tyaa.nanin,"['sore', 'nyala', 'air']"
DP6O35WE1xK,2025-10-18 16:29:53 WIB,nine_wanda,"['air', 'daerah', 'benowo', 'nyala']"
DP6O35WE1xK,2025-10-18 16:32:15 WIB,yudyrukmana,['alir']
DP6O35WE1xK,2025-10-18 16:33:26 WIB,irinearyani,"['pantau', 'set', 'sore', 'pbi', 'nyala', 'air']"
DP6O35WE1xK,2025-10-18 16:34:20 WIB,yudyrukmana,"['sore', 'alir', 'pakal', 'benowo']"
DP6O35WE1xK,2025-10-18 16:48:16 WIB,rizkyberry15,"['tau', 'mandi', 'komen', 'cak']"
DP6O35WE1xK,2025-10-18 16:53:06 WIB,34_abadi,"['sore', 'hormat', 'sore', 'air', 'wilayah', 'surabaya', 'barat', 'mem', 'pondok', 'benowo', 'indah', 'alir']"
DP6O35WE1xK,2025-10-18 16:54:55 WIB,nurul_lailatul_chasanah,"['alir', 'estimasi', 'kali', 'info', 'mepet']"
DP6O35WE1xK,2025-10-18 16:55:11 WIB,34_abadi,"['hari', 'aktivitas', 'mck', 'mohon', 'ikut', 'kerja', 'larut', 'kasihan', 'rumah', 'pakai', 'tandon', 'habis', 'hari']"
DP6O35WE1xK,2025-10-18 16:55:48 WIB,i.nafsi,"['nyala', 'ampun']"
DP6O35WE1xK,2025-10-18 16:57:35 WIB,_rindaputri,"['air', 'bom', 'nyala', 'admin']"
DP6O35WE1xK,2025-10-18 17:11:26 WIB,refyrahma,[]
DP6O35WE1xK,2025-10-18 17:12:24 WIB,refyrahma,"['admin', 'mem', 'air', 'nyala', 'habis', 'air']"
DP6O35WE1xK,2025-10-18 17:14:45 WIB,elizafirdausi,"['ko', 'mati']"
DP6O35WE1xK,2025-10-18 17:15:27 WIB,ismiedf,"['jahat', 'estimasi', 'pagi', 'nyala', 'ajar', 'bohong', 'dosa', 'direksi', 'evaluasi', 'cek']"
DP6O35WE1xK,2025-10-18 17:17:32 WIB,malll_muhammad,"['mem', 'sore', 'mati']"
DP6O35WE1xK,2025-10-18 17:20:08 WIB,retno_sulistiyoningsih,"['sore', 'sabtu', 'oktober', 'permisi', 'kerja', 'air', 'langka', 'lingkung', 'mem', 'maksimal', 'lancar']"
DP6O35WE1xK,2025-10-18 17:33:51 WIB,me.mitha0205,"['siang', 'nyala', 'mati', 'maksud']"
DP6O35WE1xK,2025-10-18 17:37:54 WIB,elwiedha,"['he', 'klakahrejo', 'mati', 'niat', 'baik']"
DP6O35WE1xK,2025-10-18 17:40:34 WIB,rinaldibenowo,[]
DP6O35WE1xK,2025-10-18 17:43:22 WIB,chanisna,"['baik', 'rumah', 'air', 'keluar']"
DP6O35WE1xK,2025-10-18 17:46:35 WIB,paniipannnn_,"['mem', 'mati']"
DP6O35WE1xK,2025-10-18 17:47:05 WIB,agung_lintank,"['masak', 'sabtu minggu', 'pdam', 'mati', 'daerah', 'kaum', 'mohon', 'tindak', 'meter', 'jalan', 'air', 'mati']"
DP6O35WE1xK,2025-10-18 17:48:04 WIB,agung_lintank,"['daerah', 'kaum', 'minggu']"
DP6O35WE1xK,2025-10-18 17:53:26 WIB,cynthia_larasati15,"['mati', 'air', 'mem']"
DP6O35WE1xK,2025-10-18 17:54:15 WIB,salsa_olshop1927,"['mati', 'air', 'mem']"
DP6O35WE1xK,2025-10-18 17:58:27 WIB,indie_riawan,"['air', 'keluar', 'detik', 'payah', 'pdam', 'warga', 'susah']"
DP6O35WE1xK,2025-10-18 18:01:40 WIB,mandaaa.rn,"['kudu', 'mantau', 'ate', 'masak', 'mantau', 'ate', 'mandi', 'mantau']"
DP6O35WE1xK,2025-10-18 18:03:25 WIB,ha_llo01,"['mati', 'sabtu', 'area', 'pondok', 'benowo', 'indah', 'kampung', 'bur']"
DP6O35WE1xK,2025-10-18 18:06:20 WIB,jeksonpanjaitan91,"['ganggu', 'jancok']"
DP6O35WE1xK,2025-10-18 18:06:38 WIB,jeksonpanjaitan91,"['air', 'bom', 'jalan']"
DP6O35WE1xK,2025-10-18 18:09:27 WIB,sektaboss,"['alir', 'nyala']"
DP6O35WE1xK,2025-10-18 18:21:49 WIB,eviaprilias,"['air', 'mem', 'mati', 'pikir', 'siang', 'keluar', 'sore', 'normal', 'mati', 'cuci', 'ku', 'tumpuk', 'mati', 'besok']"
DP6O35WE1xK,2025-10-18 18:22:01 WIB,erryseptiawan,"['admin', 'bicara', 'baik', 'nyata', 'air', 'nang', 'keluar', 'bablas', 'tetes', 'kran', 'buka', 'pagi', 'berangkat', 'kerja', 'pulang', 'kerja', 'bak', 'ku', 'kosong']"
DP6O35WE1xK,2025-10-18 18:30:54 WIB,putrilisti_16,"['air', 'nyala', 'ungsi', 'nak', 'rumah', 'orang tua']"
DP6O35WE1xK,2025-10-18 18:44:28 WIB,jack_noises,"['admin', 'butuh', 'kerja', 'bakti', 'warga', 'kerja', 'pipa', 'bicara', 'pegawai', 'air', 'admin']"
DP6O35WE1xK,2025-10-18 18:50:49 WIB,chella.o,"['nyata', 'lapang', 'air', 'keluar', 'stok', 'air', 'tipis', 'admin', 'garai', 'tagih', 'habis']"
DP6O35WE1xK,2025-10-18 19:00:51 WIB,erryseptiawan,"['kirim', 'dm']"
DP6O35WE1xK,2025-10-18 19:07:30 WIB,34_abadi,"['oalah', 'tau', 'barat', 'mentok', 'benowo']"
DP6O35WE1xK,2025-10-18 19:09:23 WIB,abiddinsy,"['bohong', 'si', 'admin', 'lapang', 'proses']"
DP6O35WE1xK,2025-10-18 19:09:35 WIB,34_abadi,"['cak', 'neng', 'bu', 'informasi', 'tanggal', 'tanggal', 'air', 'nobar', 'kecut', 'bos']"
DP6O35WE1xK,2025-10-18 19:12:35 WIB,34_abadi,"['buang', 'angin', 'kentut', 'pagi', 'dorong', 'mandi', 'cuci', 'cuci', 'tumpuk', 'awak', 'kecut', 'nobar', 'lengket']"
DP6O35WE1xK,2025-10-18 09:37:05 WIB,rioade14,"['mandi', 'air', 'logo', 'komen']"
DP6O35WE1xK,2025-10-18 09:41:15 WIB,ayoerahayu111,"['mem', 'langgan', 'bulan', 'lapor', 'mati', 'daerah', 'mem']"
DP6O35WE1xK,2025-10-18 09:42:14 WIB,hendrikvivi,"['nyala', 'air', 'keluar']"
DP6O35WE1xK,2025-10-18 09:42:38 WIB,trisachrisma,"['nyala', 'baik']"
DP6O35WE1xK,2025-10-18 09:45:28 WIB,trisachrisma,"['daerah', 'mem']"
DP6O35WE1xK,2025-10-18 09:49:19 WIB,inspirasiku_racunshopee,"['sidorejo', 'pakal', 'air', 'nyala', 'wa', 'tanggap']"
DP6O35WE1xK,2025-10-18 09:58:13 WIB,indie_riawan,"['parah', 'baik', 'air', 'uda', 'susah', 'keluar', 'rumah', 'warga']"
DP6O35WE1xK,2025-10-18 09:58:49 WIB,indie_riawan,"['air', 'subuh', 'keluar', 'payah']"
DP6O35WE1xK,2025-10-18 09:59:30 WIB,indie_riawan,"['parah', 'pdam', 'air', 'keluar', 'debit', 'air']"
DP6O35WE1xK,2025-10-18 10:03:17 WIB,chizlava,['nyala']
DP6O35WE1xK,2025-10-18 10:07:36 WIB,lalalililululalo,"['pagi', 'air', 'alir']"
DP6O35WE1xK,2025-10-18 10:13:28 WIB,me.mitha0205,"['barusan', 'nyala']"
DP6O35WE1xK,2025-10-18 10:16:22 WIB,paniipannnn_,"['mem', 'mati', 'air']"
DP6O35WE1xK,2025-10-18 10:23:13 WIB,poncoae,"['oke', 'informasi']"
DP6O35WE1xK,2025-10-18 10:25:20 WIB,shinta_marsharosaline,"['paham', 'kesal', 'ibu tadi', 'pagi', 'telepon', 'call', 'center', 'bilang', 'informasi', 'tanggal', 'tanggal', 'jawab', 'rajin', 'cek', 'instagram', 'pdam', 'info']"
DP6O35WE1xK,2025-10-18 10:33:44 WIB,isnawatichoiruliyah,"['baik', 'mari', 'rumah', 'jalan', 'sidorejo', 'pakal', 'air', 'mati']"
DP6O35WE1xK,2025-10-18 10:53:04 WIB,mhmddidits,"['pbi', 'nyala', 'bayar', 'air']"
DP6O35WE1xK,2025-10-18 11:23:47 WIB,mochyusufghanii,"['nyala', 'kaum']"
DP6O35WE1xK,2025-10-18 11:26:17 WIB,aaaudiye_lyv,"['tanggal', 'nyala', 'ki', 'air', 'sumber', 'hidup', 'beli', 'galon', 'mandi', 'bab', 'keluarga', 'kek', 'anak', 'balita', 'butuh', 'air']"
DP6O35WE1xK,2025-10-18 11:26:19 WIB,no_vellia,"['rumah', 'bandarejo', 'minggu', 'air', 'keluar', 'kadang', 'keluar', 'sumpah', 'bacut', 'pdam']"
DP6O35WE1xK,2025-10-18 11:29:18 WIB,rizkiyanura,"['mem', 'nyala']"
DP6O35WE1xK,2025-10-18 11:38:53 WIB,wildanrobih,['nyala']
DP6O35WE1xK,2025-10-18 11:40:39 WIB,isnawatichoiruliyah,"['nyala', 'air', 'sidorejo', 'pakal', 'call', 'center', 'wa', 'chat', 'proses', 'stok', 'air', 'ku', 'tip', 'respons']"
DP6O35WE1xK,2025-10-18 11:40:53 WIB,wildanrobih,"['mimpi', 'land', 'pondok', 'benowo', 'indah', 'nyala', 'baik']"
DP6O35WE1xK,2025-10-18 11:42:03 WIB,lila_linlin,"['pbi', 'ad', 'nyala', 'mati', 'lancar', 'air']"
DP6O35WE1xK,2025-10-18 12:06:38 WIB,chizlava,"['kandang', 'nyala']"
DP6O35WE1xK,2025-10-18 12:20:14 WIB,ellythonggg,['nyala']
DP6O35WE1xK,2025-10-18 12:27:53 WIB,34_abadi,"['siang', 'air', 'wilayah', 'pbi', 'keluar', 'kecut', 'mandi', 'perut', 'mules', 'mohon', 'tindak lanjut', 'mandi', 'orang', 'terima kasih']"
DP6O35WE1xK,2025-10-18 12:51:09 WIB,padelita.cr,['nyala']
DP6O35WE1xK,2025-10-18 12:54:07 WIB,dhana_saja,['normal']
DP6O35WE1xK,2025-10-18 13:03:51 WIB,ayusari8667,"['pbi', 'nyala', 'tangan', 'air']"
DP6O35WE1xK,2025-10-18 13:05:21 WIB,bekam_sby,"['seng', 'daerah', 'bandarejo', 'keluar', 'admin', 'normalisasi', 'butuh', 'no', 'bayi', 'parah']"
DP6O35WE1xK,2025-10-18 13:08:14 WIB,np.ajeng,"['daerah', 'bandarsari', 'nyala', 'nyala', 'dpt', 'baskom', 'air', 'butek']"
DP6O35WE1xK,2025-10-18 13:12:20 WIB,nrhasanah39,"['hawa', 'panas', 'air', 'mati']"
DP6O35WE1xK,2025-10-18 13:20:40 WIB,suksessportsby,"['panas', 'baik', 'nyala']"
DP6O35WE1xK,2025-10-18 13:24:26 WIB,brambang.ireng,"['nyala', 'area', 'mem']"
DP6O35WE1xK,2025-10-18 13:28:17 WIB,wii1i,"['keluar', 'air', 'pbi']"
DP6O35WE1xK,2025-10-18 13:45:51 WIB,shasa.cong,"['area', 'mem', 'nyala', 'air']"
DP6O35WE1xK,2025-10-18 13:47:26 WIB,shasa.cong,"['informasi', 'mepet', 'habis', 'air', 'nyala']"
DP6O35WE1xK,2025-10-18 13:54:59 WIB,wildanrobih,[]
DP6O35WE1xK,2025-10-18 13:56:18 WIB,shasa.cong,"['respons', 'mem', 'nyala', 'air']"
DP6O35WE1xK,2025-10-18 13:59:35 WIB,yosefinnathalia,"['mem', 'nyala']"
DP6O35WE1xK,2025-10-18 14:44:21 WIB,inez_dvk,"['sore', 'rumah', 'alir']"
DP6O35WE1xK,2025-10-18 14:47:16 WIB,sm4llc0rner,"['barusan', 'kendung', 'kaya', 'baik']"
DP6O35WE1xK,2025-10-18 15:01:53 WIB,purnomosudaryanto,"['debit', 'air', 'lumayan']"
DP6O35WE1xK,2025-10-18 15:04:59 WIB,wildanrobih,"['keluar', 'air']"
DP6O35WE1xK,2025-10-18 15:05:31 WIB,rudipriyanto1983,"['detik', 'area', 'pondok', 'benowo', 'indah', 'air', 'keluar', 'tetea']"
DP6O35WE1xK,2025-10-18 15:28:09 WIB,sugab_ojunip_farm_magetan,"['absen', 'mem', 'keluar', 'air', 'pagi', 'mandi']"
DP6O35WE1xK,2025-10-18 07:40:13 WIB,dannykrisd,"['air', 'mati']"
DP6O35WE1xK,2025-10-18 07:42:03 WIB,abiddinsy,"['habis', 'baik', 'bocor', 'parah']"
DP6O35WE1xK,2025-10-18 07:44:44 WIB,chizlava,"['bungkal', 'mati', 'pindah', 'kandang', 'serah']"
DP6O35WE1xK,2025-10-18 07:47:33 WIB,sektaboss,"['pagi', 'pbi', 'mati', 'total', 'pakai', 'pompa air', 'pagi', 'pagi', 'aktivitas', 'pagi']"
DP6O35WE1xK,2025-10-18 07:54:23 WIB,poncoae,"['nyala', 'air', 'hajat', 'susah', 'cari', 'air']"
DP6O35WE1xK,2025-10-18 07:57:32 WIB,fikars18,"['lanjur', 'tidur', 'mandi', 'air']"
DP6O35WE1xK,2025-10-18 07:58:28 WIB,salsa_olshop1927,"['lanjur', 'tampung', 'gang', 'mati', 'mati', 'gang', 'mati', 'mati', 'jan', 'jan', 'sulit', 'tok']"
DP6O35WE1xK,2025-10-18 07:59:41 WIB,reyvan0963,"['mati', 'air', 'heran']"
DP6O35WE1xK,2025-10-18 07:59:59 WIB,yynt_sec,"['hawa', 'panas', 'air', 'mepet', 'air']"
DP6O35WE1xK,2025-10-18 08:12:26 WIB,embeecks.eblast,"['info', 'bocor', 'dalam', 'beberapa meter', 'kotak', 'petric', 'culvert', 'estimasi', 'bocor', 'daerah', 'beji', 'dalam', 'beberapa meter']"
DP6O35WE1xK,2025-10-18 08:22:02 WIB,nophanophek,"['kerja', 'jadwal', 'info', 'dada', 'air', 'mati', 'umum', 'nang', 'status', 'instagram', 'main', 'instagram', 'tah', 'lihat', 'instagram']"
DP6O35WE1xK,2025-10-18 08:25:44 WIB,chizlava,"['jam berapa', 'gusti']"
DP6O35WE1xK,2025-10-18 08:35:33 WIB,brambang.ireng,"['panas', 'panas', 'air', 'mati']"
DP6O35WE1xK,2025-10-18 08:37:48 WIB,wii1i,"['awas', 'molor', 'janji', 'molor']"
DP6O35WE1xK,2025-10-18 08:39:00 WIB,hi_iniiaku,"['baik', 'lihat', 'warga', 'sing', 'hajat', 'data', 'angger', 'tidur', 'mati', 'air', 'sing', 'bongkar', 'pasang', 'koyok', 'lo', 'erti']"
DP6O35WE1xK,2025-10-18 08:39:37 WIB,hi_iniiaku,"['mari', 'panas', 'mati', 'mati']"
DP6O35WE1xK,2025-10-18 09:06:58 WIB,paniipannnn_,"['teman', 'mem', 'air', 'nyala']"
DP6O35WE1xK,2025-10-18 09:08:41 WIB,brambang.ireng,[]
DP6O35WE1xK,2025-10-18 09:11:21 WIB,yanianis33,"['hawa', 'panas', 'air', 'mati', 'moga']"
DP6O35WE1xK,2025-10-18 09:13:20 WIB,izza.nurulr26,"['denda', 'langsung', 'gercep', 'pipa', 'bolak', 'balek', 'tulung', 'baik', 'seng', 'ojok', 'bolak', 'air', 'butuh', 'vital']"
DP6O35WE1xK,2025-10-18 09:21:36 WIB,augselv_,"['pbi', 'nyala']"
DP6O35WE1xK,2025-10-18 09:23:34 WIB,bluegummm_,"['bandarejo', 'mem', 'air', 'mati', 'pagi']"
DP6O35WE1xK,2025-10-18 09:27:11 WIB,malll_muhammad,"['mem', 'mati']"
DP6O35WE1xK,2025-10-18 09:30:56 WIB,bluegummm_,"['admin', 'bandarejo', 'mem', 'air', 'mati', 'pagi', 'nyala']"
DP6O35WE1xK,2025-10-18 05:09:13 WIB,mega55639,['sulit']
DP6O35WE1xK,2025-10-18 05:18:48 WIB,wii1i,"['bulan', 'ganggu', 'daerah', 'pipa', 'bocor', 'kali', 'madam', 'rumah', 'pompa', 'kali']"
DP6O35WE1xK,2025-10-18 05:20:30 WIB,rendrainmasgus,"['kayak', 'alas', 'baik', 'pipa', 'bocor', 'benar', 'kecewa', 'akhir pekan', 'informasi', 'jadi']"
DP6O35WE1xK,2025-10-18 05:21:34 WIB,alfaaz_onecare,"['benowo', 'nyala', 'siang', 'malam', 'baik']"
DP6O35WE1xK,2025-10-18 05:22:21 WIB,wii1i,"['tulis', 'mohon', 'asti', 'dasar', 'perintah', 'kerja']"
DP6O35WE1xK,2025-10-18 05:23:21 WIB,wii1i,"['mati', 'total', 'pbi', 'malam']"
DP6O35WE1xK,2025-10-18 05:26:36 WIB,mochyusufghanii,"['bayar', 'telat', 'denda', 'mati', 'serentak']"
DP6O35WE1xK,2025-10-18 05:33:44 WIB,mochyusufghanii,"['mati', 'bayar', 'ojk', 'denda']"
DP6O35WE1xK,2025-10-18 05:41:00 WIB,augselv_,"['seng', 'kerja', 'bingung', 'tagih', 'air', 'diskon', 'rugi', 'warga']"
DP6O35WE1xK,2025-10-18 05:54:37 WIB,me.mitha0205,"['mati', 'hidup', 'pdam']"
DP6O35WE1xK,2025-10-18 05:55:21 WIB,bintu.ghanii_,"['klakah', 'rejo', 'mati', 'mati', 'baik', 'info', 'malam', 'istirahat', 'bangun', 'air', 'mati', 'total', 'rumah', 'tandon', 'air', 'susah']"
DP6O35WE1xK,2025-10-18 05:56:36 WIB,me.mitha0205,"['bicara', 'gampang', 'tampung', 'tampung', 'air', 'hujan', 'musim', 'kemarau', 'kirim', 'pasok', 'air', 'kudu', 'warga', 'gampang', 'pdam', 'oh', 'pdam', 'tarif', 'denda', 'telat', 'no']"
DP6O35WE1xK,2025-10-18 06:01:17 WIB,chrizt_tien,"['prei', 'kerja', 'kumpul', 'nang', 'rumah', 'air', 'mati', 'anjay']"
DP6O35WE1xK,2025-10-18 06:14:58 WIB,andib.rhm,"['jam gin', 'mati', 'berangkat', 'kerja', 'mandi']"
DP6O35WE1xK,2025-10-18 06:16:51 WIB,nurriya70,"['efek', 'tidur', 'sore', 'air']"
DP6O35WE1xK,2025-10-18 06:24:59 WIB,cynthia_larasati15,"['habis', 'baik', 'baik', 'baik', 'timbul', 'malas', 'deh']"
DP6O35WE1xK,2025-10-18 06:29:52 WIB,mukhammad_fandi,['latah']
DP6O35WE1xK,2025-10-18 06:36:44 WIB,riswandha95,"['kandang', 'pandansari', 'dampak', 'rumah', 'pompa', 'kandang', 'suplai', 'mobil', 'tangki', 'air', 'gratis']"
DP6O35WE1xK,2025-10-18 06:38:59 WIB,ikacuby,"['griya', 'citra', 'asri', 'pdam', 'mati', 'pagi']"
DP6O35WE1xK,2025-10-18 06:42:19 WIB,evinamegan,[]
DP6O35WE1xK,2025-10-18 06:42:23 WIB,_dmzzz,"['warga', 'bayar', 'pdam', 'jadi', 'ganti', 'informasi', 'dadak']"
DP6O35WE1xK,2025-10-18 06:44:44 WIB,evinamegan,"['libur', 'niat', 'cuci', 'mati', 'air']"
DP6O35WE1xK,2025-10-18 06:53:54 WIB,lee_chamoomilee,"['info', 'baru', 'estimasi', 'kurang lebih beberapa', 'kota', 'pelosok', 'susah', 'air', 'bayar', 'gratis']"
DP6O35WE1xK,2025-10-18 06:59:11 WIB,mila_miyaz,[]
DP6O35WE1xK,2025-10-18 07:00:05 WIB,mirzaland,['ulang']
DP6O35WE1xK,2025-10-18 07:07:31 WIB,bekam_sby,"['mati', 'tetes', 'nang', 'masjid', 'karo', 'ajak', 'bayi']"
DP6O35WE1xK,2025-10-18 07:08:16 WIB,_dewiaria,"['estimasi', 'nyala']"
DP6O35WE1xK,2025-10-18 07:08:52 WIB,_dewiaria,"['rumah', 'anak', 'orang', 'tandon', 'air', 'umum', 'dadak', 'liat', 'instagram', 'pdam']"
DP6O35WE1xK,2025-10-18 07:10:44 WIB,angga.per,"['mati', 'pesan']"
DP6O35WE1xK,2025-10-18 07:10:50 WIB,congkendro,"['pbi', 'mati', 'kerja', 'suruh', 'cepet']"
DP6O35WE1xK,2025-10-18 07:12:28 WIB,hi_iniiaku,"['mota', 'mati', 'anjir', 'berangkat', 'kerja']"
DP6O35WE1xK,2025-10-18 07:17:13 WIB,mila_miyaz,"['jawab', 'kayak', 'komen']"
DP6O35WE1xK,2025-10-18 07:33:28 WIB,eviaprilias,"['umum', 'tidur', 'rencana', 'baik', 'kasi', 'umum', 'siang', 'tampung', 'air', 'tampung', 'air', 'iler']"
DP6O35WE1xK,2025-10-18 07:33:47 WIB,rezky_2210,"['air', 'pagi', 'keluar']"
DP6O35WE1xK,2025-10-18 07:37:08 WIB,yolandaayurotania,"['pdam', 'hormat', 'mohon', 'baik', 'debit', 'air', 'kali', 'mati', 'baik', 'air', 'keluar', 'keluar', 'bu', 'bayang', 'posisi', 'tandon', 'ganggu', 'aktivasi', 'rumah', 'tangga', 'hari']"
DP6O35WE1xK,2025-10-18 07:38:00 WIB,aburamadhan,['ganggu']
DP6O35WE1xK,2025-10-17 19:14:50 WIB,lalalililululalo,[]
DP6O35WE1xK,2025-10-17 19:18:19 WIB,dewagstin,[]
DP6O35WE1xK,2025-10-17 19:19:35 WIB,lalalililululalo,"['bayar', 'dpt', 'diskon']"
DP6O35WE1xK,2025-10-17 19:25:37 WIB,yanianis33,"['biasa', 'seh']"
DP6O35WE1xK,2025-10-17 19:34:53 WIB,eveline_fr,"['call', 'center', 'wa', 'pagi', 'malam', 'hubingi', 'sibuk', 'balas']"
DP6O35WE1xK,2025-10-17 19:41:07 WIB,nyomudkecil_,"['admin', 'tambah', 'panjang', 'cerita']"
DP6O35WE1xK,2025-10-17 19:44:24 WIB,nyomudkecil_,"['tampung', 'tampung', 'ganggu', 'nyala', 'ganggu', 'suruh', 'tampung', 'tampung', 'angin']"
DP6O35WE1xK,2025-10-17 19:50:12 WIB,inez_dvk,"['bayar', 'air', 'sulit']"
DP6O35WE1xK,2025-10-17 19:50:15 WIB,bekam_sby,"['bandarejo', 'dampak']"
DP6O35WE1xK,2025-10-17 19:51:04 WIB,chella.o,"['mota', 'mati', 'kerja', 'rugi', 'warga', 'tagih', 'larang', 'air', 'mota', 'mati']"
DP6O35WE1xK,2025-10-17 20:04:16 WIB,indriyantiikaagustin,['mati']
DP6O35WE1xK,2025-10-17 20:09:41 WIB,eveline_fr,"['suda', 'wa', 'cek']"
DP6O35WE1xK,2025-10-17 20:31:36 WIB,natnu.tt,['pbi']
DP6O35WE1xK,2025-10-17 21:08:27 WIB,mayaprmtsr,"['akhir pekan', 'kaya']"
DP6O35WE1xK,2025-10-17 21:37:11 WIB,_dssy,"['mem', 'mem', 'seng', 'alir', 'panjang']"
DP6O35WE1xK,2025-10-17 21:38:15 WIB,_dssy,[]
DP6O35WE1xK,2025-10-17 21:45:34 WIB,thary1299,"['manuk', 'air', 'mati', 'pagi', 'oktober', 'malam', 'nyala']"
DP6O35WE1xK,2025-10-18 00:02:05 WIB,thary1299,"['manuk', 'sma']"
DP6O35WE1xK,2025-10-18 04:00:01 WIB,cynthia_larasati15,"['pdam', 'mati', 'mati']"
DP6O35WE1xK,2025-10-18 04:03:02 WIB,cynthia_larasati15,"['asa', 'baik', 'baik', 'heran', 'deh']"
DP6O35WE1xK,2025-10-18 04:34:22 WIB,lee_chamoomilee,"['informasi', 'mepet', 'malam', 'tidur', 'bangun', 'bangun', 'petang', 'nyala', 'air', 'kamar', 'mandi', 'air', 'keluar', 'langsung', 'pikir', 'cek', 'instagram', 'pdam', 'baik', 'tagih', 'air', 'ribu', 'total', 'juta', 'ribu', 'air', 'kondisi', 'air', 'nyala', 'mati', 'baik', 'ulang', 'mati', 'rumah', 'tandon', 'air', 'sumur', 'andal', 'air', 'pdam', 'sulit', 'baik', 'kali', 'nama', 'rugi', 'bocor', 'pipa', 'tagih', 'murah', 'oke', 'oke', 'pakai', 'tagih', 'padan']"
DP6O35WE1xK,2025-10-18 04:39:43 WIB,wien_reyki,"['kabar', 'baru', 'pasang', 'katup', 'babat', 'jerawat']"
DP6O35WE1xK,2025-10-18 04:49:58 WIB,daffaalzhafran,"['orang', 'tidur', 'bikin', 'umum', 'mati', 'air', 'hebat']"
DP6O35WE1xK,2025-10-18 05:08:49 WIB,mega55639,"['estimasi', 'bangun', 'tidur', 'mandi']"
DP5XKAwk8nC,2025-10-17 11:34:25 WIB,lindapriskilar,"['medok', 'ayu', 'utara', 'ampun', 'air', 'keluar', 'panas', 'cuaca']"
DP5XKAwk8nC,2025-10-17 15:20:57 WIB,dephii_cute,"['air', 'hidup', 'aktivitas', 'air']"
DP5XKAwk8nC,2025-10-17 16:48:10 WIB,lindapriskilar,[]
DP5XKAwk8nC,2025-10-17 17:41:49 WIB,dephii_cute,"['nyala', 'alir', 'air', 'kemaren']"
DP5XKAwk8nC,2025-10-17 18:25:09 WIB,lindapriskilar,"['smp', 'tunggu', 'baru']"
DP5XKAwk8nC,2025-10-18 05:20:40 WIB,hendry_list,"['daerah', 'kandang', 'rejo', 'air', 'mati']"
DQVwjiUE6px,2025-10-28 12:15:01 WIB,nurivaivana,"['medayu', 'utara', 'sore', 'mati', 'air', 'baik']"
DQVwjiUE6px,2025-10-28 12:29:13 WIB,ollaaqmryh,"['lihat', 'story']"
DQVwjiUE6px,2025-10-28 12:31:30 WIB,nurivaivana,"['oh', 'baik', 'mb', 'air']"
DQVwjiUE6px,2025-10-28 12:38:33 WIB,yopi_apriyanto,"['air', 'rumah', 'nyala']"
DQVwjiUE6px,2025-10-28 14:41:42 WIB,stuylei,"['sambikerep', 'nyala', 'pagi', 'solusi']"
DQVwjiUE6px,2025-10-28 15:13:15 WIB,putriijams,"['daerah', 'pradah', 'air', 'mati', 'sore', 'air', 'keluar']"
DQVwjiUE6px,2025-10-28 15:27:48 WIB,nurima_so7,"['pagi', 'jual']"
DQVwjiUE6px,2025-10-28 17:34:48 WIB,dwiwahyu.23,"['sambikerep', 'nyala', 'air', 'pagi', 'mandi', 'cuci', 'buang', 'air', 'sulit']"
DQVwjiUE6px,2025-10-28 18:50:14 WIB,marcelia_dini,"['sambikerep', 'pangan', 'pipa', 'kerja']"
DQVwjiUE6px,2025-10-28 18:50:20 WIB,marcelia_dini,"['kebelet', 'buang air besar']"
DQVwjiUE6px,2025-10-28 18:52:16 WIB,marcelia_dini,"['erti', 'adu', 'sambikerep', 'dukuh', 'kapas', 'mati', 'kudu', 'gercep', 'timbul', 'armada', 'to', 'air', 'pagi', 'lamun', 'peduli']"
DQVwjiUE6px,2025-10-28 19:22:16 WIB,harianto_eko94,"['sakit', 'daerah', 'sambikerep', 'air', 'pelan', 'mati', 'ubah', 'pdam']"
DQVwjiUE6px,2025-10-28 22:24:54 WIB,cholifatussya,"['dukuh', 'kapas', 'pagi', 'nyala']"
DQVwjiUE6px,2025-10-28 22:26:17 WIB,cholifatussya,"['habis', 'air', 'dukuh', 'kapas', 'pagi', 'nyala', 'air']"
DQVwjiUE6px,2025-10-29 07:28:00 WIB,albertfebriant,"['kutisari', 'siang', 'pdam', 'nyala']"
DQVwjiUE6px,2025-10-29 10:28:23 WIB,cholifatussya,"['alhamdulillah', 'air', 'keluar']"
DQVwjiUE6px,2025-10-29 12:28:45 WIB,anis_roziqi,"['kutisari', 'rumah', 'mati']"
DQVwjiUE6px,2025-10-29 12:28:55 WIB,anis_roziqi,"['mati', 'pdam']"
DQVwjiUE6px,2025-10-29 13:24:58 WIB,albertfebriant,"['siang', 'nyala', 'kondisi', 'air', 'kotor']"
DQVwjiUE6px,2025-10-29 17:32:52 WIB,lianaharyantini5,"['sumurwelut', 'mati', 'air']"
DQVwjiUE6px,2025-10-29 18:49:34 WIB,rys.delight,"['sumur', 'welut', 'lakarsantri', 'mati', 'info']"
DQVwjiUE6px,2025-10-30 05:48:19 WIB,hadi.soev,"['air', 'umbul', 'mbok', 'alir', 'warga', 'rumah', 'mewah', 'tok']"
DP3rWdpExko,2025-10-19 21:11:28 WIB,af13071997,"['bayar', 'pdam', 'telat', 'denda', 'jos', 'lapor', 'pagi', 'pdam', 'mati', 'kampung', 'malam', 'respon']"
DP3rWdpExko,2025-10-19 21:31:25 WIB,af13071997,"['tambak', 'mayor', 'barat', 'gang', 'warga', 'habis', 'air', 'respon', 'pdam', 'lapor', 'rt', 'warga']"
DP3rWdpExko,2025-10-19 21:32:40 WIB,af13071997,"['tambak', 'mayor', 'barat', 'gang', 'gudang', 'jawa', 'indah', 'tanjungsari']"
DP3rWdpExko,2025-10-20 05:27:20 WIB,af13071997,"['jelang', 'air', 'rumah', 'habis', 'tindak']"
DQF6EqejkFf,2025-10-22 08:10:15 WIB,nuri1huda,"['santri', 'bangun', 'negeri']"
DQF6EqejkFf,2025-10-22 09:35:08 WIB,presarioqalamm,['santri']
DQF6EqejkFf,2025-10-22 11:48:57 WIB,evimomsabila,"['perumda', 'surya', 'sembada']"
DQF6EqejkFf,2025-10-22 11:50:13 WIB,widyarigga,['santri']
DQDpQlWE97I,2025-10-21 13:11:01 WIB,shafaardini,"['air', 'keci']"
DQDpQlWE97I,2025-10-21 15:51:03 WIB,onnyfariz,"['berita', 'lambat', 'salah', 'tanggal', 'tanggal']"
DQDpQlWE97I,2025-10-21 20:50:21 WIB,panti.remaja,"['kalijaran', 'air', 'ko', 'tidak pernah', 'alir', 'bayar']"
DQDpQlWE97I,2025-10-21 20:51:16 WIB,joesoeff,"['hubung', 'cs', 'kait', 'kalijaran', 'air', 'alir', 'ko', 'respon']"
DQDpQlWE97I,2025-10-21 20:51:58 WIB,riyann.dc,"['admin', 'bom', 'mandi', 'minggu']"
DQDpQlWE97I,2025-10-21 20:52:59 WIB,guajagobola,"['mas', 'mati', 'kalijaran']"
DQDpQlWE97I,2025-10-21 20:53:10 WIB,st.anfang,"['kalijaran', 'minggu', 'air', 'sulit', 'alir', 'hubung', 'cs wa', 'gerak cepat tolong', 'respon', 'cepat']"
DQDpQlWE97I,2025-10-21 20:54:28 WIB,sir_yannnn,['pdam']
DQDpQlWE97I,2025-10-21 20:54:34 WIB,joesoefflaughter,"['kalijaran', 'sambikerep', 'air', 'alir', 'mohon', 'bantu']"
DQDpQlWE97I,2025-10-21 20:54:59 WIB,kakakumoro_,"['air', 'kalijaran', 'cilik', 'pol', 'kate', 'mandi', 'sulit']"
DQDpQlWE97I,2025-10-21 20:57:19 WIB,psm7_smpn20sby,['kalijaran']
DQDpQlWE97I,2025-10-21 21:10:37 WIB,kkn13pasuruan,['kering']
DQDpQlWE97I,2025-10-21 21:16:07 WIB,joesoeff,"['air', 'kalijaran', 'sambikerep']"
DQDpQlWE97I,2025-10-22 06:13:38 WIB,arumanggiarini_,"['karah', 'mati', 'mandi', 'berangkat', 'kerja sekolah']"
DQDpQlWE97I,2025-10-22 06:51:46 WIB,annishafs,"['daerah', 'jambang', 'mati', 'air', 'pemberitahuan', 'saran', 'suruh', 'tampung', 'kl', 'pemberitahuan', 'tampung', 'pake', 'duh']"
DQDpQlWE97I,2025-10-22 07:23:03 WIB,laundrysurabaya.bulakbanteng,"['pagi', 'malam', 'gada', 'air', 'satu minggu', 'bantu']"
DQDpQlWE97I,2025-10-22 07:32:38 WIB,ote_05,"['tempurejo', 'air', 'mati', 'air', 'admin', 'mandi', 'mati', 'bicara', 'estimasi', 'tanggal', 'tanggal']"
DQDpQlWE97I,2025-10-22 12:42:31 WIB,sir_yannnn,"['wa', 'en', 'ka', 'pegal']"
DP-0_D9DgH4,2025-10-19 22:12:54 WIB,ervansoerabaja,"['wilayah', 'bronggalan', 'keluar', 'da', 'pagi', 'sd', 'malam', 'sd', 'tahun', 'mohon', 'solusi', 'lapor', 'tugas', 'air', 'alir', 'cek', 'pdam', 'surabaya', 'perhati', 'daerah', 'air', 'lancar']"
DP-0_D9DgH4,2025-10-20 03:13:34 WIB,a.paramita_s,"['pagi', 'tanggal', 'air', 'mati', 'info', 'air', 'mati', 'uda', 'kaya', 'puasa', 'daud']"
DP-0_D9DgH4,2025-10-20 12:55:53 WIB,aaaudiye_lyv,['nyala']
DP-0_D9DgH4,2025-10-20 20:31:42 WIB,sakti_alcobra,"['jalan', 'juwingan', 'dampak', 'air', 'keluar']"
DP-0_D9DgH4,2025-10-21 00:21:37 WIB,mommycend,['juwingan']
DP-0_D9DgH4,2025-10-21 04:31:10 WIB,rya.it09,"['pagi', 'air', 'daerah', 'krembangan', 'keluar', 'info']"
DP-0_D9DgH4,2025-10-21 05:48:27 WIB,martinus.teguh.1,"['daerah', 'krembangan', 'air', 'mati']"
DP-0_D9DgH4,2025-10-21 05:57:02 WIB,wahyu.agnk05,"['krembangan', 'mati', 'sekolah', 'kerja', 'mandi', 'susah', 'info', 'minimal', 'siap']"
DP-0_D9DgH4,2025-10-21 09:04:20 WIB,dwijayanti_dwi,['mati']
DP-0_D9DgH4,2025-10-21 09:40:40 WIB,cherrypunyarasa,"['daerah', 'krembangan', 'malam', 'mati', 'pemberitahuan']"
DP-0_D9DgH4,2025-10-21 11:11:14 WIB,a.paramita_s,"['japri', 'lapang', 'langsung', 'capek', 'kotak', 'culvert', 'mohon', 'bantu', 'ikut', 'cepet', 'diare', 'puyeng', 'air', 'mati', 'omset', 'umkm', 'dampak', 'langgan', 'rugi', 'bayar', 'tagih', 'pdam', 'dpt', 'maksimal']"
DP-0_D9DgH4,2025-10-21 11:19:18 WIB,nor_lianaa17,"['pln', 'padam', 'air', 'alir', 'jua', 'hubung', 'banget', 'eh']"
DP-0_D9DgH4,2025-10-21 12:00:35 WIB,melliniancp,"['krembangan', 'air', 'mati']"
DP7sZ_2k33-,2025-10-18 14:58:33 WIB,esther.icha.56,"['estimasi', 'mati', 'beberapa malam', 'bom', 'nyala', 'bayi']"
DP7sZ_2k33-,2025-10-18 17:45:53 WIB,murdaningrumnining,"['uda', 'air', 'nyala', 'blok', 'air']"
DP7sZ_2k33-,2025-10-18 17:54:48 WIB,cynthia_larasati15,"['mem', 'mati', 'baik', 'air', 'lancar', 'kali', 'baik', 'air', 'lancar']"
DP7sZ_2k33-,2025-10-18 18:08:13 WIB,ubaidillaharrafif,"['mati', 'wilayah', 'mem', 'jaya', 'leher', 'kendung']"
DP7sZ_2k33-,2025-10-18 18:20:46 WIB,renoaap,"['air', 'nyala', 'pbi', 'blok']"
DP7sZ_2k33-,2025-10-18 18:38:13 WIB,nurissfarra,"['bulak', 'air', 'mati']"
DP7sZ_2k33-,2025-10-18 19:02:30 WIB,tyaa.nanin,"['mem', 'keluar', 'air']"
DP7sZ_2k33-,2025-10-18 19:26:35 WIB,aal_iyaah111,"['benar', 'pondok', 'benowo', 'indah', 'hari', 'pdam', 'keluar', 'coba', 'cek', 'baik', 'mem', 'pagi', 'coba', 'nyala', 'air', 'keluar', 'mandi', 'sakit', 'sembuh', 'krisis', 'air', 'pondok', 'benowo', 'indah']"
DP7sZ_2k33-,2025-10-18 19:28:17 WIB,murdaningrumnining,"['proses', 'kirim', 'butuh', 'janji', 'air']"
DP7sZ_2k33-,2025-10-18 19:44:30 WIB,aal_iyaah111,"['sakit', 'gara-gara', 'angkat', 'air']"
DP7sZ_2k33-,2025-10-18 19:56:46 WIB,nurissfarra,"['air', 'nyala']"
DP7sZ_2k33-,2025-10-18 20:15:09 WIB,tenbrst,['keluar']
DP7sZ_2k33-,2025-10-18 20:24:45 WIB,murdaningrumnining,"['pbi', 'blok', 'aa', 'bb', 'nyala']"
DP7sZ_2k33-,2025-10-18 20:54:14 WIB,shintaochin32,"['ky', 'informasi', 'rabu', 'mati', 'kamis', 'mati', 'kadung', 'tampung', 'air', 'ember', 'mati', 'besok', 'air', 'ember', 'kadung', 'kotor', 'sia', 'pakai']"
DP7sZ_2k33-,2025-10-18 20:55:03 WIB,shintaochin32,"['gara-gara', 'air', 'mati', 'hari', 'dagang', 'umkm', 'paksa', 'libur', 'dagang', 'jual', 'butuh', 'air', 'tagih', 'cicil', 'jalan']"
DP7sZ_2k33-,2025-10-18 22:37:26 WIB,its.s.al,"['hidup', 'ni', 'daerah', 'mem', 'hari', 'buang air besar', 'mandi', 'dekil']"
DP7sZ_2k33-,2025-10-19 06:22:37 WIB,idarochmawati97,"['air', 'keluar', 'malam', 'baik', 'tugas', 'ganti', 'meter', 'normal', 'ganti', 'air', 'keluar', 'malam']"
DP7sZ_2k33-,2025-10-19 07:51:00 WIB,shintaochin32,"['pbi', 'malam', 'nyala', 'mati', 'air', 'mati', 'ad', 'pemberitahuan', 'bayi', 'jual', 'umkm', 'hambat', 'wilayah', 'surabaya', 'barat', 'pdam', 'mati', 'tagih', 'air', 'bayar', 'mati', 'pusat']"
DP7sZ_2k33-,2025-10-19 07:51:36 WIB,shintaochin32,"['mati', 'pbi']"
DP7sZ_2k33-,2025-10-19 07:54:47 WIB,shintaochin32,"['komen', 'jarang', 'baik', 'baik', 'mati', 'tagih', 'jalan', 'no', 'ganggu', 'gugat', 'bayar', 'kudu', 'bayar']"
DP7sZ_2k33-,2025-10-19 08:26:52 WIB,laundrysurabaya.bulakbanteng,"['wilayah', 'bulak', 'banteng', 'nyala', 'penatu', 'tumpuk', 'nyala', 'pagi', 'andal', 'omset', 'akhir pekan', 'nyala']"
DP7sZ_2k33-,2025-10-19 08:43:24 WIB,sandyirwansyah,"['begadang', 'tunggu', 'air', 'tiap hari', 'air', 'daerah', 'pbi', 'mati']"
DP7sZ_2k33-,2025-10-19 08:49:40 WIB,renoaap,"['mati', 'malam', 'air', 'tandon']"
DP7sZ_2k33-,2025-10-19 09:20:15 WIB,laundrysurabaya.bulakbanteng,[]
DP7sZ_2k33-,2025-10-19 10:05:18 WIB,panggilsajaludi,"['benowo', 'barat', 'pucuk', 'keluar', 'admin']"
DP7sZ_2k33-,2025-10-19 10:20:18 WIB,sandyirwansyah,"['keluar', 'malam', 'pagi', 'mati', 'pondok', 'benowo', 'indah', 'blok', 'no']"
DP7sZ_2k33-,2025-10-19 12:09:54 WIB,its.s.al,[]
DP7sZ_2k33-,2025-10-18 10:54:38 WIB,bram_sneakers,"['air', 'surabaya', 'barat', 'mem', 'mati', 'mandi', 'pakai']"
DP7sZ_2k33-,2025-10-18 11:00:39 WIB,murdaningrumnining,"['pbi', 'mati', 'nyala', 'anak', 'air', 'hidup']"
DP7sZ_2k33-,2025-10-18 11:07:11 WIB,shinazugawa_sanemii_,"['surabaya', 'utara', 'wilayah', 'lebak', 'air', 'mati', 'admin', 'nyala', 'pompa air', 'pagi', 'air', 'kunjung', 'keluar']"
DP7sZ_2k33-,2025-10-18 11:07:57 WIB,shinazugawa_sanemii_,['baik']
DP7sZ_2k33-,2025-10-18 11:18:48 WIB,murdaningrumnining,"['tunggu', 'pbi', 'blok', 'blok', 'aa', 'blok', 'bb']"
DP7sZ_2k33-,2025-10-18 11:19:35 WIB,bram_sneakers,"['mohon', 'kirim', 'tangki', 'air', 'bersih']"
DP7sZ_2k33-,2025-10-18 11:19:37 WIB,murdaningrumnining,"['kirim', 'dm', 'nomor', 'mohon', 'darurat']"
DP7sZ_2k33-,2025-10-18 11:24:10 WIB,mar.tina_tina,"['daerah', 'mleto', 'manyar', 'sabrangan', 'mati', 'air', 'nyala', 'hari', 'mati', 'lbh', 'pake', 'pompa', 'air', 'keluar']"
DP7sZ_2k33-,2025-10-18 12:18:00 WIB,arifanugrahr,"['daerah', 'pbi', 'air', 'mati', 'uda', 'krisis', 'air']"
DP7sZ_2k33-,2025-10-18 12:39:17 WIB,tenbrst,"['putih', 'keluar', 'air']"
DP7sZ_2k33-,2025-10-18 13:55:29 WIB,murdaningrumnining,"['ayo', 'air', 'sumpah', 'susah', 'air', 'kali', 'bikin', 'umum', 'dada', 'sesuai', 'mati', 'rabu', 'mati', 'rabu', 'mati', 'kamis']"
DPxkv7Dk3hG,2025-10-14 19:23:02 WIB,rifaldokaka,['informasi']
DPxkv7Dk3hG,2025-10-14 21:10:50 WIB,dheaaapriyanti_,['nyala']
DPxkv7Dk3hG,2025-10-15 04:36:25 WIB,dilaasrl,"['mati', 'air']"
DPxkv7Dk3hG,2025-10-15 07:41:39 WIB,richajingga,[]
DPxkv7Dk3hG,2025-10-15 08:52:17 WIB,veelovee99,"['aduh', 'air', 'mati', 'mandi', 'berangkat', 'kantor', 'moga', 'cepat', 'nyala']"
DPxkv7Dk3hG,2025-10-15 09:56:35 WIB,aaaudiye_lyv,"['gina', 'menit', 'mati']"
DPxkv7Dk3hG,2025-10-15 10:14:55 WIB,pnoviantia,"['air', 'mati']"
DPxkv7Dk3hG,2025-10-15 13:27:31 WIB,felixsby,"['gayungsari', 'barat', 'air', 'mati', 'nyala']"
DPxkv7Dk3hG,2025-10-15 18:16:54 WIB,wisnulia,"['daerah', 'pakal', 'mati', 'pagi', 'sore', 'keluar', 'air']"
DPxkv7Dk3hG,2025-10-15 21:58:27 WIB,pnoviantia,"['lokasi', 'kendung']"
DPxkHAPCNYS,2025-10-16 04:17:38 WIB,dila_alidafrun,"['tambak', 'takut', 'gang', 'nyala', 'susah', 'aktivitas', 'mandi', 'pakai', 'air', 'galon', 'keluar', 'air']"
DP2sH7wE_NT,2025-10-16 10:35:04 WIB,sifeb_,"['daftar', 'pdam', 'pasang']"
DP2sH7wE_NT,2025-10-16 11:44:26 WIB,dtrisetyani,"['area', 'medok', 'ayu', 'mati']"
DP2sH7wE_NT,2025-10-16 13:02:18 WIB,garin06,"['medayu', 'mati', 'baik']"
DP2sH7wE_NT,2025-10-16 18:18:51 WIB,tt.n.aurieltitania,"['wilayah', 'mulyosari', 'air', 'mati']"
DP0MtS_k0O_,2025-10-15 17:01:23 WIB,felixsby,['nyala']
DP0MtS_k0O_,2025-10-15 17:01:57 WIB,felixsby,"['bayar', 'telat', 'denda', 'pdam', 'mati', 'murup']"
DP0MtS_k0O_,2025-10-16 18:27:19 WIB,_ntaneka27,['kerja']
DP0MtS_k0O_,2025-10-16 19:06:17 WIB,balqis_alwan,"['tempurejo', 'hidup', 'air', 'telepon', 'call', 'center']"
DP0MtS_k0O_,2025-10-17 17:12:15 WIB,balqis_alwan,"['air', 'hidup']"
DP3HNdjk_ex,2025-10-16 17:56:20 WIB,riezkykautsar,"['rungkut', 'kena']"
DP3HNdjk_ex,2025-10-16 17:57:16 WIB,rofiqrow,"['medayu', 'utara', 'siang', 'air']"
DPx57MmkyYU,2025-10-14 19:02:00 WIB,duwiq2805,['mohon']
DPx57MmkyYU,2025-10-14 19:08:49 WIB,bbotnotbadd,"['dharmawangsa', 'keluar', 'malam', 'mati', 'keluar', 'malam']"
DPx57MmkyYU,2025-10-14 19:46:33 WIB,ricorenaldi_,"['daerah', 'anti', 'nyala', 'info', 'nyala']"
DPx57MmkyYU,2025-10-14 19:46:46 WIB,cholil_zaenuri,"['bulak', 'banteng', 'hidup', 'pagi']"
DPx57MmkyYU,2025-10-14 20:39:46 WIB,natalinashelvy,"['wilayah', 'jelidro', 'sambikerep', 'air', 'mati', 'malam', 'malam', 'nyala', 'solusi']"
DPx57MmkyYU,2025-10-14 20:48:40 WIB,dodo.arbi,"['barat', 'men', 'ganggu', 'air', 'asli', 'tanggal', 'pelan', 'alir', 'air']"
DPx57MmkyYU,2025-10-14 22:48:08 WIB,rosa_berduri,"['hari', 'mari', 'nyala', 'kl', 'nyala', 'masuk', 'bak', 'kamar', 'mandi', 'bantu', 'area', 'gayungsari']"
DPx57MmkyYU,2025-10-14 22:48:36 WIB,rosa_berduri,"['mati', 'nyala']"
DPx57MmkyYU,2025-10-14 23:21:06 WIB,elxkins26_,"['warga', 'mojo', 'benar', 'malam', 'air', 'keluar', 'pelan', 'air', 'nyala', 'deres', 'air', 'susah', 'nyala']"
DPx57MmkyYU,2025-10-14 23:37:46 WIB,yuliana_safitriiii,"['daerah', 'kedungasem', 'kedungbaruk', 'mati', 'sore', 'nyala', 'kira', 'nyala']"
DPx57MmkyYU,2025-10-15 01:27:41 WIB,dyahnaw,"['daerah', 'wisma', 'pagesangan', 'susah', 'malam', 'mati', 'air', 'telpon', 'call', 'center']"
DPx57MmkyYU,2025-10-15 06:11:10 WIB,verradyta44,"['wilayah', 'pakal', 'surabaya', 'mati', 'air', 'ganggu', 'dampak', 'parah', 'dah']"
DPx57MmkyYU,2025-10-15 06:52:41 WIB,ricorenaldi_,"['anti', 'patih', 'nyala', 'nyala']"
DPx57MmkyYU,2025-10-15 06:57:34 WIB,ricorenaldi_,"['senin', 'pagi', 'malam', 'nyala', 'selasa', 'mati', 'bom', 'hidup']"
DPx57MmkyYU,2025-10-15 09:32:06 WIB,dyahnaw,"['terima kasih', 'proyek', 'kotak', 'culvert', 'ingat', 'minggu', 'air', 'mati', 'sebal']"
DPx57MmkyYU,2025-10-15 09:32:11 WIB,rosa_berduri,"['ubah', 'air', 'alir', 'mohon', 'bantu', 'air', 'masuk', 'kamar', 'mandi', 'dapur']"
DPx57MmkyYU,2025-10-15 09:35:40 WIB,rosa_berduri,"['wa', 'no', 'hotline', 'pdam', 'lupa', 'no', 'langgan', 'mohon', 'bantu', 'upah', 'surga']"
DPx57MmkyYU,2025-10-15 09:59:48 WIB,aaaudiye_lyv,"['gina', 'air', 'nyala', 'lancar', 'mota', 'mati', 'mati']"
DPx57MmkyYU,2025-10-15 10:23:14 WIB,supri.mundo,"['air', 'pdam', 'keruh']"
DPx57MmkyYU,2025-10-15 12:24:31 WIB,annisaabunga_,"['perak', 'mati', 'air']"
DPx57MmkyYU,2025-10-15 14:04:52 WIB,annisaabunga_,['nyala']
DPx57MmkyYU,2025-10-15 19:09:54 WIB,rosa_berduri,"['malam', 'cek', 'tugas', 'warga', 'lapor', 'moga', 'tindak lanjut', 'gercep']"
DPx57MmkyYU,2025-10-15 19:11:56 WIB,budiwiratmo,"['siang', 'info', 'pipa', 'bocor', 'rumah', 'gayungsari', 'barat', 'akibat', 'gali', 'kotak', 'culvert']"
DPx57MmkyYU,2025-10-16 00:11:40 WIB,budiwiratmo,"['lancar', 'rumah', 'warga', 'air', 'gara-gara', 'pipa', 'bocor', 'rumah', 'jalan', 'gayungsari', 'barat', 'bocor']"
DPx57MmkyYU,2025-10-16 07:58:04 WIB,raatihangraenii,"['tagih', 'lonjak', 'drastis', 'mahal', 'air', 'pdam', 'rumah', 'tangga', 'pakai']"
DPx57MmkyYU,2025-10-16 11:30:24 WIB,budiwiratmo,"['air', 'pdam', 'area', 'lancar', 'jernih', 'normal', 'warga', 'senang', 'bantu', 'kawan', 'pdam', 'juang', 'bantu', 'atas', 'keluh', 'warga', 'semangat']"
DPx57MmkyYU,2025-10-14 15:59:55 WIB,cholil_zaenuri,"['daerah', 'bulak', 'banteng', 'hari', 'hidup']"
DPx57MmkyYU,2025-10-14 16:14:40 WIB,ambarsari_prasodjo,"['benar', 'menit', 'hari', 'kayak', 'september', 'ruwet']"
DPx57MmkyYU,2025-10-14 16:34:07 WIB,budiwiratmo,"['aduh', 'pdam', 'gayungsari', 'barat', 'area', 'resto', 'kampung', 'steak', 'mati', 'nyala', 'air', 'nyala', 'mati', 'nyala', 'rumah', 'mati', 'bagi', 'air', 'bingung', 'tampung', 'air', 'habis', 'bantu', 'pdam']"
DPx57MmkyYU,2025-10-14 16:44:46 WIB,annishafs,"['gayungsari', 'mati', 'nyala', 'cm', 'debit', 'mati']"
DPx57MmkyYU,2025-10-14 17:39:16 WIB,duwiq2805,"['wilayah', 'kalmpis', 'ngasem', 'air', 'baik', 'pagi', 'terima kasih']"
DP3B705k3fR,2025-10-16 13:23:26 WIB,nuri1huda,"['coba', 'walik', 'matang', 'roto']"
DP3B705k3fR,2025-10-16 13:29:13 WIB,dzulkifli_azmi,[]
DP3B705k3fR,2025-10-16 13:37:47 WIB,nibrassy,['panas']
DP3B705k3fR,2025-10-16 13:38:10 WIB,sintaaulch,"['beneran', 'panas']"
DP3B705k3fR,2025-10-16 13:39:12 WIB,presarioqalamm,"['panas', 'dadar', 'telur']"
DP3B705k3fR,2025-10-16 13:42:04 WIB,mhmdrizkyy12._,"['butuh', 'kipas', 'jalan']"
DP3B705k3fR,2025-10-16 13:44:50 WIB,dolankesiniyuk,"['area', 'medayu', 'mati', 'air']"
DP3B705k3fR,2025-10-16 13:51:37 WIB,fachryandd,"['surabaya', 'panas']"
DP3B705k3fR,2025-10-16 13:56:35 WIB,kharistiano28,"['nang', 'kompor', 'listrik']"
DP3B705k3fR,2025-10-16 13:59:17 WIB,akmalreyhnth,"['panas', 'kentang', 'kentang', 'on']"
DP3B705k3fR,2025-10-16 14:01:10 WIB,sheiraekaa,"['kipas', 'angin', 'asa', 'sembur', 'api', 'saking', 'panas']"
DP3B705k3fR,2025-10-16 14:01:41 WIB,damaxrif,[]
DP3B705k3fR,2025-10-16 14:26:13 WIB,_frscarts,"['kipas', 'angin', 'hair', 'dryer']"
DP3B705k3fR,2025-10-16 14:59:24 WIB,rahmatismee,"['dadi', 'bundar', 'waru']"
DP3B705k3fR,2025-10-16 15:13:47 WIB,randy_bstiawn,"['semangat', 'admin', 'proyek']"
DP3B705k3fR,2025-10-16 16:15:52 WIB,sii_mungiil,"['daftar', 'pasang', 'via', 'wa', 'respons', 'aplikasi', 'cis']"
DP3B705k3fR,2025-10-16 17:55:33 WIB,rofiqrow,"['siang', 'air', 'mandi', 'buang', 'air']"
DP3B705k3fR,2025-10-16 18:06:13 WIB,dyahnaw,"['awak', 'garing', 'kalah', 'ikan', 'teri']"
DP3B705k3fR,2025-10-16 18:46:09 WIB,msyifaul_,"['malang', 'dingin']"
DP3B705k3fR,2025-10-16 19:23:43 WIB,rofiqrow,"['kira', 'kudu', 'tangis']"
DP3B705k3fR,2025-10-16 22:31:54 WIB,setiyowati897,"['daerah', 'jelidro', 'mati']"
DP3B705k3fR,2025-10-17 07:11:30 WIB,isapdam,"['panas', 'dunia', 'rasa', 'bareng', 'panas', 'ati', 'sing', 'semangat', 'sehat', 'tukang', 'ledeng']"
DP3B705k3fR,2025-10-17 11:45:12 WIB,thary1299,"['manuk', 'adi', 'sma', 'air', 'mati']"
DP3B705k3fR,2025-10-17 11:47:41 WIB,thary1299,"['senin', 'oktober', 'pagi', 'mati', 'siang', 'nyala', 'rabu', 'jumat', 'mati', 'pagi', 'nyala', 'mandi', 'susah']"
DP3B705k3fR,2025-10-17 21:36:08 WIB,cakmigfarhanafi,"['panas', 'dunia']"
DP3pfhFEzzs,2025-10-16 22:26:33 WIB,nunaseptiano,"['proyek', 'kotak', 'culvert', 'pagesangan', 'dampak', 'umum', 'air', 'pagesangan', 'mati']"
DP3pfhFEzzs,2025-10-17 07:25:32 WIB,jas_armyframe,"['bhaskara', 'keluar', 'air']"
DP3pfhFEzzs,2025-10-17 09:38:24 WIB,yulitaanida,"['pagi', 'admin', 'air', 'daerah', 'mleto', 'sukolilo', 'keluar', 'subuh']"
DP3pfhFEzzs,2025-10-17 10:09:15 WIB,ekspresiaku,"['izin', 'area', 'pipa', 'rusak', 'gali', 'kotak', 'culvert', 'baik', 'rumah', 'lancar', 'air', 'rumah', 'mati', 'air']"
DP3pfhFEzzs,2025-10-17 18:01:36 WIB,ekspresiaku,"['urus', 'kampung', 'rt', 'bantu', 'warga', 'alami', 'stop', 'kran', 'posisi', 'buka', 'air', 'keluar', 'yang sangkut', 'aju', 'keluh adu', 'via', 'wa', 'pdam']"
DP3pfhFEzzs,2025-10-17 18:19:50 WIB,ekspresiaku,"['informasi', 'warga', 'tsb', 'informasi']"
DP3pfhFEzzs,2025-10-20 07:41:42 WIB,af13071997,"['admin', 'telepon', 'call', 'center', 'sibuk', 'pdam', 'surabaya', 'panas', 'air', 'nyala', 'daerah', 'tambak', 'mayor', 'barat', 'telat', 'bayat', 'denda', 'atur', 'komplain', 'respon']"
DP0zd8RE_3a,2025-10-15 18:04:08 WIB,bintangbagusf,"['mandi', 'kantor']"
DP0zd8RE_3a,2025-10-15 18:37:06 WIB,yanianis33,"['moga', 'cepat', 'pagi']"
DP0zd8RE_3a,2025-10-15 19:03:46 WIB,lalalililululalo,['mati']
DP0zd8RE_3a,2025-10-15 19:19:53 WIB,verradyta44,['dah']
DP0zd8RE_3a,2025-10-15 19:39:13 WIB,abiddinsy,"['ayo', 'moga', 'kerja', 'molor']"
DP0zd8RE_3a,2025-10-15 20:19:47 WIB,pratiwi_dessi,[]
DP0zd8RE_3a,2025-10-15 22:07:28 WIB,anisiti91,"['rumah', 'ciliwung', 'mati', 'air', 'sore', 'smp']"
DP0zd8RE_3a,2025-10-15 22:58:18 WIB,dewagstin,"['tiap hari', 'ganggu', 'pegal', 'air']"
DP0zd8RE_3a,2025-10-16 03:02:34 WIB,a.paramita_s,"['tanggal', 'admin', 'air', 'kecil', 'mati']"
DP0zd8RE_3a,2025-10-16 03:53:29 WIB,lalalililululalo,"['klakahrejo', 'lor']"
DP0zd8RE_3a,2025-10-16 04:56:50 WIB,ade_putri_wardani,"['sumberejo', 'benowo', 'nyala']"
DP0zd8RE_3a,2025-10-16 05:28:25 WIB,sara.yenny.panjaitan,"['air', 'mati', 'pagi', 'mati', 'informasi', 'telat', 'pulang']"
DP0zd8RE_3a,2025-10-16 05:30:03 WIB,ade_putri_wardani,"['air', 'nyala']"
DP0zd8RE_3a,2025-10-16 06:04:44 WIB,vivien_aisyah,"['cek', 'inbox']"
DP0zd8RE_3a,2025-10-16 07:34:28 WIB,rii.roo,"['keluar', 'subuh', 'bu', 'pemberitahuan']"
DP0zd8RE_3a,2025-10-16 07:38:35 WIB,a.paramita_s,"['keluar', 'air', 'mati', 'pagi', 'subuh', 'tu', 'liat', 'kerja', 'bego', 'gali', 'situ', 'gali', 'area', 'situ', 'tutup', 'gali', 'tutup', 'bocor', 'mohon', 'cek', 'info', 'pdam', 'mati', 'kejar', 'produksi', 'sulit']"
DP0zd8RE_3a,2025-10-16 08:24:53 WIB,shafaardini,"['air', 'daerah', 'wisma', 'pagesangan']"
DP0zd8RE_3a,2025-10-16 08:26:37 WIB,shafaardini,"['air', 'tanggal', 'september', 'daerah', 'wisma', 'pagesangan', 'mati']"
DP0zd8RE_3a,2025-10-16 09:18:02 WIB,dyahnaw,['susah']
DP0zd8RE_3a,2025-10-16 12:32:45 WIB,irinearyani,"['siang', 'rumah', 'pbi', 'keluar', 'air']"
DP0zd8RE_3a,2025-10-16 14:31:55 WIB,_dssy,"['air', 'nyala']"
DP0zd8RE_3a,2025-10-16 14:46:11 WIB,_dssy,"['kendung', 'rs', 'bodoh']"
DP0zd8RE_3a,2025-10-16 14:55:52 WIB,a.paramita_s,"['proyek', 'pemkot', 'area', 'bocor', 'bego', 'seberang', 'alfamart', 'kerja', 'pegawai', 'beda', 'area', 'sat', 'set', 'hati', 'jarang', 'bocor', 'pipa', 'titik', 'mohon', 'warga', 'rugi', 'tutup', 'usaha', 'omset', 'parah']"
DP0zd8RE_3a,2025-10-16 16:13:11 WIB,rii.roo,"['tangan', 'estimasi']"
DP0zd8RE_3a,2025-10-16 21:49:55 WIB,irinearyani,"['pantau', 'malam', 'nyala', 'moga', 'lancar']"
DP0zd8RE_3a,2025-10-17 18:43:41 WIB,delitawedding,"['air', 'mati', 'mem', 'tanggal', 'mlm', 'nyala']"
DP0zd8RE_3a,2025-10-18 05:24:46 WIB,hendry_list,"['baru', 'wilayah', 'mem', 'kandang', 'rejo', 'air', 'mati']"
DP0lnmWk02a,2025-10-16 09:54:14 WIB,ellyzabeth3,"['mohon', 'info', 'kerja', 'daerah', 'bhaskara', 'air', 'mati', 'keluar']"
DP0lnmWk02a,2025-10-17 18:23:05 WIB,rennyindrawati_,"['malam', 'informasi', 'alir', 'air', 'rumah', 'mati', 'akibat', 'pipa', 'pdam', 'buntu', 'dampak', 'kerja', 'kotak', 'culvert', 'mulyosari', 'lapor', 'rabu', 'malam', 'jumat', 'respon', 'tugas', 'pdam', 'baik', 'janji', 'janji', 'tugas', 'hubung', 'contoh', 'pln', 'depan', 'langgan', 'layan', 'janji', 'janji', 'baik', 'jalan', 'bhaskara', 'no', 'janji']"
DP0lnmWk02a,2025-10-17 19:51:59 WIB,rennyindrawati_,"['bismillah', 'betul', 'besok', 'kerja', 'mati', 'hubung', 'no', 'ponsel genggam', 'moga', 'janji']"
DP-hGTLkyG5,2025-10-19 14:10:55 WIB,nurul_lailatul_chasanah,"['hobi', 'mati', 'air minggu', 'beberapa kali kemarin', 'kerja', 'info', 'mati', 'air']"
DP-hGTLkyG5,2025-10-19 14:21:30 WIB,aristo_rudin,"['bangsat', 'air', 'baik']"
DP-hGTLkyG5,2025-10-19 14:50:14 WIB,rudipriyanto1983,"['misuh', 'kenek', 'pasal']"
DP-hGTLkyG5,2025-10-19 15:30:22 WIB,nurul_lailatul_chasanah,"['whatsapp lambat', 'respon']"
DP-hGTLkyG5,2025-10-19 15:37:44 WIB,sara.yenny.panjaitan,"['mati', 'air', 'hari', 'nyala', 'abis', 'mati', 'baik']"
DP-hGTLkyG5,2025-10-19 15:47:12 WIB,wii1i,"['pbi', 'muat', 'ancuk']"
DP-hGTLkyG5,2025-10-19 15:48:53 WIB,wii1i,"['anjing', 'tengah', 'malam', 'air', 'nyala', 'pbi', 'mati', 'anjing', 'cok']"
DP-hGTLkyG5,2025-10-19 15:50:32 WIB,wii1i,"['ra', 'urus', 'mas', 'misuh', 'kemaren', 'sopan', 'bicara', 'sudi', 'benar']"
DP-hGTLkyG5,2025-10-19 15:51:50 WIB,wii1i,"['kendung', 'bongkar', 'bocor', 'kerja', 'cok']"
DP-hGTLkyG5,2025-10-19 16:01:08 WIB,lee_chamoomilee,"['cari', 'solusi', 'ulang', 'pipa', 'bocor', 'pdam', 'alangkah', 'cari', 'solusi', 'bocor', 'bocor', 'baik', 'cepat', 'hambat', 'aktifitas', 'warga', 'butuh', 'air', 'air', 'pdam', 'warga', 'bayar', 'bantu', 'gratis', 'tagih', 'air', 'murah', 'bocor', 'pipa', 'cari', 'solusi', 'perintah', 'tag', 'peduli', 'perintah', 'ulang', 'bagus', 'ulang', 'ubah', 'baik']"
DP-hGTLkyG5,2025-10-19 16:03:23 WIB,lee_chamoomilee,"['jawab', 'balas', 'templat', 'mohon', 'baik', 'bantu', 'air', 'tangki', 'gratis', 'bantu', 'tandon', 'air', 'bantu', 'simpan', 'isi', 'bak', 'kamar', 'mandi', 'solusi', 'pikir', 'cari', 'solusi']"
DP-hGTLkyG5,2025-10-19 16:13:00 WIB,renoaap,"['tandon', 'isi', 'mati']"
DP-hGTLkyG5,2025-10-19 17:04:55 WIB,34_abadi,"['mandi', 'cok', 'anjing']"
DP-hGTLkyG5,2025-10-19 17:24:34 WIB,esyakik,['tuju']
DP-hGTLkyG5,2025-10-19 17:38:59 WIB,dikisvg,[]
DP-hGTLkyG5,2025-10-19 17:48:38 WIB,woywiywoiwoy,"['usaha', 'cepat', 'kira', 'tuntut', 'pbi', 'air', 'ku', 'habis', 'sengaja', 'isi', 'perak', 'pbi', 'air', 'bening', 'abis', 'baik', 'nyala', 'air', 'butek', 'super', 'butek', 'tuju', 'ku', 'habis', 'tandon', 'minggu', 'pbi', 'nyala', 'air', 'air', 'bening', 'minggu', 'baik', 'baik', 'nyala', 'bersih jernih', 'baik nyala keruh kecil', 'debit', 'air', 'usaha', 'kira']"
DP-hGTLkyG5,2025-10-19 18:02:10 WIB,dheaaapriyanti_,"['minggu', 'emosi', 'perkara', 'mati', 'air', 'sedih']"
DP-hGTLkyG5,2025-10-19 18:06:54 WIB,dhana_saja,"['kate', 'siram', 'taman']"
DP-hGTLkyG5,2025-10-19 18:18:54 WIB,chaidardor_3,['demonstrasi']
DP-hGTLkyG5,2025-10-19 19:01:17 WIB,np.ajeng,"['gara-gara', 'mati', 'air', 'butek', 'bening', 'sebentar', 'butek', 'baju', 'cuci', 'kotor', 'tidak tahu', 'pagi', 'butek', 'butek', 'habis', 'mati', 'kualitas', 'turun']"
DP-hGTLkyG5,2025-10-19 20:13:31 WIB,dheaaapriyanti_,"['baru', 'besok', 'senin', 'mandi', 'kantor']"
DP-hGTLkyG5,2025-10-19 20:43:07 WIB,purnomosudaryanto,"['dar', 'motto', 'pdam', 'surabaya', 'layan', 'minggu', 'ganggu', 'lokasi', 'jarak', 'dekat', 'kerja', 'sama', 'ganggu', 'langgan']"
DP-hGTLkyG5,2025-10-20 02:50:37 WIB,bentosabaro102,"['pdam', 'pondok', 'benowo', 'indah', 'air', 'mati', 'total']"
DP-hGTLkyG5,2025-10-20 02:58:08 WIB,bentosabaro102,"['pondok', 'benowo', 'mati']"
DP-hGTLkyG5,2025-10-20 03:05:18 WIB,flndiojs,"['tidur', 'tandon', 'air', 'debit', 'air', 'keluar']"
DP-hGTLkyG5,2025-10-20 03:23:37 WIB,mayaprmtsr,[]
DP-hGTLkyG5,2025-10-20 05:06:19 WIB,riopangestumandala,"['nyala', 'air', 'rumah', 'bingung', 'mandi', 'sholat', 'lumayan', 'masjid']"
DP-hGTLkyG5,2025-10-20 08:47:59 WIB,gebyjw,"['asemrowo tanjungsari', 'air', 'nyala']"
DP-hGTLkyG5,2025-10-20 11:33:09 WIB,ainitull,"['rumah', 'griya', 'surabaya', 'asri', 'gorong-gorong', 'mati', 'ape', 'umbah', 'umbah', 'seragam', 'pasang', 'pikir', 'air', 'pompa', 'air', 'butek', 'mati', 'air', 'awak', 'bayar', 'duduk', 'subsidi']"
DP-hGTLkyG5,2025-10-20 12:49:04 WIB,aaaudiye_lyv,"['sumberejo', 'mbak']"
DP-hGTLkyG5,2025-10-20 15:46:16 WIB,purnomosudaryanto,"['pbi', 'pagi', 'susah', 'keluar', 'air', 'pompa', 'pakai', 'pompa air']"
DP-hGTLkyG5,2025-10-20 21:00:34 WIB,andre.s.wijaya,"['daerah', 'jojoran', 'mati', 'air']"
DP-hGTLkyG5,2025-10-21 04:37:03 WIB,rya.it09,"['wilayah', 'krembangan', 'keluar', 'air', 'pemberitahuan']"
DP-hGTLkyG5,2025-10-26 08:54:51 WIB,purnomosudaryanto,"['air', 'deras', 'lancar', 'bravo', 'pdam', 'surabaya']"
DP-hGTLkyG5,2025-10-19 11:25:14 WIB,aaaudiye_lyv,"['ki', 'tanggal', 'tanggal', 'ra', 'nyala', 'ki', 'uang', 'habis', 'beli', 'air', 'galon', 'tarik', 'tagih', 'air', 'tagih', 'air', 'telat', 'telat', 'denda', 'air', 'nyala', 'kayak']"
DP-hGTLkyG5,2025-10-19 11:25:25 WIB,darso_nae,"['tanggal', 'baik', 'alir', 'air', 'wilayah', 'sumberejo', 'debet', 'air', 'kecil', 'isi', 'kamar', 'mandi', 'susah', 'baik', 'alir', 'air', 'normal']"
DP-hGTLkyG5,2025-10-19 11:26:34 WIB,puthree_setiawan,['rekor']
DP-hGTLkyG5,2025-10-19 11:26:37 WIB,wildanrobih,['parah']
DP-hGTLkyG5,2025-10-19 11:27:01 WIB,wildanrobih,['pbi']
DP-hGTLkyG5,2025-10-19 11:29:12 WIB,erryseptiawan,"['terus mati', 'air', 'lak', 'solusi', 'mobil', 'tangki', 'air bongkar', 'instalasi', 'pipa', 'ra', 'pdam', 'sisa kembali', 'jaman', 'cok']"
DP-hGTLkyG5,2025-10-19 11:35:56 WIB,dhana_saja,"['pdam', 'sebal', 'bolak', 'mati', 'tok', 'su', 'blok']"
DP-hGTLkyG5,2025-10-19 11:36:01 WIB,yudyrukmana,[]
DP-hGTLkyG5,2025-10-19 11:36:08 WIB,erryseptiawan,"['lihat', 'ulan', 'tanggal', 'september', 'oktober', 'air', 'bolak', 'balek', 'mbok', 'mati', 'alir', 'debit', 'cilik', 'mari', 'alas', 'mati', 'air sebal', 'benar']"
DP-hGTLkyG5,2025-10-19 11:36:26 WIB,ade_putri_wardani,"['bolak', 'rumah', 'lansia', 'air', 'mati', 'bulan', 'coba', 'deh', 'kali', 'mati', 'mati', 'mati', 'heran']"
DP-hGTLkyG5,2025-10-19 11:44:33 WIB,ayuwandini567,"['minggu', 'tunggu', 'air', 'keluar', 'malam', 'keluar', 'tidur', 'tunggu', 'air', 'gilir', 'bayar', 'telat', 'denda', 'bantu', 'tiap hari', 'keluar', 'kerja', 'pompa air', 'lelah', 'listrik', 'listrik', 'subsidi', 'listrik', 'mandiri', 'alias', 'bayar', 'keluar', 'air', 'ky', 'got', 'hitam', 'letek']"
DP-hGTLkyG5,2025-10-19 11:44:57 WIB,rrydwnt,"['minggu', 'lo', 'asa', 'ganggu', 'air', 'pipa', 'bocor', 'lo', 'heran']"
DP-hGTLkyG5,2025-10-19 11:46:36 WIB,d1msumg0dok,['seh']
DP-hGTLkyG5,2025-10-19 11:47:05 WIB,nine_wanda,"['merek', 'pipa', 'kualitas', 'seng', 'pakai', 'bocor', 'air', 'mati', 'bayar', 'mahal', 'bolak', 'mati', 'minggu', 'mati', 'cuci', 'seragam', 'yak', 'cak', 'elus', 'karo', 'pikir', 'air', 'tangki', 'solusi', 'pikir', 'kudu', 'kolektif', 'rt', 'pesan', 'air', 'tangki', 'wadah', 'seng', 'tandon', 'coba', 'pikir', 'solusi']"
DP-hGTLkyG5,2025-10-19 11:54:58 WIB,erryseptiawan,"['pakai', 'pompa']"
DP-hGTLkyG5,2025-10-19 11:58:00 WIB,rickychen_as,['kompensasi']
DP-hGTLkyG5,2025-10-19 12:00:02 WIB,anggunnurmah,"['bolak', 'ganggu', 'heran']"
DP-hGTLkyG5,2025-10-19 12:01:33 WIB,puthree_setiawan,"['jelas', 'pipa', 'bocor', 'bareng']"
DP-hGTLkyG5,2025-10-19 12:02:35 WIB,aaaudiye_lyv,"['anak', 'buang air besar', 'air', 'beli', 'galon', 'ge', 'tandon', 'cebok', 'ge', 'shalat', 'butuh', 'wudhu', 'ra', 'tau', 'mandi', 'awak', 'lengket', 'mok', 'tayamum']"
DP-hGTLkyG5,2025-10-19 12:03:18 WIB,aaaudiye_lyv,[]
DP-hGTLkyG5,2025-10-19 12:04:00 WIB,aaaudiye_lyv,"['ki', 'kontrak', 'ra', 'tandon', 'air', 'mati', 'ra', 'pe', 'minggu']"
DP-hGTLkyG5,2025-10-19 12:09:02 WIB,abetn86,"['bocor', 'air', 'mati', 'butuh', 'air']"
DP-hGTLkyG5,2025-10-19 12:15:08 WIB,wildanrobih,"['keliling', 'air', 'bantu', 'daerah', 'mimpi', 'land']"
DP-hGTLkyG5,2025-10-19 12:20:29 WIB,nyomudkecil_,"['atur', 'awur']"
DP-hGTLkyG5,2025-10-19 12:24:09 WIB,ny_sbdayyuu,"['protes', 'bayu', 'mati', 'bocor', 'baik', 'rek', 'astagfirullah']"
DP-hGTLkyG5,2025-10-19 12:26:44 WIB,inez_dvk,"['rumah', 'keluar', 'air', 'mati', 'tagih', 'air', 'mahal', 'lancar', 'dpt', 'air']"
DP-hGTLkyG5,2025-10-19 12:31:02 WIB,rikiebella0809,"['anak', 'diare', 'sengsara', 'parah', 'air', 'mota', 'mati', 'hari', 'malam', 'nyala', 'paksa', 'malam', 'cuci', 'mandi', 'keramas', 'untung', 'surabaya', 'panas']"
DP-hGTLkyG5,2025-10-19 12:38:05 WIB,_mafifs_,"['panas', 'pdam', 'ganggu', 'nyala', 'surabaya', 'mateng']"
DP-hGTLkyG5,2025-10-19 12:41:24 WIB,indie_riawan,"['ampun', 'payah', 'layan', 'mu', 'pdam']"
DP-hGTLkyG5,2025-10-19 12:42:32 WIB,indie_riawan,"['air', 'keluar', 'baik']"
DP-hGTLkyG5,2025-10-19 12:43:19 WIB,indie_riawan,"['baik', 'langsung', 'tahap', 'kasihan', 'warga', 'dampak', 'korban']"
DP-hGTLkyG5,2025-10-19 12:47:00 WIB,indie_riawan,"['telat', 'bayar', 'denda', 'air', 'keluar', 'air', 'galon']"
DP-hGTLkyG5,2025-10-19 12:48:54 WIB,dyahfitria14,"['ganggu', 'jumat', 'sabtu', 'minggu', 'tandang', 'kerja', 'keluar']"
DP-hGTLkyG5,2025-10-19 12:57:53 WIB,sandyirwansyah,"['mari', 'kendung', 'pakal', 'ra', 'tepak']"
DP-hGTLkyG5,2025-10-19 13:09:27 WIB,elyvirgijanti,"['bulan', 'dah', 'sekian', 'bayar', 'spt', 'normal', 'dah', 'lancar']"
DP-hGTLkyG5,2025-10-19 13:17:39 WIB,chella.o,"['pbi', 'lancar', 'air', 'begadang', 'tunggu', 'air', 'keluar', 'debit', 'air', 'bocor', 'bocor', 'seh', 'pdam', 'tagih', 'harga', 'luber', 'air', 'tidak tahu', 'luber']"
DP-hGTLkyG5,2025-10-19 13:26:02 WIB,cokkrrooooo,['ganggu']
DP-hGTLkyG5,2025-10-19 13:35:31 WIB,titosimon,[]
DP-hGTLkyG5,2025-10-19 13:51:35 WIB,dewagstin,['astaganaga']
DP-hGTLkyG5,2025-10-19 14:03:23 WIB,lailivitri,"['nyala', 'pagi', 'informasi', 'mati', 'gilir', 'telat', 'bayar', 'denda', 'astagfirullah']"
DP-hGTLkyG5,2025-10-19 14:08:16 WIB,rhmtprdna,"['besok', 'rusak', 'minggu']"
DP-hGTLkyG5,2025-10-19 14:10:17 WIB,natnu.tt,"['pbi', 'kendung', 'bom', 'nyala', 'air', 'tambah', 'veteran']"
DPu9Q5Ak2LC,2025-10-13 12:35:52 WIB,rejja.aradika,"['utara', 'masuk']"
DPu9Q5Ak2LC,2025-10-13 17:23:08 WIB,dimanasajakerja,"['jambang', 'selatan', 'air', 'alir', 'sore']"
DPu9Q5Ak2LC,2025-10-13 18:57:30 WIB,asnazultifa,"['karah', 'mati']"
DPu9Q5Ak2LC,2025-10-13 18:57:53 WIB,asnazultifa,"['pagi', 'masak', 'mati', 'pulang', 'kerja', 'mati', 'alir', 'air']"
DPu9Q5Ak2LC,2025-10-13 19:31:45 WIB,arumanggiarini_,"['karah', 'mati']"
DPu9Q5Ak2LC,2025-10-13 19:40:44 WIB,irishcartenz8,"['karah', 'keluar', 'tau']"
DPu9Q5Ak2LC,2025-10-13 19:53:29 WIB,hnfada354,"['assalamualaikum', 'daerah', 'bibis', 'karah', 'baik', 'terima kasih', 'siang', 'air']"
DPu9Q5Ak2LC,2025-10-13 20:20:56 WIB,asnazultifa,"['baik', 'baik', 'baik', 'informasi', 'pagi', 'berangkat', 'kerja', 'mati', 'pulang', 'kerja', 'mati', 'alir', 'masak', 'beli', 'air', 'galon', 'isi', 'ulang']"
DPu9Q5Ak2LC,2025-10-13 23:12:39 WIB,salman_sahabat_karib,"['rumah', 'gubeng', 'klingsingan', 'mati', 'air', 'masak']"
DPu9Q5Ak2LC,2025-10-13 23:27:38 WIB,aayyuukkk,"['kali', 'baik', 'informasi', 'rt', 'rw', 'dampak', 'orang', 'sosial media', 'instagram']"
DPu9Q5Ak2LC,2025-10-14 01:50:57 WIB,arien.wardiansyah,"['dharmawangsa', 'mati', 'air', 'normal', 'pemberiatahuan', 'yah']"
DPu9Q5Ak2LC,2025-10-14 03:34:52 WIB,roesindarto,"['informasi', 'baik', 'rt', 'rw']"
DPu9Q5Ak2LC,2025-10-14 21:17:28 WIB,irishcartenz8,"['mati', 'kran', 'on', 'tau', 'alir', 'air', 'keruh', 'normal', 'terima kasih', 'pdam']"
DPu9Q5Ak2LC,2025-10-15 09:00:36 WIB,griya69.id,"['tanggap', 'respon', 'ai']"
DPnYLyLE_Zd,2025-10-11 04:40:44 WIB,mayaprmtsr,"['air', 'rumah', 'daerah', 'benowo', 'pagi', 'air', 'mati', 'nyala', 'banter', 'kl', 'malam subuh', 'dm', 'balas']"
DPnYLyLE_Zd,2025-10-11 08:06:13 WIB,isnievanya,"['satu minggu', 'minggu', 'angsu', 'penyok', 'tangan', 'angkat', 'galon']"
DPnYLyLE_Zd,2025-10-11 10:47:27 WIB,isnievanya,"['rejosari', 'benowo']"
DPnYLyLE_Zd,2025-10-11 10:56:43 WIB,mayaprmtsr,['sedih']
DPnYLyLE_Zd,2025-10-11 11:50:28 WIB,isnievanya,"['rumah', 'kampung', 'lancar', 'air', 'rumah', 'pinggir', 'jalan', 'raya', 'mati', 'air']"
DPnYLyLE_Zd,2025-10-11 15:21:59 WIB,mayaprmtsr,"['telfon', 'call', 'center', 'subuh', 'nyala', 'lo', 'area', 'benowo', 'sawah', 'hambat', 'weh', 'kaya', 'nyala', 'kl', 'malam']"
DPnYLyLE_Zd,2025-10-11 19:06:05 WIB,bellaaristas,"['daerah', 'rumah', 'pagi', 'sore', 'lantai', 'mlm', 'banter', 'subuh', 'kudu', 'air', 'siang', 'lumayan', 'banter', 'isi']"
DPnYLyLE_Zd,2025-10-11 19:37:28 WIB,mayaprmtsr,"['subuh', 'air', 'nyala', 'suruh', 'aktivitas', 'parah', 'telepon', 'pegawai', 'ikut', 'ikut']"
DPnYLyLE_Zd,2025-10-11 19:41:02 WIB,stayoddbutgold,"['air', 'rumah', 'mati', 'subuh malam']"
DPnYLyLE_Zd,2025-10-11 19:48:44 WIB,mayaprmtsr,"['telfon', 'call', 'center', 'subuh', 'tugas', 'untung']"
DPnYLyLE_Zd,2025-10-14 00:25:35 WIB,danangadi545,"['air', 'daerah', 'karah', 'mati']"
DPnEa37E3AX,2025-10-10 10:53:24 WIB,primadia_amanda,"['daerah', 'karah', 'air', 'mati', 'malam', 'pemberitahuan', 'air', 'mati']"
DPnEa37E3AX,2025-10-11 00:11:42 WIB,raehalfajri17_,"['nyala', 'adu', 'suruh', 'dm', 'gubris', 'wa']"
DPnEa37E3AX,2025-10-11 19:46:36 WIB,stayoddbutgold,[]
DPskeFYk9SU,2025-10-12 15:51:23 WIB,ambarwati7674,"['kawasan', 'bratang', 'pagi', 'air']"
DPskeFYk9SU,2025-10-12 17:01:02 WIB,ambarwati7674,"['bratang', 'gede', 'banding', 'normal']"
DPpuNpHk_YH,2025-10-11 10:22:36 WIB,irsan.s24,"['daerah', 'balongsari', 'air', 'mati', 'pagi']"
DPpuNpHk_YH,2025-10-11 19:24:30 WIB,isapdam,"['moga', 'mudah', 'lancar', 'kerja', 'rehab', 'koneksi', 'pipa sehat', 'sehat', 'tukang', 'ledeng']"
DPtjXMyE3Kn,2025-10-12 21:16:43 WIB,abyananda17,"['air', 'mati']"
DPtjXMyE3Kn,2025-10-13 02:39:08 WIB,ditafirliaa,['mati']
DPtjXMyE3Kn,2025-10-13 06:04:43 WIB,nkz_1917,"['gara-gara', 'kotak', 'culvert']"
DPtjXMyE3Kn,2025-10-13 06:16:27 WIB,beautyy_skinn,"['mota', 'mati']"
DPtjXMyE3Kn,2025-10-13 06:18:38 WIB,bellaaristas,"['air', 'lantai', 'kayak', 'ni', 'ampun', 'dah', 'daerah', 'pakuwon', 'indah', 'surabaya', 'barat']"
DPtjXMyE3Kn,2025-10-13 06:25:17 WIB,annishafs,"['mati', 'orang', 'kerja', 'mati', 'suka', 'sulit', 'urus', 'orang']"
DPtjXMyE3Kn,2025-10-13 06:38:58 WIB,rmayangd,"['wow', 'kagum']"
DPtjXMyE3Kn,2025-10-13 07:34:00 WIB,kesurabaya,"['area', 'bratang', 'ngagel', 'air', 'mati']"
DPtjXMyE3Kn,2025-10-13 07:53:13 WIB,rejja.aradika,"['air', 'keruh', 'wonosari']"
DPtjXMyE3Kn,2025-10-13 07:57:38 WIB,dyahnaw,['mati']
DPtjXMyE3Kn,2025-10-13 09:26:29 WIB,momohair_mua,"['aduh', 'alamak', 'galon', 'dung']"
DPtjXMyE3Kn,2025-10-13 09:55:43 WIB,rii.roo,"['estimasi', 'nyala', 'cepat']"
DPtjXMyE3Kn,2025-10-13 09:57:02 WIB,rii.roo,"['air', 'tangki', 'gratis', 'kirim', 'sedia', 'salur', 'daerah', 'dampak']"
DPtjXMyE3Kn,2025-10-13 10:18:04 WIB,arsitadesi,"['baru', 'informasi', 'kerja', 'nyala']"
DPtjXMyE3Kn,2025-10-13 10:20:11 WIB,aloysiushermanto,"['kerja', 'wisma', 'pagesangan', 'meter']"
DPtjXMyE3Kn,2025-10-13 10:50:52 WIB,ifa_nurwahyuni,"['kerja', 'geser', 'pipa', 'meter']"
DPtjXMyE3Kn,2025-10-13 17:24:17 WIB,nabilauww_,"['baru', 'info', 'kerja', 'daerah', 'karah', 'air', 'mati', 'nyala']"
DPtjXMyE3Kn,2025-10-13 19:18:49 WIB,dimanasajakerja,"['air', 'alir', 'siang']"
DPtjXMyE3Kn,2025-10-14 15:53:07 WIB,jastipbahagia,"['air', 'mati', 'pagi', 'sore']"
DPtjXMyE3Kn,2025-10-14 16:30:49 WIB,budiwiratmo,"['aduh', 'pdam', 'gayungsari', 'barat', 'area', 'resto', 'kampung', 'steak', 'bingung', 'tampung', 'air', 'rumah', 'habis', 'mati', 'nyala', 'air', 'nyala', 'mati', 'nyala', 'rumah', 'mati', 'bagi', 'air', 'bantu', 'pdam']"
DPtjXMyE3Kn,2025-10-15 06:53:14 WIB,budiwiratmo,"['kawan', 'pdam', 'peduli', 'juang', 'selesai', 'keluh', 'semangat']"
DPks4hKE3et,2025-10-09 15:59:41 WIB,bakulgedangsusu,"['bayar', 'telat', 'air', 'mati', 'bolak']"
DPks4hKE3et,2025-10-09 16:01:47 WIB,donny.wm,"['woi', 'mati', 'air', 'pemberitahuan', 'air', 'kebraon', 'mati', 'asem', 'ulang', 'kali']"
DPks4hKE3et,2025-10-09 16:02:16 WIB,bakulgedangsusu,"['aplikasi', 'seng', 'ruwet', 'adu', 'masyarakat', 'sosial media']"
DPks4hKE3et,2025-10-09 16:04:48 WIB,bakulgedangsusu,"['koyo', 'kerja', 'warteg', 'informasi']"
DPks4hKE3et,2025-10-09 16:09:02 WIB,melvina_jch,"['kebraon', 'air', 'mati', 'air', 'keluar']"
DPks4hKE3et,2025-10-09 16:09:34 WIB,karunia_ayu_mukti,"['kebraon', 'air', 'mati']"
DPks4hKE3et,2025-10-09 16:14:38 WIB,fajaradisulaksonosemm,"['nang', 'kemlaten', 'sawah', 'bongkar', 'got', 'lihat', 'nang', 'warteg', 'arung', 'lempung', 'tok']"
DPks4hKE3et,2025-10-09 16:15:35 WIB,fajaradisulaksonosemm,"['kebraon', 'sore', 'air', 'padam', 'normalisasi']"
DPks4hKE3et,2025-10-09 16:33:26 WIB,bakulgedangsusu,"['informasi', 'admin', 'ilang', 'jalan']"
DPks4hKE3et,2025-10-09 16:40:12 WIB,devanjasmara,"['cek', 'dm', 'admin']"
DPks4hKE3et,2025-10-09 16:57:49 WIB,ranie.albani,"['kebraon', 'air', 'mati', 'alir', 'tandon', 'mahal', 'tagih', 'layan', 'miris']"
DPks4hKE3et,2025-10-09 19:14:06 WIB,bitsab34,"['telat', 'denda', 'telat', 'info', 'tanggung', 'jawab', 'kebraon', 'hari', 'air', 'susah', 'biaya', 'perhati', 'komentar', 'diam']"
DPks4hKE3et,2025-10-10 04:32:17 WIB,raehalfajri17_,"['karang', 'air', 'nyala']"
DPks4hKE3et,2025-10-10 05:57:33 WIB,rmayangd,"['harga', 'kerja', 'lapang', 'hari', 'alir', 'air', 'lancar', 'mampet', 'daerah', 'gayung', 'kali', 'pagi', 'info', 'baru', 'ganggu', 'aktifitas']"
DPks4hKE3et,2025-10-10 06:09:39 WIB,rmayangd,"['tagih', 'air', 'air', 'mati', 'aneh']"
DPks4hKE3et,2025-10-10 06:20:57 WIB,raka.lola,"['daerah', 'gayung', 'air', 'mati', 'pemberitahuan']"
DPks4hKE3et,2025-10-10 06:45:53 WIB,annishafs,"['mati', 'air', 'kerja']"
DPks4hKE3et,2025-10-10 08:03:37 WIB,nabilauww_,"['karah', 'baik', 'bocor', 'air', 'pagi', 'mati']"
DPks4hKE3et,2025-10-10 08:24:22 WIB,annishafs,"['bagus', 'nyala', 'eh', 'mati', 'pemberitahuan', 'kerja', 'hambat']"
DPks4hKE3et,2025-10-10 09:35:07 WIB,miftachul_retna,"['air', 'jambang', 'mati', 'proyek', 'ganggu', 'konsumen', 'bayar']"
DPks4hKE3et,2025-10-10 09:40:43 WIB,annishafs,"['nyala', 'minggu', 'ganggu', 'air', 'gilir', 'lapor', 'wa', 'eh', 'kasep']"
DPks4hKE3et,2025-10-10 12:32:56 WIB,annishafs,"['tampung', 'tampung', 'pake', 'tampung', 'kl', 'normalisasi', 'alir', 'langgan', 'air', 'mati']"
DPks4hKE3et,2025-10-10 20:08:36 WIB,dyahnaw,"['minggu', 'jalan', 'air', 'mati', 'malam', 'kadang', 'siang', 'daerah', 'wisma', 'pagesangan', 'proyek', 'kotak', 'culvert', 'proyek', 'kotak', 'culvert', 'hati']"
DPks4hKE3et,2025-10-10 22:46:12 WIB,dessyisardy,"['bikin', 'proyek', 'susah', 'masyarakat', 'kembali dana', 'gratis', 'bayar', 'pdam', 'kompensasi', 'hari', 'air', 'mati', 'debit']"
DPks4hKE3et,2025-10-10 22:47:30 WIB,raehalfajri17_,"['wa', 'dm', 'air', 'nyala', 'malam', 'malam', 'nyala', 'nyala', 'tampung', 'air', 'liter', 'isi']"
DPks4hKE3et,2025-10-11 10:37:41 WIB,annishafs,"['pagi', 'nyala', 'mati']"
DPks4hKE3et,2025-10-11 19:47:05 WIB,stayoddbutgold,"['proyek', 'korupsi', 'tanggap', 'mota', 'mati']"
DPks4hKE3et,2025-10-13 06:26:17 WIB,annishafs,"['nyala', 'mati']"
DPks4hKE3et,2025-10-09 11:02:31 WIB,mhmdrizkyy12._,"['semangat', 'semangat']"
DPks4hKE3et,2025-10-09 11:10:57 WIB,daienamite,"['kebraon', 'air', 'alir', 'pelan kecil', 'kenceng']"
DPks4hKE3et,2025-10-09 12:47:51 WIB,nellis_md,"['daerah', 'tambak', 'pring', 'asem', 'rowo', 'air', 'keluar']"
DPks4hKE3et,2025-10-09 14:41:29 WIB,istifaniyah,"['air', 'pagi', 'alir', 'rambut']"
DPks4hKE3et,2025-10-09 15:42:17 WIB,rasvvet,"['kebraon', 'air', 'mati']"
DPks4hKE3et,2025-10-09 15:43:55 WIB,rizkirahmaw,"['kebraon', 'baik', 'bocor', 'air', 'mati', 'pagi', 'alir', 'benar', 'mati', 'alir', 'mohon', 'informasi']"
DPks4hKE3et,2025-10-09 15:45:29 WIB,oncemurti,"['mati', 'air', 'mbok', 'konfirmasi', 'dl', 'kebraon', 'mati', 'pemberitahuan']"
DPks4hKE3et,2025-10-09 15:46:56 WIB,ella_nurlailiyah,"['kebraon', 'mesti', 'mati', 'mati', 'mesti', 'aktivitas']"
DPks4hKE3et,2025-10-09 15:56:44 WIB,rtika.pm,"['sore', 'kebraon', 'air', 'mati', 'lo']"
DPks4hKE3et,2025-10-09 15:58:17 WIB,bakulgedangsusu,"['kebraon', 'baik']"
DPvFqvZk0Wu,2025-10-13 11:27:24 WIB,nuri1huda,"['moga', 'kerja', 'lancar']"
DPvFqvZk0Wu,2025-10-13 11:51:20 WIB,agustini_yow_titin,[]
DPvFqvZk0Wu,2025-10-13 11:54:07 WIB,widyarigga,"['semangat', 'cak', 'tim', 'sehat']"
DPvFqvZk0Wu,2025-10-13 12:27:05 WIB,dyahnaw,"['moga', 'lancar', 'cepat']"
DPvFqvZk0Wu,2025-10-13 13:39:27 WIB,shafaardini,"['air', 'keruh']"
DPvFqvZk0Wu,2025-10-13 16:38:06 WIB,anggachristianhananta,"['semangat', 'mas', 'tim', 'moga', 'lancar', 'mudah']"
DPvFqvZk0Wu,2025-10-13 16:41:15 WIB,tkdfigther,"['bambe', 'dukuh', 'tanggal', 'keruh']"
DPvFqvZk0Wu,2025-10-13 17:17:05 WIB,imam_ahmad87,"['lokasi', 'tanjung', 'sumput', 'lancar', 'air']"
DPvFqvZk0Wu,2025-10-13 17:26:29 WIB,novandiaznicko,"['wilayah', 'jambang', 'mati', 'air']"
DPvFqvZk0Wu,2025-10-13 18:08:29 WIB,dimanasajakerja,"['imbas', 'debit', 'air', 'jambang', 'selatan', 'alir', 'kran']"
DPvFqvZk0Wu,2025-10-13 19:09:41 WIB,asnazultifa,"['karah', 'normal', 'karah', 'karah', 'air', 'alir']"
DPvFqvZk0Wu,2025-10-13 19:43:03 WIB,arumanggiarini_,"['gilir', 'komen', 'positif', 'tanggap', 'komen', 'air', 'mati', 'tanggap', 'cm', 'butuh', 'jawab', 'tau', 'estimasi', 'ati', 'urus']"
DPvFqvZk0Wu,2025-10-13 19:45:36 WIB,april_sayogo,"['informasi', 'dampak']"
DPvFqvZk0Wu,2025-10-13 20:00:31 WIB,dahayubymega,"['karah', 'mati', 'air', 'nyala']"
DPvFqvZk0Wu,2025-10-13 20:18:49 WIB,asnazultifa,['alir']
DPvFqvZk0Wu,2025-10-13 20:58:52 WIB,shafaardini,['terima kasih']
DPvFqvZk0Wu,2025-10-13 22:54:04 WIB,novita_wilujeng,"['karah', 'alir', 'habis', 'air']"
DPvFqvZk0Wu,2025-10-13 23:32:57 WIB,dessyisardy,"['baik', 'mati', 'normalisasi', 'hari', 'debit', 'alir', 'wisma', 'pagesangan', 'karah', 'perhati']"
DPvFqvZk0Wu,2025-10-14 12:19:39 WIB,dimanasajakerja,"['pagi', 'air', 'dapur', 'pagi', 'normal', 'siang']"
DPsLQhhk2I7,2025-10-12 08:15:03 WIB,mhmdrizkyy12._,['jawa timur']
DPtCTQvk6VT,2025-10-12 16:26:09 WIB,fachryandd,"['wow', 'wow', 'wow']"
DPtCTQvk6VT,2025-10-12 16:29:43 WIB,mhmdrizkyy12._,['seru']
DPtCTQvk6VT,2025-10-12 16:34:10 WIB,presarioqalamm,['keren']
DPtCTQvk6VT,2025-10-12 16:50:56 WIB,febiabdillahh,"['ayah', 'dukung']"
DPtCTQvk6VT,2025-10-12 17:14:05 WIB,nibrassy,[]
DPtCTQvk6VT,2025-10-12 17:38:45 WIB,rendraxvsn,"['om', 'bangga']"
DPtCTQvk6VT,2025-10-12 20:39:07 WIB,akmalreyhnth,"['tarik', 'warga', 'surabaya']"
DPtCTQvk6VT,2025-10-13 10:30:59 WIB,sheiraekaa,[]
DPtCTQvk6VT,2025-10-13 11:52:55 WIB,widyarigga,"['keren', 'konten', 'edukatif']"
DPvpp9NExBo,2025-10-13 17:38:22 WIB,novandiaznicko,"['wilayah', 'jambang', 'ketintang', 'madya', 'air', 'mati']"
DPvpp9NExBo,2025-10-13 17:57:03 WIB,ivon_tria,"['lapor', 'pdam', 'air', 'keruh', 'bau', 'got', 'bulan', 'atas', 'bayar', 'tagih', 'telat', 'langsung', 'denda']"
DPvpp9NExBo,2025-10-13 18:08:23 WIB,primadia_amanda,"['air', 'daerah', 'karah', 'mati', 'mohon', 'info']"
DPvpp9NExBo,2025-10-13 19:01:55 WIB,asnazultifa,"['ayo', 'jawab', 'alir', 'mandi', 'pulang', 'kerja', 'sebal']"
DPvpp9NExBo,2025-10-13 19:41:19 WIB,arumanggiarini_,"['ayo', 'jawab', 'air', 'mati', 'daerah', 'karahjambangan']"
DPvpp9NExBo,2025-10-13 21:42:18 WIB,kanszarra,"['besok', 'pagi', 'uda', 'daerah', 'ketintang', 'karah']"
DPvpp9NExBo,2025-10-13 23:03:13 WIB,annishafs,"['mati', 'minggu', 'kemaren', 'mati', 'lo']"
DPvpp9NExBo,2025-10-13 23:09:21 WIB,annishafs,"['pipa', 'bocor', 'bolak', 'emang', 'ajar', 'salah']"
DPvpp9NExBo,2025-10-13 23:32:16 WIB,annishafs,"['tanggung', 'jawab', 'langgan', 'dampak']"
DPvpp9NExBo,2025-10-14 00:06:14 WIB,primadia_amanda,"['terima kasih', 'moga', 'sehat', 'kerja', 'usul', 'peta', 'pipa', 'pdam', 'lintas', 'area', 'gali', 'hati', 'gali']"
DPvpp9NExBo,2025-10-14 07:02:21 WIB,dimanasajakerja,"['bulan', 'pagi', 'sd', 'siang', 'air', 'dapur', 'aktifitas', 'dapur', 'kualitas', 'air', 'pakai', 'mandi', 'cuci', 'piring', 'jambang', 'selatan']"
DPvpp9NExBo,2025-10-15 07:47:07 WIB,dimanasajakerja,"['alir', 'cuci', 'piring', 'dapur', 'kotor', 'garap', 'kualitas', 'air', 'minyak']"
DPjCaGKjle0,2025-10-08 19:19:57 WIB,mhmdrizkyy12._,"['keren', 'pdam']"
DPjCaGKjle0,2025-10-08 19:24:13 WIB,rizqiamrii,['alhamdulillah']
DPjCaGKjle0,2025-10-08 19:59:36 WIB,isnievanya,"['minggu', 'pagi', 'air', 'mati', 'pagi', 'alir', 'tetangga', 'kanan', 'kiri', 'air', 'mati', 'lokasi', 'rejosari', 'selatan', 'smpn', 'surabaya', 'cuci', 'piring', 'tumpuk']"
DPjCaGKjle0,2025-10-11 08:08:03 WIB,isnievanya,"['walah', 'minggu', 'kampung', 'air', 'lancar', 'rumah', 'pinggir', 'jalan', 'mati', 'minggu', 'angsu', 'gempor', 'tangan', 'angkat', 'galon', 'suk', 'bayar', 'zalim', 'jeneng']"
DPxtYS3E2LB,2025-10-14 13:18:16 WIB,mhmdrizkyy12._,[]
DPye4yzk-TI,2025-10-14 19:47:52 WIB,cholil_zaenuri,"['bulak', 'banteng', 'air', 'nyala']"
DPye4yzk-TI,2025-10-15 06:08:51 WIB,primadia_amanda,"['daerah', 'karah', 'mati', 'air', 'pagi', 'nyala', 'mati']"
DPye4yzk-TI,2025-10-15 08:58:55 WIB,griya69.id,"['info', 'nomer', 'hubung']"
DPye4yzk-TI,2025-10-15 08:59:09 WIB,griya69.id,"['nomer', 'balas', 'ai']"
DPye4yzk-TI,2025-10-15 09:51:24 WIB,annishafs,"['duh', 'kemaren', 'mati']"
DPfZkBJEwxX,2025-10-07 10:12:24 WIB,r32a_way,"['koreksi', 'oktober', 'senin', 'minggu']"
DPfZkBJEwxX,2025-10-07 10:54:01 WIB,gagahkusumadinatha,"['pdam', 'bantu', 'air', 'rumah', 'mati']"
DPfOgRpE4MY,2025-10-07 07:45:01 WIB,fitri_diaahhh,"['info', 'dadak', 'sekali minimal']"
DPfOgRpE4MY,2025-10-07 08:14:32 WIB,yuliagigikita,"['dadak', 'pemberitahuan', 'pagi', 'keluar', 'air']"
DPfOgRpE4MY,2025-10-07 08:42:41 WIB,nndyasav,"['daerah', 'karah', 'surabaya', 'selatan', 'air', 'mati']"
DPfOgRpE4MY,2025-10-07 08:52:02 WIB,triszavia,[]
DPdPpqFEwnS,2025-10-06 15:21:37 WIB,chintyacyndcyndt,"['kebraon', 'mati']"
DPdPpqFEwnS,2025-10-06 21:03:38 WIB,chintyacyndcyndt,['nyala']
DPdPpqFEwnS,2025-10-07 04:33:17 WIB,nur_saraya7,"['daerah', 'bulak']"
DPdPpqFEwnS,2025-10-07 06:17:17 WIB,cakbe_jr,"['selasa', 'pagi', 'air']"
DPdPpqFEwnS,2025-10-07 08:18:50 WIB,cakbe_jr,"['area', 'bulak', 'setro']"
DPdPpqFEwnS,2025-10-07 10:03:54 WIB,nur_saraya7,"['nyala', 'air', 'mampet']"
DPdPpqFEwnS,2025-10-07 10:25:49 WIB,nur_saraya7,['nyala']
DPdPpqFEwnS,2025-10-07 14:08:14 WIB,fuad_eskrim_buku,"['siang', 'alir']"
DPdPpqFEwnS,2025-10-07 17:47:04 WIB,yulia.harini,"['bulak', 'normal', 'air', 'alir']"
DPdPpqFEwnS,2025-10-07 19:27:20 WIB,arn_d_laugner,"['bulak', 'setro', 'nyala']"
DPdPpqFEwnS,2025-10-07 20:27:01 WIB,vicka_luvv07,"['bulak', 'kali', 'tinjang', 'air', 'keluar']"
DPf2hmmDtCm,2025-10-07 13:24:58 WIB,rii.roo,"['tanggung', 'jawab', 'hormat']"
DPf2hmmDtCm,2025-10-07 14:04:19 WIB,rmayangd,"['malam', 'mati', 'siang', 'hebat']"
DPf2hmmDtCm,2025-10-07 14:15:27 WIB,rii.roo,"['bocor', 'air', 'bocor', 'respon']"
DPf2hmmDtCm,2025-10-07 14:18:30 WIB,a.paramita_s,"['bu', 'kayak', 'gorong-gorong', 'kerja', 'area', 'tanggal', 'beres', 'perhati', 'proyek', 'gali', 'mesti', 'bocor', 'kayak', 'paham', 'situbada', 'karingan', 'pipa', 'jarak']"
DPf2hmmDtCm,2025-10-07 23:35:29 WIB,ardiana.arraz_,"['pasang', 'gorong-gorong', 'nak', 'cek', 'lak', 'banjir']"
DPf2hmmDtCm,2025-10-08 08:39:51 WIB,ardiana.arraz_,['nyala']
DPgdsBmDqNh,2025-10-07 22:20:47 WIB,mhmdrizkyy12._,['manfaat']
DPgdsBmDqNh,2025-10-08 09:21:23 WIB,kharistiano28,"['keren', 'edukatif', 'langgan']"
DPgdsBmDqNh,2025-10-08 16:06:25 WIB,muhamadgozalirachman,"['sore', 'air', 'pdam', 'daerah', 'taman', 'pondok', 'indah', 'mati', 'air', 'informasi']"
DPgdsBmDqNh,2025-10-08 16:30:23 WIB,andrawibisono,"['benowo', 'air', 'nyala', 'mohon', 'informasi']"
DPgdsBmDqNh,2025-10-08 17:05:54 WIB,muhamadgozalirachman,"['nyala', 'barusan']"
DPgdsBmDqNh,2025-10-08 17:21:58 WIB,damar_dafi,"['kemlaten', 'kebraon', 'mati', 'pagi']"
DPgdsBmDqNh,2025-10-08 17:36:30 WIB,muhamadgozalirachman,['nyala']
DPgdsBmDqNh,2025-10-08 18:39:35 WIB,oeschar,"['air', 'nyala', 'daerah', 'benowo', 'nyala', 'mohon', 'informasi']"
DPgdsBmDqNh,2025-10-09 16:03:20 WIB,bakulgedangsusu,"['kebraon', 'mati', 'info']"
DPgdsBmDqNh,2025-10-10 04:33:04 WIB,listyoningrum,"['gayungsari', 'mati']"
DPgdsBmDqNh,2025-10-10 06:52:36 WIB,dyahnaw,"['wisma', 'pagesangan', 'mati', 'malam', 'keluar', 'air']"
DPdt0yCkycf,2025-10-06 18:38:16 WIB,dyahnaw,['akbar']
DPdt0yCkycf,2025-10-07 05:55:33 WIB,dyahnaw,[]
DPdt0yCkycf,2025-10-07 06:03:19 WIB,rmayangd,"['keluar', 'daerah', 'gayung', 'mandi', 'orang', 'rumah']"
DPdt0yCkycf,2025-10-07 08:27:07 WIB,annishafs,"['jambang', 'mati', 'pet', 'keluar', 'air']"
DPdt0yCkycf,2025-10-07 08:36:39 WIB,angger_jengger,"['keluar', 'humas', 'baik', 'sosialisasi', 'sosial', 'media', 'ikut', 'pdam', 'sosialisasi', 'dampak', 'ksi', 'solusi', 'water', 'tank', 'komen', 'sm', 'tetangga', 'jalan', 'angkut', 'air', 'orang', 'tua', 'mohon', 'bijak']"
DPdt0yCkycf,2025-10-07 12:11:40 WIB,dyahnaw,"['warung', 'sayur', 'bocor']"
DPdt0yCkycf,2025-10-07 12:46:31 WIB,rarirurero19,"['baik', 'tanggal', 'toko', 'plastik', 'tukang', 'air', 'mancur', 'pipa', 'gada', 'baik', 'tunggu', 'daerah', 'tanggal']"
DPdt0yCkycf,2025-10-07 12:48:37 WIB,rii.roo,"['daerah', 'tanggal', 'keluar', 'kerjasama']"
DPdt0yCkycf,2025-10-07 12:53:01 WIB,astriratiiih,"['kasihan', 'orang', 'anak', 'lansia', 'rumah', 'butuh', 'air', 'butuh', 'daerah', 'tanggal', 'baik']"
DPf-U2djmLw,2025-10-08 05:07:54 WIB,anitaoffice2025,"['pagi', 'gayungkebonsari', 'mati', 'mohon', 'bantu']"
DPf-U2djmLw,2025-10-08 06:23:26 WIB,rmayangd,"['selasa', 'malam', 'pagi', 'kacau', 'urus', 'mandi', 'urus', 'rumah']"
DPf-U2djmLw,2025-10-08 07:03:48 WIB,momohair_mua,"['beli', 'galon']"
DPf-U2djmLw,2025-10-08 07:27:54 WIB,dyahnaw,"['keluar', 'air']"
DPf-U2djmLw,2025-10-08 07:28:59 WIB,yaniwardhani1,"['astaga', 'kebraon', 'mati', 'umum', 'bayar', 'telat', 'jarang', 'mandi', 'mota', 'mati']"
DPf-U2djmLw,2025-10-08 09:10:57 WIB,rmayangd,"['moga', 'da', 'repot', 'tim', 'lapang']"
DPf-U2djmLw,2025-10-08 09:53:04 WIB,miftachul_retna,"['jambang', 'air', 'mati', 'pasir', 'layak', 'pakai']"
DPf-U2djmLw,2025-10-08 10:59:46 WIB,rockafellaz_kliwon,"['benar', 'alir', 'air']"
DPf-U2djmLw,2025-10-08 11:44:53 WIB,kaarenoka,"['pagi', 'selasa', 'air', 'mati', 'ganggu', 'jalan', 'gayung', 'kebonsari', 'manunggal']"
DPf-U2djmLw,2025-10-08 12:29:25 WIB,mie.bang.minul,"['air', 'gayungsari', 'barat', 'kotor', 'keruh']"
DPf-U2djmLw,2025-10-08 12:41:25 WIB,annishafs,['jambang']
DPf-U2djmLw,2025-10-08 14:21:14 WIB,kaarenoka,"['tau', 'kantor', 'sore', 'coba']"
DPf-U2djmLw,2025-10-08 16:36:59 WIB,rockafellaz_kliwon,['tanggal']
DPf-U2djmLw,2025-10-08 16:52:13 WIB,annishafs,"['stop', 'keran', 'posisi', 'buka', 'tetangga', 'keluar']"
DPf-U2djmLw,2025-10-08 17:12:22 WIB,dhanis.an,"['info', 'daerah', 'benowo', 'air', 'mati']"
DPf-U2djmLw,2025-10-08 22:29:10 WIB,b11waa,"['air', 'pantau', 'mati', 'baru', 'kondisi', 'info', 'air', 'mati', 'sadar', 'air']"
DPf-U2djmLw,2025-10-08 22:29:23 WIB,astriratiiih,"['mati', 'daerah', 'tanggal']"
DPf-U2djmLw,2025-10-08 22:49:04 WIB,rii.roo,"['mati', 'pemberitahuan']"
DPf-U2djmLw,2025-10-08 22:53:41 WIB,ansty_08,"['mati', 'air', 'daerah', 'bambe', 'dukuh', 'tanggal']"
DPf-U2djmLw,2025-10-09 20:35:27 WIB,treestywardhani,"['kebraon', 'air', 'mati']"
DPf-U2djmLw,2025-10-09 23:50:55 WIB,dyahnaw,"['air', 'malam', 'mati', 'telpon', 'call', 'center']"
DPf-U2djmLw,2025-10-10 19:01:36 WIB,asnazultifa,"['karah', 'air', 'mati']"
DPf-U2djmLw,2025-10-18 18:02:25 WIB,bakri_a.a.k,"['to', 'kaya', 'cuci', 'baju', 'tunggu', 'beberapa malam']"
DPf-U2djmLw,2025-10-18 18:04:10 WIB,bakri_a.a.k,"['tanggal', 'magrib', 'habis', 'keluar', 'air']"
DPf-U2djmLw,2025-10-07 15:19:43 WIB,shafaardini,['mati']
DPf-U2djmLw,2025-10-07 15:48:59 WIB,dyahnaw,"['gara', 'proyek', 'kotak', 'culvert', 'susah', 'warga']"
DPf-U2djmLw,2025-10-07 15:55:27 WIB,rii.roo,[]
DPf-U2djmLw,2025-10-07 15:56:01 WIB,cahayaningrum,"['mati', 'selasa', 'selasa']"
DPf-U2djmLw,2025-10-07 15:56:20 WIB,arsitadesi,['nyata']
DPf-U2djmLw,2025-10-07 16:41:36 WIB,dyahnaw,"['malam', 'mati', 'mbak']"
DPf-U2djmLw,2025-10-07 16:53:52 WIB,cahayaningrum,"['akal', 'pamflet', 'ganggu', 'asli', 'nyala', 'lidi', 'lansia', 'tandon', 'kasihan', 'masak', 'suruh', 'angkut']"
DPf-U2djmLw,2025-10-07 17:36:30 WIB,aleeansea,"['kebraon', 'mati']"
DPf-U2djmLw,2025-10-07 18:01:21 WIB,ella_nurlailiyah,['kebraon']
DPf-U2djmLw,2025-10-07 18:23:51 WIB,rtika.pm,"['kebraon', 'mati']"
DPf-U2djmLw,2025-10-07 18:36:43 WIB,loeqmansyah,"['kebraon', 'siang', 'mati', 'ganggu']"
DPf-U2djmLw,2025-10-07 19:08:05 WIB,dyahnaw,"['mbak', 'kasihan', 'aktifitas', 'ganggu', 'sebal']"
DPf-U2djmLw,2025-10-07 21:29:38 WIB,istifaniyah,"['kebraon', 'air', 'kecil', 'baik']"
DPf-U2djmLw,2025-10-07 22:29:02 WIB,annishafs,"['suruh', 'tayamum']"
DPf-U2djmLw,2025-10-07 22:46:07 WIB,sari_hapsarimaya,[]
DPf-U2djmLw,2025-10-07 23:15:23 WIB,riaimarotuz,"['siang', 'bocor', 'air', 'pdam', 'antisipasi', 'tandon', 'air', 'langsung', 'pemberitahuan']"
DPfpPQSEzUh,2025-10-07 11:32:02 WIB,triszavia,"['suara', 'jalan', 'kenceng', 'narasumber']"
DPfpPQSEzUh,2025-10-07 11:32:12 WIB,natalinashelvy,"['daerah', 'jelidro', 'sambikerep', 'malam', 'air', 'nyala', 'kerja', 'box', 'culvert', 'nyala']"
DPfpPQSEzUh,2025-10-07 11:40:42 WIB,bapakduaanak,"['balas', 'klumprik', 'lapo', 'mati', 'mati', 'air', 'informasi']"
DPfpPQSEzUh,2025-10-07 11:49:19 WIB,exa2809_,"['jiwa', 'mati']"
DPfpPQSEzUh,2025-10-07 12:20:04 WIB,aromfirmansyah,"['veteran', 'mati', 'air']"
DPfpPQSEzUh,2025-10-07 13:53:54 WIB,riduwan_r,"['baik', 'layan', 'baik']"
DPfpPQSEzUh,2025-10-07 15:13:48 WIB,aromfirmansyah,"['jalan', 'veteran', 'gang', 'no', 'kabupaten', 'gresik']"
DPfpPQSEzUh,2025-10-07 19:12:35 WIB,sugengwaluyo60,"['semenjak', 'gang', 'tomat', 'griya', 'kebraon', 'air', 'kecil']"
DPfpPQSEzUh,2025-10-07 22:19:38 WIB,cabeutifull,"['kebraon', 'mati', 'bab']"
DPfpPQSEzUh,2025-10-09 19:15:49 WIB,ariefizzu89,"['heran', 'pdam', 'peta', 'digital', 'pu', 'kurang', 'salah', 'gali']"
DPfpPQSEzUh,2025-10-10 20:14:07 WIB,nikkoiswantoro,"['real', 'urgensi']"
DPTAo9MEzo5,2025-10-02 15:53:06 WIB,izulkarn41n,"['lidah', 'kulon', 'mati', 'pdam', 'pam', 'leding']"
DPTAo9MEzo5,2025-10-02 15:53:44 WIB,izulkarn41n,"['pagi', 'subuh', 'mati']"
DPTAo9MEzo5,2025-10-02 20:27:30 WIB,komandanhartono66,"['semangat', 'teman', 'teman', 'satgas', 'keluh', 'kerja']"
DPTAo9MEzo5,2025-10-02 20:44:15 WIB,bellaaristas,"['daerah', 'pakuwon', 'indah', 'surabaya', 'barat', 'air', 'waras', 'pagi', 'siang', 'sore']"
DPTAo9MEzo5,2025-10-03 06:29:40 WIB,shintaarnt,"['benowo', 'pagi', 'keluar', 'air']"
DPTAo9MEzo5,2025-10-03 06:51:57 WIB,bellaaristas,"['pagi', 'siang', 'sore', 'air']"
DPTAo9MEzo5,2025-10-03 06:52:26 WIB,bellaaristas,['lantai']
DPVPGZ9kxVg,2025-10-03 11:11:01 WIB,mhmdrizkyy12._,[]
DPQjlUpDs0p,2025-10-02 07:22:08 WIB,bagasdwiki,"['admin', 'sehat', 'sehat', 'tim']"
DPQjlUpDs0p,2025-10-02 07:27:57 WIB,latifa.azizaa,"['pakal', 'amd']"
DPQjlUpDs0p,2025-10-02 07:28:44 WIB,latifa.azizaa,"['dm', 'balas']"
DPQjlUpDs0p,2025-10-02 07:31:27 WIB,abdul_rahman_amank,['nyala']
DPQjlUpDs0p,2025-10-02 07:45:45 WIB,garin06,"['alhamdulillah', 'malam']"
DPQjlUpDs0p,2025-10-02 07:53:37 WIB,gheayaya,"['harap', 'kompensasi', 'mbak', 'bumd', 'bumn', 'saing', 'bisnis']"
DPQjlUpDs0p,2025-10-02 08:20:54 WIB,bapakduaanak,"['air', 'pantau', 'gorong-gorong', 'daerah', 'sumber', 'laku', 'ubah', 'mati', 'air', 'baik', 'jaring', 'informasi', 'orang', 'anggur', 'pagi', 'ate', 'sambut', 'kerja', 'air', 'mati', 'fungsi', 'orang', 'ikut', 'akun', 'erti', 'informasi', 'klarifikasi', 'bukti', 'slogan', 'gerak cepat', 'seng', 'cepat', 'seng', 'informasi', 'dadi', 'klarifikasi', 'memang bodoh']"
DPQjlUpDs0p,2025-10-02 08:32:12 WIB,dewiiiiaaaaaa,"['kebraon', 'mati', 'air']"
DPQjlUpDs0p,2025-10-02 08:43:31 WIB,istifaniyah,"['normalisasi', 'air']"
DPQjlUpDs0p,2025-10-02 08:51:59 WIB,ekahadiyani,"['info', 'naik', 'tarif', 'urgensi', 'tarif', 'ekonomi']"
DPQjlUpDs0p,2025-10-02 09:10:56 WIB,latifa.azizaa,"['dm', 'data']"
DPQjlUpDs0p,2025-10-02 09:17:50 WIB,ira.ch___,"['rumah', 'air', 'keluar']"
DPQjlUpDs0p,2025-10-02 10:31:54 WIB,duwiq2805,"['baik', 'pagi', 'air', 'daerah', 'kalmpis', 'ngasem', 'gang', 'masjid', 'keluar']"
DPQjlUpDs0p,2025-10-02 10:56:53 WIB,loeqmansyah,"['siang', 'kunjung', 'keluar', 'air', 'tagih', 'layan', 'turun']"
DPQjlUpDs0p,2025-10-02 20:41:51 WIB,dewirofita,"['pagi', 'nyala', 'aktifitas']"
DPQjlUpDs0p,2025-10-03 02:13:18 WIB,halimacuss,"['rumah', 'daerah', 'muhammad', 'mari', 'bocor', 'mari', 'baik', 'air', 'admin', 'pagi', 'awan', 'malam', 'mantap', 'pagi', 'nyala', 'kran', 'dapur', 'tunggu', 'awan', 'admin', 'nak', 'dapur', 'pompa', 'admin', 'tanda', 'bocor', 'admin']"
DPQjlUpDs0p,2025-10-03 15:47:52 WIB,muhammadfathurrochman7,"['tagih', 'air', 'ganti', 'meter']"
DPQjlUpDs0p,2025-10-05 15:58:56 WIB,ron_ihidayat,"['mohon', 'bantu']"
DPQjlUpDs0p,2025-10-02 05:13:37 WIB,earthakelana,"['balas', 'klumprik', 'air', 'mati', 'todak', 'nyala']"
DPQjlUpDs0p,2025-10-02 05:15:06 WIB,loeqmansyah,"['kebraon', 'mati', 'malam', 'info', 'ganggu', 'respon', 'yah']"
DPQjlUpDs0p,2025-10-02 05:42:56 WIB,beninghallenda,"['maksud', 'kebraon', 'air', 'mati']"
DPQjlUpDs0p,2025-10-02 05:45:54 WIB,ella_nurlailiyah,"['kebraon', 'mati', 'jam gin']"
DPQjlUpDs0p,2025-10-02 05:48:11 WIB,rafixuniverse,"['he', 'kebraon', 'mati', 'kerja', 'ape', 'mandi']"
DPQjlUpDs0p,2025-10-02 06:02:10 WIB,karunia_ayu_mukti,"['mati', 'pondok', 'maritim', 'karang', 'klumprik', 'timur']"
DPQjlUpDs0p,2025-10-02 06:15:05 WIB,bakulgedangsusu,['kebraon']
DPQjlUpDs0p,2025-10-02 06:19:35 WIB,melvina_jch,"['kebraon', 'air', 'mati', 'nyala']"
DPQjlUpDs0p,2025-10-02 06:23:36 WIB,berrinarina,"['daerah', 'kebraon', 'surabaya', 'air', 'mati', 'malam', 'informasi', 'bayar', 'lambat', 'kompensasi', 'warga']"
DPQjlUpDs0p,2025-10-02 06:35:26 WIB,fajaradisulaksonosemm,"['pasang', 'pipa', 'kebraon', 'gang', 'tomat', 'normalisasi']"
DPQjlUpDs0p,2025-10-02 06:37:10 WIB,revian_jovianto,"['dampak', 'mati', 'air', 'daerah', 'kebraon']"
DPQjlUpDs0p,2025-10-02 06:49:11 WIB,beninghallenda,"['tidur', 'respon']"
DPQjlUpDs0p,2025-10-02 07:03:07 WIB,chocomoussecake_,"['pakis', 'gunung', 'sawah', 'air', 'nyala', 'malam', 'pagi', 'info', 'air', 'nyala', 'cuman', 'hari']"
DPQjlUpDs0p,2025-10-02 07:12:26 WIB,rafixuniverse,"['oke', 'informasi', 'kali', 'dadak', 'info', 'madam', 'tandon', 'air']"
DPQjlUpDs0p,2025-10-02 07:12:45 WIB,beninghallenda,"['alhamdulillah', 'terima kasih']"
DPQjlUpDs0p,2025-10-01 21:03:23 WIB,ferli.i9,"['pbi', 'surabaya', 'barat', 'nyala']"
DPQjlUpDs0p,2025-10-01 21:34:28 WIB,meida_r_imani,"['pakal', 'air', 'mati']"
DPQjlUpDs0p,2025-10-01 21:36:31 WIB,anggunerviana,"['pakal', 'mati']"
DPQjlUpDs0p,2025-10-01 21:44:12 WIB,derjoe21,"['kebraon', 'air', 'mati']"
DPQjlUpDs0p,2025-10-01 21:49:21 WIB,ranie.albani,"['kebraon', 'air', 'mati tarif', 'air', 'tingkat', 'air', 'solusi']"
DPQjlUpDs0p,2025-10-01 21:49:38 WIB,sudahpagikopi.id,"['kebraon', 'dadak', 'mati', 'pet']"
DPQjlUpDs0p,2025-10-01 21:56:29 WIB,belindayohana,"['telepon', 'call', 'center', 'pemberitahuan', 'air', 'mati', 'mati', 'pakal', 'benowo']"
DPQjlUpDs0p,2025-10-01 22:01:31 WIB,abdul_rahman_amank,"['air', 'pdam', 'pakal', 'mati']"
DPQjlUpDs0p,2025-10-01 22:03:52 WIB,silvia.ari96,"['benowo', 'mati', 'air']"
DPQjlUpDs0p,2025-10-01 22:04:45 WIB,titissasongko,"['air', 'kebraon', 'mlm', 'mati']"
DPQjlUpDs0p,2025-10-01 22:05:31 WIB,novi_e_mulyanti,"['info', 'ganggu', 'mati', 'pet', 'info', 'mati', 'ualng', 'info', 'mati', 'kadang', 'besok', 'kerja', 'sekolah', 'malam', 'makan', 'besok', 'pagi', 'air', 'mati', 'pdam', 'layan', 'baik']"
DPQjlUpDs0p,2025-10-01 22:08:55 WIB,ranie.albani,"['tagih', 'mahal', 'layan']"
DPQjlUpDs0p,2025-10-01 22:21:03 WIB,dewirofita,"['kebraon', 'mati']"
DPQjlUpDs0p,2025-10-01 22:28:44 WIB,daienamite,"['kebraon', 'ikut', 'mati', 'air', 'anjir', 'nyala', 'air']"
DPQjlUpDs0p,2025-10-01 22:48:07 WIB,karunia_ayu_mukti,"['mati', 'air', 'kebraon']"
DPQjlUpDs0p,2025-10-01 22:51:34 WIB,cabeutifull,"['kebraon', 'mati', 'informasi']"
DPQjlUpDs0p,2025-10-01 22:51:40 WIB,inggit_putri18,"['ad', 'info', 'air', 'pdam', 'mati', 'kebraon segera', 'baik', 'besok', 'pagi', 'anak', 'sekolah', 'da', 'kerja']"
DPQjlUpDs0p,2025-10-01 23:34:54 WIB,dellapuspita0491,"['kebraon', 'mati']"
DPQjlUpDs0p,2025-10-02 00:13:32 WIB,lapis_lesbi,"['kebraon', 'air', 'mati', 'dada', 'kek', 'anjir', 'nyala']"
DPQjlUpDs0p,2025-10-02 00:43:26 WIB,bapakduaanak,"['sumber', 'mati', 'info', 'fungsi', 'ikut', 'akun', 'mending', 'pakai', 'akun', 'judi online', 'akun', 'laksana', 'tugas', 'mesti']"
DPQjlUpDs0p,2025-10-02 00:44:31 WIB,beninghallenda,"['admin', 'air', 'kebraon', 'mati', 'info', 'yok']"
DPQjlUpDs0p,2025-10-02 00:49:39 WIB,beninghallenda,"['kebraon', 'air', 'mati', 'yok']"
DPQjlUpDs0p,2025-10-02 00:52:27 WIB,bakulgedangsusu,"['kebraon', 'info', 'biasa']"
DPQjlUpDs0p,2025-10-02 01:04:08 WIB,gheayaya,"['malam', 'air', 'kebraon', 'mati', 'pemberitahuan', 'ganggu']"
DPQjlUpDs0p,2025-10-02 01:32:35 WIB,y.alviann,"['kebraon', 'mati', 'kate', 'umbah']"
DPQjlUpDs0p,2025-10-02 01:33:35 WIB,y.alviann,"['ayo', 'kebraon']"
DPQjlUpDs0p,2025-10-02 02:10:14 WIB,c14photos,"['mati', 'air', 'mbok', 'bikin', 'umum', 'ojok', 'iklan', 'bayar', 'air', 'larang', 'mati', 'pet', 'umum']"
DPQjlUpDs0p,2025-10-02 02:38:57 WIB,latifa.azizaa,"['minggu', 'rumah', 'pakal', 'nyala']"
DPQjlUpDs0p,2025-10-02 03:08:27 WIB,vivien_aisyah,"['air', 'wilayah', 'kebraon', 'malam', 'mati']"
DPQjlUpDs0p,2025-10-02 03:57:30 WIB,novi_e_mulyanti,"['retribusi', 'beberapa ribu', 'pakai', 'air', 'layan', 'kosong', 'kebraon', 'air', 'mati', 'info']"
DPQjlUpDs0p,2025-10-02 04:02:02 WIB,steph.palas,['kebraon']
DPQjlUpDs0p,2025-10-02 04:03:08 WIB,novi_e_mulyanti,"['subuh', 'wudhu', 'masak', 'mandi', 'ganggu']"
DPQjlUpDs0p,2025-10-02 04:13:55 WIB,dshellysss,"['mbok', 'bicara', 'pagi', 'saur', 'masak', 'mandi', 'air', 'alir', 'penuh', 'bak', 'mandi', 'misan']"
DPQjlUpDs0p,2025-10-02 04:27:49 WIB,cyfuse,"['kebraon', 'nyala']"
DPQjlUpDs0p,2025-10-02 04:36:29 WIB,sintaaiu,"['heran', 'tinggal', 'kota', 'air', 'mati', 'tagih', 'larang', 'air', 'mati']"
DPQjlUpDs0p,2025-10-02 04:37:00 WIB,cimol_libra,"['kebraon', 'nyala']"
DPQjlUpDs0p,2025-10-02 04:39:51 WIB,77mandali,[]
DPQjlUpDs0p,2025-10-02 04:41:20 WIB,qryaina,"['air', 'kebraon', 'mati', 'pemberitahuan', 'malam', 'subuh', 'orang', 'aktivitas', 'mati', 'profesional']"
DPQjlUpDs0p,2025-10-02 04:43:00 WIB,sintaaiu,"['air', 'air', 'kate', 'berangkat', 'kerja', 'gila', 'mesti', 'pagi', 'kerja']"
DPQjlUpDs0p,2025-10-02 04:46:39 WIB,gheayaya,"['air', 'ganggu', 'pemberitahuan', 'mati', 'sing', 'ate', 'berangkat', 'kerja', 'manajemen', 'buruk', 'pdam', 'minum']"
DPQjlUpDs0p,2025-10-02 04:47:38 WIB,parhanpatur_,"['kebraon', 'mati', 'cuci']"
DPQjlUpDs0p,2025-10-02 04:48:36 WIB,bagasdwiki,"['pondok', 'maritim', 'mati', 'mbok', 'rumah', 'sumber', 'air', 'kebelet', 'bab', 'bos']"
DPQjlUpDs0p,2025-10-02 04:49:13 WIB,oncemurti,"['kebraon', 'kemaren', 'malam', 'ampe', 'nyala', 'pemberitahuan', 'maksud']"
DPQjlUpDs0p,2025-10-02 04:49:23 WIB,oceanabblue,"['kebraon', 'mati', 'wudhu']"
DPQjlUpDs0p,2025-10-02 04:54:23 WIB,yaniwardhani1,"['kebraon', 'air', 'mati', 'malam', 'bom', 'keluar', 'kate', 'berangkat', 'sekolah', 'kerja', 'mi']"
DPQjlUpDs0p,2025-10-02 04:54:47 WIB,ranie.albani,"['butuh', 'air', 'warga', 'kebraon']"
DPQjlUpDs0p,2025-10-02 05:02:46 WIB,mayanajwa19,"['air', 'kebraon', 'mati', 'malam', 'kabar', 'mati']"
DPQjlUpDs0p,2025-10-02 05:05:29 WIB,thejourney.zf,"['pondok', 'maritim', 'air', 'mati', 'total', 'pemberitahuan', 'benar', 'sebal', 'kasihan', 'anak', 'sakit', 'perut', 'air', 'info', 'mati', 'alir', 'air']"
DPQjlUpDs0p,2025-10-02 05:06:07 WIB,reszarusdiantoro,"['malam', 'air', 'mati', 'daerah', 'kebraon', 'pemberitahuan', 'mati']"
DPQjlUpDs0p,2025-10-01 14:47:48 WIB,endahw12,"['air', 'keluar', 'daerah', 'dukuh', 'kawal', 'selancar']"
DPQjlUpDs0p,2025-10-01 17:28:19 WIB,ron_ihidayat,"['tagih', 'air', 'ribu', 'bengkak', 'ribu']"
DPQjlUpDs0p,2025-10-01 17:31:17 WIB,dephii_cute,"['cepat', 'warga', 'butuh', 'air', 'cepat']"
DPQjlUpDs0p,2025-10-01 20:14:22 WIB,garin06,"['medayu', 'air', 'keluar']"
DPQjlUpDs0p,2025-10-01 20:21:54 WIB,latifa.azizaa,"['pakal', 'air', 'nyala', 'minggu']"
DPXhiYwE4J5,2025-10-04 08:47:33 WIB,ropik.ropik.3139241,['coba']
DPXhiYwE4J5,2025-10-05 21:30:28 WIB,afzaluredo,"['daerah', 'sidorame', 'apa juga', 'dampak', 'pompa air', 'keluar', 'keluar', 'tanggap']"
DPXhiYwE4J5,2025-10-06 08:07:48 WIB,afzaluredo,"['dm', 'tanggap']"
DPXhiYwE4J5,2025-10-06 09:32:04 WIB,mone.ymoney834,"['staff', 'nama', 'suruh', 'bayar', 'utang', 'pinjol']"
DPXhiYwE4J5,2025-10-16 13:17:12 WIB,enysetya2902,"['daerah', 'rungkut', 'nyala', 'air']"
DPXhiYwE4J5,2025-10-16 13:37:27 WIB,enysetya2902,"['medayu', 'utara']"
DPXhiYwE4J5,2025-10-16 13:38:21 WIB,enysetya2902,"['medayu', 'utara', 'gang', 'raya', 'no', 'rungkut', 'surabaya']"
DPSrrfJkzsD,2025-10-02 10:57:50 WIB,loeqmansyah,"['kebraon', 'kebraon', 'mati', 'kabar', 'pagi', 'kelar', 'susah', 'info', 'ganggu', 'siang', 'air', 'kunjung', 'keluar']"
DPSrrfJkzsD,2025-10-02 11:05:26 WIB,duwiq2805,"['kalmpis', 'ngasem', 'gang', 'masjid', 'air', 'keluar', 'baik']"
DPSrrfJkzsD,2025-10-02 12:13:18 WIB,izulkarn41n,"['air', 'pdam', 'pam', 'mati', 'pagi', 'lidah', 'kulon']"
DPSrrfJkzsD,2025-10-02 19:09:16 WIB,loeqmansyah,"['sore', 'keluar', 'air', 'tetangga', 'keluh']"
DPSrrfJkzsD,2025-10-02 19:39:59 WIB,yulitaanida,"['malam', 'admin', 'daerah', 'mleto', 'surabaya', 'timur', 'sukolilo', 'september', 'habis', 'subuh', 'siang', 'mati', 'keluar', 'air', 'air', 'lancar', 'siang', 'sore', 'malam', 'mati', 'mati', 'air', 'pagi', 'repot', 'pagi', 'berangkat', 'kerja']"
DPS0uyyk99w,2025-10-02 13:17:20 WIB,theycallme_chus,['terima kasih']
DPS0uyyk99w,2025-10-02 16:00:54 WIB,kharistiano28,"['sabar', 'surabaya', 'panas', 'semangat']"
DPS0uyyk99w,2025-10-02 18:12:07 WIB,alfaaz_onecare,[]
DPS0uyyk99w,2025-10-02 21:28:26 WIB,damaxrif,"['panas', 'es', 'teh', 'jumbo', 'mbak', 'enak']"
DPS0uyyk99w,2025-10-02 21:29:45 WIB,kharistiano28,"['konten', 'kelar', 'mbak']"
DPakmu0DkFf,2025-10-05 12:58:15 WIB,nuke_nirvana,['pdam']
DPakmu0DkFf,2025-10-05 13:01:17 WIB,d_nos1106,"['box', 'culvert']"
DPakmu0DkFf,2025-10-05 15:29:35 WIB,igedesutawa,['ganggu']
DPakmu0DkFf,2025-10-05 20:07:28 WIB,msaddammmmm,"['ganggu', 'hidup']"
DPakmu0DkFf,2025-10-06 07:18:11 WIB,mzidanalfn,"['kebraon', 'air', 'alir', 'mandi', 'nyala', 'pompa air', 'pompa air', 'air', 'deres']"
DPWJxhhk7sX,2025-10-03 23:38:37 WIB,aaffuuck,"['daerah', 'lidah', 'kulon', 'air', 'informasi', 'baik']"
DPa-OW_DmAj,2025-10-06 04:59:08 WIB,aharnoldi,"['kali', 'estimasi', 'mending', 'estimasi']"
DPa-OW_DmAj,2025-10-06 06:01:42 WIB,luulaa.esw,"['semangat', 'moga', 'cepat', 'hemat', 'air', 'tandon']"
DPa-OW_DmAj,2025-10-06 06:02:01 WIB,luulaa.esw,"['baik', 'bang']"
DPSka2HE_TK,2025-10-02 09:40:05 WIB,dinkopdag_surabaya,"['batik', 'nasional', 'mari', 'jaga', 'lestari', 'batik', 'anak', 'cucu']"
DPLHwIlE0ry,2025-10-01 09:56:22 WIB,46_afni.aisyah,"['daerah', 'benowo', 'alir']"
DPLHwIlE0ry,2025-10-01 22:00:33 WIB,abdul_rahman_amank,"['oktober', 'mati']"
DPOdvh4E27Q,2025-10-03 10:08:49 WIB,kebenaranpastiterjadi,"['kisah', 'rasul', 'tb', 'jawab', 'percaya', 'tuhan', 'yesus', 'kristus', 'engkau', 'engkau', 'isi', 'rumah']"
DPQQ3ybE9TD,2025-10-01 13:27:25 WIB,otnielsusanto,"['call', 'center', 'susah', 'hubung', 'tunggu', 'sambung', 'suara', 'dengar', 'tutup']"
DPQQ3ybE9TD,2025-10-01 13:27:40 WIB,otnielsusanto,"['adu', 'via', 'whatsapp', 'balas']"
DPQQ3ybE9TD,2025-10-02 06:33:08 WIB,bakulgedangsusu,"['erti', 'air', 'mati', 'pemberitahuan', 'daerah', 'kebraon']"
DPQQ3ybE9TD,2025-10-02 13:59:15 WIB,faris_gta22,['botol']
DPOAl3MjhAb,2025-10-01 06:16:14 WIB,cahcilik123456,"['turun', 'lapang']"
DPOAl3MjhAb,2025-10-02 06:34:49 WIB,bakulgedangsusu,"['sambat', 'air', 'mati', 'info', 'sambat']"
DPOAl3MjhAb,2025-10-04 03:50:16 WIB,agus.kusbiantoro1,"['izin', 'adu', 'biaya', 'juta', 'pasang', 'lapor']"
DPOAl3MjhAb,2025-10-04 07:22:15 WIB,agus.kusbiantoro1,"['cek', 'dm']"
DPIGmZnExJk,2025-10-01 22:13:12 WIB,silvia.ari96,"['benowo', 'air', 'mati', 'admin']"
DPIGmZnExJk,2025-10-01 22:13:36 WIB,silvia.ari96,"['air', 'alir', 'senin', 'malam', 'rabu', 'malam', 'mati', 'benowo']"
DPIGmZnExJk,2025-10-02 08:04:05 WIB,silvia.ari96,['alir']
DPIGmZnExJk,2025-10-03 06:45:25 WIB,shintaarnt,"['mota', 'mati', 'air', 'benowo']"
DPOCNs4DqIT,2025-10-01 04:18:04 WIB,ote_05,"['gorong-gorong', 'mari']"
DPOCNs4DqIT,2025-10-01 14:42:51 WIB,endahw12,"['muhammad', 'pipa', 'bocor']"
DPOCNs4DqIT,2025-10-01 17:40:56 WIB,ote_05,['air']
DPOCNs4DqIT,2025-10-04 06:45:46 WIB,aaffuuck,"['sakit', 'kulit', 'mandi', 'cuci', 'barang', 'sing', 'air', 'daerah', 'lidah', 'kulon', 'air', 'alir']"
DPdGuHbk4_4,2025-10-06 12:12:14 WIB,decciii_,"['adu', 'pdam', 'cepat', 'call', 'center', 'sibuk', 'cis', 'pdam', 'surabaya', 'proses', 'meter', 'putar', 'kran', 'mati', 'call', 'center', 'cs', 'cm', 'bpk', 'pdam', 'mesti', 'adu']"
DPMKPJ8kwIo,2025-10-01 04:15:37 WIB,mauludiyahabd,"['terima kasih', 'respon', 'tugas', 'pdam', 'rumah']"
DPMKPJ8kwIo,2025-10-01 10:09:43 WIB,me.gasilvi_a,['nyala']
DPMKPJ8kwIo,2025-10-01 11:30:32 WIB,nurlaili06,"['air', 'mati', 'tanggal', 'wow']"
DPMKPJ8kwIo,2025-10-01 17:36:30 WIB,nurlaili06,"['terima kasih', 'rwspons', 'mohon', 'relokasi', 'keluar']"
DPMKPJ8kwIo,2025-10-01 18:13:30 WIB,dessyjazzy,"['adu', 'cis tugas', 'air', 'keluar', 'tindak']"
DQG3-iaE_Lz,2025-10-22 17:09:15 WIB,fredlina,"['wilayah', 'kebraon', 'air', 'alir', 'kompensasi', 'kirim', 'truk', 'tangki']"
DQG3-iaE_Lz,2025-10-22 17:18:33 WIB,katonsetyawan,"['dadak', 'informasi']"
DQG3-iaE_Lz,2025-10-22 17:19:21 WIB,fredlina,"['wilayah', 'kebraon', 'air', 'alir', 'kompensasi', 'truk', 'bangun', 'langsung', 'kirim']"
DQG3-iaE_Lz,2025-10-22 17:20:23 WIB,fredlina,"['mohon', 'perhati', 'kerja', 'pdam', 'khusus', 'wilayah', 'kebraon', 'alir']"
DQG3-iaE_Lz,2025-10-22 17:27:55 WIB,itasari.inge,"['daerah', 'karah', 'malam', 'hidup', 'air', 'pegal', 'timba', 'hidup', 'cek']"
DQG3-iaE_Lz,2025-10-22 18:17:55 WIB,rifaldokaka,"['daerah', 'pakal', 'beji', 'pdam', 'air', 'padam', 'dampak', 'luas']"
DQG3-iaE_Lz,2025-10-22 18:20:00 WIB,meida_r_imani,"['pakal', 'beji', 'air', 'mati']"
DQG3-iaE_Lz,2025-10-22 18:41:44 WIB,dahayubymega,"['butuh', 'air', 'karah', 'mati']"
DQG3-iaE_Lz,2025-10-22 18:42:01 WIB,dahayubymega,"['air', 'karah', 'nyala']"
DQG3-iaE_Lz,2025-10-23 00:13:03 WIB,riri_kurokocchi,"['kemlaten', 'mati', 'air', 'mati', 'mati']"
DQG3-iaE_Lz,2025-10-23 04:06:28 WIB,erlina_han,"['kerja', 'estimasi', 'subuh', 'air', 'mati', 'daerah', 'kemlaten']"
DQG3-iaE_Lz,2025-10-23 05:25:54 WIB,dahayubymega,"['karah', 'mati', 'pagi', 'repot']"
DQG3-iaE_Lz,2025-10-23 06:36:32 WIB,nabilauww_,"['karah', 'air', 'mati']"
DQG3-iaE_Lz,2025-10-23 07:35:08 WIB,silvia.ari96,"['benowo', 'air', 'mati']"
DQG3-iaE_Lz,2025-10-23 08:43:02 WIB,dimanasajakerja,"['jambang', 'selatan', 'pdam', 'alir']"
DPDtycQk5S2,2025-10-21 22:57:15 WIB,ikanpaus_777,"['mati', 'air', 'bulan', 'mati', 'air']"
DPAyWZQEwmO,2025-10-02 04:44:41 WIB,qryaina,"['tau', 'kerja', 'baik', 'efektif', 'efisien', 'pemberitahuan', 'air', 'butuh', 'henti', 'ganggu', 'aktivitas']"
DOsdDy9k-UR,2025-10-01 07:39:59 WIB,pipit_widi,"['minggu', 'aroma', 'air', 'pdam', 'spt', 'amis', 'benar', 'bau', 'cegat']"
DOsdDy9k-UR,2025-10-01 08:16:21 WIB,herbrandedsale,"['tambak', 'medok', 'ayu', 'air', 'butek', 'parah']"
DOsdDy9k-UR,2025-10-08 06:13:46 WIB,dimanasajakerja,"['alir', 'air', 'daerah', 'jambang', 'selatan', 'kecil', 'pagi', 'alir', 'dapur', 'progres']"
DKJE6y4vqri,2025-10-08 14:49:54 WIB,andifirmans,"['ganggu', 'listrik', 'lapor']"
DGC6AaMvfdh,2025-10-01 21:30:26 WIB,putri.wilujeng,"['lewat', 'cetak', 'struk', 'bayar', 'cetak', 'struk', 'masuk', 'menu', 'menu', 'riwayat', 'transaksi']"
DD09ZduPnnr,2025-10-26 16:41:25 WIB,cak_mat3002,"['minggu', 'tanggal', 'oktober', 'air', 'pdam', 'alir', 'wilayah', 'lurah', 'manyar', 'sabrangan', 'camat', 'mulyorejo']"
C8jD4uDP9Bt,2025-10-05 16:44:33 WIB,oke____________m,"['mat', 'malam']"
C8jD4uDP9Bt,2025-10-05 16:45:29 WIB,oke____________m,"['malam', 'jalan', 'jalur', 'pipa', 'bocor']"
C8jD4uDP9Bt,2025-10-16 01:37:13 WIB,mamaerisma30,"['pdam', 'bikin', 'hidup', 'susah masak', 'begadang', 'lancar', 'air', 'lancar', 'pdam', 'bikin', 'orang', 'hidup', 'orang', 'susah']"
C8jD4uDP9Bt,2025-10-23 06:20:37 WIB,babyjotuhumena,"['pdam', 'hebat', 'kl', 'lambat', 'bayar', 'cepat', 'putus', 'alir', 'air', 'langgan', 'bikin', 'langgan', 'bingung', 'dg', 'air', 'alir', 'pemberitahuan', 'nomor', 'warga', 'taman', 'telaga', 'bodas', 'karangrejo', 'gajahmungkur', 'semarang']"
C8jD4uDP9Bt,2025-10-25 14:55:57 WIB,melongrus,"['wilayah', 'lendang', 'besok', 'kemaren', 'nyala', 'mati']"
C8jD4uDP9Bt,2025-10-30 14:25:29 WIB,moh.asyari3112,"['wilayah', 'lampung', 'adu']"
C8jD4uDP9Bt,2025-10-31 11:07:28 WIB,mainhati2022,"['pdam', 'prigen', 'pasuruan', 'jatim', 'benah', 'air']"
